2026-02-17 23:01:21 [background-preinit] INFO  o.h.validator.internal.util.Version - HV000001: Hibernate Validator 8.0.2.Final
2026-02-17 23:01:21 [main] INFO  c.m.a.AdminCatalogueServiceApplication - Starting AdminCatalogueServiceApplication using Java 21.0.6 with PID 22168 (C:\Users\2460680\Downloads\Medicart full stack\Medicart full stack\microservices\admin-catalogue-service\target\classes started by 2460680 in C:\Users\2460680\Downloads\Medicart full stack\Medicart full stack)
2026-02-17 23:01:21 [main] DEBUG c.m.a.AdminCatalogueServiceApplication - Running with Spring Boot v3.4.2, Spring v6.2.2
2026-02-17 23:01:21 [main] INFO  c.m.a.AdminCatalogueServiceApplication - The following 1 profile is active: "dev"
2026-02-17 23:01:24 [main] INFO  o.s.d.r.c.RepositoryConfigurationDelegate - Bootstrapping Spring Data JPA repositories in DEFAULT mode.
2026-02-17 23:01:24 [main] INFO  o.s.d.r.c.RepositoryConfigurationDelegate - Finished Spring Data repository scanning in 423 ms. Found 2 JPA repository interfaces.
2026-02-17 23:01:25 [main] INFO  o.s.cloud.context.scope.GenericScope - BeanFactory id=65be4b18-2837-3db6-97ba-fe1d06199f13
2026-02-17 23:01:26 [main] INFO  o.s.b.w.e.tomcat.TomcatWebServer - Tomcat initialized with port 8082 (http)
2026-02-17 23:01:26 [main] INFO  o.a.coyote.http11.Http11NioProtocol - Initializing ProtocolHandler ["http-nio-8082"]
2026-02-17 23:01:26 [main] INFO  o.a.catalina.core.StandardService - Starting service [Tomcat]
2026-02-17 23:01:26 [main] INFO  o.a.catalina.core.StandardEngine - Starting Servlet engine: [Apache Tomcat/10.1.34]
2026-02-17 23:01:26 [main] INFO  o.a.c.c.C.[Tomcat].[localhost].[/] - Initializing Spring embedded WebApplicationContext
2026-02-17 23:01:26 [main] INFO  o.s.b.w.s.c.ServletWebServerApplicationContext - Root WebApplicationContext: initialization completed in 5018 ms
2026-02-17 23:01:26 [main] DEBUG c.m.a.config.JwtAuthenticationFilter - Filter 'jwtAuthenticationFilter' configured for use
2026-02-17 23:01:27 [main] INFO  o.h.jpa.internal.util.LogHelper - HHH000204: Processing PersistenceUnitInfo [name: default]
2026-02-17 23:01:27 [main] INFO  org.hibernate.Version - HHH000412: Hibernate ORM core version 6.6.5.Final
2026-02-17 23:01:27 [main] INFO  o.h.c.i.RegionFactoryInitiator - HHH000026: Second-level cache disabled
2026-02-17 23:01:28 [main] INFO  o.s.o.j.p.SpringPersistenceUnitInfo - No LoadTimeWeaver setup: ignoring JPA class transformer
2026-02-17 23:01:28 [main] INFO  com.zaxxer.hikari.HikariDataSource - HikariPool-1 - Starting...
2026-02-17 23:01:28 [main] INFO  com.zaxxer.hikari.pool.HikariPool - HikariPool-1 - Added connection com.mysql.cj.jdbc.ConnectionImpl@58068b40
2026-02-17 23:01:28 [main] INFO  com.zaxxer.hikari.HikariDataSource - HikariPool-1 - Start completed.
2026-02-17 23:01:29 [main] WARN  org.hibernate.orm.deprecation - HHH90000025: MySQL8Dialect does not need to be specified explicitly using 'hibernate.dialect' (remove the property setting and it will be selected by default)
2026-02-17 23:01:29 [main] WARN  org.hibernate.orm.deprecation - HHH90000026: MySQL8Dialect has been deprecated; use org.hibernate.dialect.MySQLDialect instead
2026-02-17 23:01:29 [main] INFO  o.hibernate.orm.connections.pooling - HHH10001005: Database info:
	Database JDBC URL [Connecting through datasource 'HikariDataSource (HikariPool-1)']
	Database driver: undefined/unknown
	Database version: 8.0
	Autocommit mode: undefined/unknown
	Isolation level: undefined/unknown
	Minimum pool size: undefined/unknown
	Maximum pool size: undefined/unknown
2026-02-17 23:01:31 [main] INFO  o.h.e.t.j.p.i.JtaPlatformInitiator - HHH000489: No JTA platform available (set 'hibernate.transaction.jta.platform' to enable JTA platform integration)
2026-02-17 23:01:31 [main] INFO  o.s.o.j.LocalContainerEntityManagerFactoryBean - Initialized JPA EntityManagerFactory for persistence unit 'default'
2026-02-17 23:01:32 [main] INFO  o.s.d.j.r.query.QueryEnhancerFactory - Hibernate is in classpath; If applicable, HQL parser will be used.
2026-02-17 23:01:34 [main] WARN  o.s.b.a.o.j.JpaBaseConfiguration$JpaWebConfiguration - spring.jpa.open-in-view is enabled by default. Therefore, database queries may be performed during view rendering. Explicitly configure spring.jpa.open-in-view to disable this warning
2026-02-17 23:01:34 [main] WARN  o.s.b.a.s.s.UserDetailsServiceAutoConfiguration - 

Using generated security password: aed08dd3-596e-468c-b430-79b476678816

This generated password is for development use only. Your security configuration must be updated before running your application in production.

2026-02-17 23:01:34 [main] INFO  o.s.s.c.a.a.c.InitializeUserDetailsBeanManagerConfigurer$InitializeUserDetailsManagerConfigurer - Global AuthenticationManager configured with UserDetailsService bean with name inMemoryUserDetailsManager
2026-02-17 23:01:34 [main] DEBUG o.s.w.s.m.m.a.RequestMappingHandlerMapping - 23 mappings in 'requestMappingHandlerMapping'
2026-02-17 23:01:34 [main] DEBUG o.s.w.s.h.SimpleUrlHandlerMapping - Patterns [/webjars/**, /**, /swagger-ui*/*swagger-initializer.js, /swagger-ui*/**] in 'resourceHandlerMapping'
2026-02-17 23:01:35 [main] DEBUG o.s.w.s.m.m.a.RequestMappingHandlerAdapter - ControllerAdvice beans: 0 @ModelAttribute, 0 @InitBinder, 1 RequestBodyAdvice, 1 ResponseBodyAdvice
2026-02-17 23:01:35 [main] DEBUG o.s.w.s.m.m.a.ExceptionHandlerExceptionResolver - ControllerAdvice beans: 1 @ExceptionHandler, 1 ResponseBodyAdvice
2026-02-17 23:01:35 [main] INFO  o.s.c.n.e.c.DiscoveryClientOptionalArgsConfiguration - Eureka HTTP Client uses RestTemplate.
2026-02-17 23:01:35 [main] WARN  o.s.c.l.c.LoadBalancerCacheAutoConfiguration$LoadBalancerCaffeineWarnLogger - Spring Cloud LoadBalancer is currently working with the default cache. While this cache implementation is useful for development and tests, it's recommended to use Caffeine cache in production.You can switch to using Caffeine cache, by adding it and org.springframework.cache.caffeine.CaffeineCacheManager to the classpath.
2026-02-17 23:01:35 [main] INFO  o.s.c.n.eureka.InstanceInfoFactory - Setting initial instance status as: STARTING
2026-02-17 23:01:36 [main] INFO  c.netflix.discovery.DiscoveryClient - Initializing Eureka in region us-east-1
2026-02-17 23:01:36 [main] INFO  c.n.d.s.r.aws.ConfigClusterResolver - Resolving eureka endpoints via configuration
2026-02-17 23:01:36 [main] INFO  c.netflix.discovery.DiscoveryClient - Disable delta property : false
2026-02-17 23:01:36 [main] INFO  c.netflix.discovery.DiscoveryClient - Single vip registry refresh property : null
2026-02-17 23:01:36 [main] INFO  c.netflix.discovery.DiscoveryClient - Force full registry fetch : false
2026-02-17 23:01:36 [main] INFO  c.netflix.discovery.DiscoveryClient - Application is null : false
2026-02-17 23:01:36 [main] INFO  c.netflix.discovery.DiscoveryClient - Registered Applications size is zero : true
2026-02-17 23:01:36 [main] INFO  c.netflix.discovery.DiscoveryClient - Application version is -1: true
2026-02-17 23:01:36 [main] INFO  c.netflix.discovery.DiscoveryClient - Getting all instance registry info from the eureka server
2026-02-17 23:01:36 [main] DEBUG o.s.web.client.RestTemplate - HTTP GET http://localhost:8761/eureka/apps/
2026-02-17 23:01:36 [main] DEBUG o.s.web.client.RestTemplate - Accept=[application/json, application/yaml, application/*+json]
2026-02-17 23:01:36 [main] DEBUG o.s.web.client.RestTemplate - Response 200 OK
2026-02-17 23:01:36 [main] DEBUG o.s.web.client.RestTemplate - Reading to [org.springframework.cloud.netflix.eureka.http.EurekaApplications]
2026-02-17 23:01:36 [main] INFO  c.netflix.discovery.DiscoveryClient - The response status is 200
2026-02-17 23:01:36 [main] INFO  c.netflix.discovery.DiscoveryClient - Starting heartbeat executor: renew interval is: 30
2026-02-17 23:01:36 [main] INFO  c.n.discovery.InstanceInfoReplicator - InstanceInfoReplicator onDemand update allowed rate per min is 4
2026-02-17 23:01:36 [main] INFO  c.netflix.discovery.DiscoveryClient - Discovery Client initialized at timestamp 1771349496874 with initial instances count: 4
2026-02-17 23:01:36 [main] INFO  o.s.c.n.e.s.EurekaServiceRegistry - Registering application ADMIN-CATALOGUE-SERVICE with eureka with status UP
2026-02-17 23:01:36 [main] INFO  c.netflix.discovery.DiscoveryClient - Saw local status change event StatusChangeEvent [timestamp=1771349496885, current=UP, previous=STARTING]
2026-02-17 23:01:36 [main] INFO  o.a.coyote.http11.Http11NioProtocol - Starting ProtocolHandler ["http-nio-8082"]
2026-02-17 23:01:36 [DiscoveryClient-InstanceInfoReplicator-%d] INFO  c.netflix.discovery.DiscoveryClient - DiscoveryClient_ADMIN-CATALOGUE-SERVICE/LTIN656883.cts.com:admin-catalogue-service:8082: registering service...
2026-02-17 23:01:36 [DiscoveryClient-InstanceInfoReplicator-%d] DEBUG o.s.web.client.RestTemplate - HTTP POST http://localhost:8761/eureka/apps/ADMIN-CATALOGUE-SERVICE
2026-02-17 23:01:36 [DiscoveryClient-InstanceInfoReplicator-%d] DEBUG o.s.web.client.RestTemplate - Accept=[application/json, application/yaml, application/*+json]
2026-02-17 23:01:36 [DiscoveryClient-InstanceInfoReplicator-%d] DEBUG o.s.web.client.RestTemplate - Writing [InstanceInfo [instanceId = LTIN656883.cts.com:admin-catalogue-service:8082, appName = ADMIN-CATALOGUE-SERVICE, hostName = localhost, status = UP, ipAddr = 192.168.1.107, port = 8082, securePort = 443, dataCenterInfo = com.netflix.appinfo.MyDataCenterInfo@42ec6e3] as "application/json"
2026-02-17 23:01:36 [main] INFO  o.s.b.w.e.tomcat.TomcatWebServer - Tomcat started on port 8082 (http) with context path '/'
2026-02-17 23:01:36 [main] INFO  o.s.c.n.e.s.EurekaAutoServiceRegistration - Updating port to 8082
2026-02-17 23:01:37 [main] INFO  c.m.a.AdminCatalogueServiceApplication - Started AdminCatalogueServiceApplication in 17.158 seconds (process running for 19.174)
2026-02-17 23:01:37 [DiscoveryClient-InstanceInfoReplicator-%d] DEBUG o.s.web.client.RestTemplate - Response 204 NO_CONTENT
2026-02-17 23:01:37 [DiscoveryClient-InstanceInfoReplicator-%d] INFO  c.netflix.discovery.DiscoveryClient - DiscoveryClient_ADMIN-CATALOGUE-SERVICE/LTIN656883.cts.com:admin-catalogue-service:8082 - registration status: 204
2026-02-17 23:02:06 [DiscoveryClient-CacheRefreshExecutor-%d] DEBUG o.s.web.client.RestTemplate - HTTP GET http://localhost:8761/eureka/apps/delta
2026-02-17 23:02:06 [DiscoveryClient-HeartbeatExecutor-%d] DEBUG o.s.web.client.RestTemplate - HTTP PUT http://localhost:8761/eureka/apps/ADMIN-CATALOGUE-SERVICE/LTIN656883.cts.com:admin-catalogue-service:8082?status=UP&lastDirtyTimestamp=1771349496883
2026-02-17 23:02:06 [DiscoveryClient-CacheRefreshExecutor-%d] DEBUG o.s.web.client.RestTemplate - Accept=[application/json, application/yaml, application/*+json]
2026-02-17 23:02:06 [DiscoveryClient-HeartbeatExecutor-%d] DEBUG o.s.web.client.RestTemplate - Accept=[application/json, application/yaml, application/*+json]
2026-02-17 23:02:06 [DiscoveryClient-CacheRefreshExecutor-%d] DEBUG o.s.web.client.RestTemplate - Response 200 OK
2026-02-17 23:02:06 [DiscoveryClient-CacheRefreshExecutor-%d] DEBUG o.s.web.client.RestTemplate - Reading to [org.springframework.cloud.netflix.eureka.http.EurekaApplications]
2026-02-17 23:02:06 [DiscoveryClient-HeartbeatExecutor-%d] DEBUG o.s.web.client.RestTemplate - Response 200 OK
2026-02-17 23:02:12 [http-nio-8082-exec-1] INFO  o.a.c.c.C.[Tomcat].[localhost].[/] - Initializing Spring DispatcherServlet 'dispatcherServlet'
2026-02-17 23:02:12 [http-nio-8082-exec-1] INFO  o.s.web.servlet.DispatcherServlet - Initializing Servlet 'dispatcherServlet'
2026-02-17 23:02:12 [http-nio-8082-exec-1] DEBUG o.s.web.servlet.DispatcherServlet - Detected StandardServletMultipartResolver
2026-02-17 23:02:12 [http-nio-8082-exec-1] DEBUG o.s.web.servlet.DispatcherServlet - Detected AcceptHeaderLocaleResolver
2026-02-17 23:02:12 [http-nio-8082-exec-1] DEBUG o.s.web.servlet.DispatcherServlet - Detected FixedThemeResolver
2026-02-17 23:02:12 [http-nio-8082-exec-1] DEBUG o.s.web.servlet.DispatcherServlet - Detected org.springframework.web.servlet.view.DefaultRequestToViewNameTranslator@75dc1d5a
2026-02-17 23:02:12 [http-nio-8082-exec-1] DEBUG o.s.web.servlet.DispatcherServlet - Detected org.springframework.web.servlet.support.SessionFlashMapManager@1592a3d5
2026-02-17 23:02:12 [http-nio-8082-exec-1] DEBUG o.s.web.servlet.DispatcherServlet - enableLoggingRequestDetails='false': request parameters and headers will be masked to prevent unsafe logging of potentially sensitive data
2026-02-17 23:02:12 [http-nio-8082-exec-1] INFO  o.s.web.servlet.DispatcherServlet - Completed initialization in 0 ms
2026-02-17 23:02:12 [http-nio-8082-exec-1] DEBUG c.m.a.config.JwtAuthenticationFilter - ════════════════════════════════════════════════════════════════
2026-02-17 23:02:12 [http-nio-8082-exec-1] DEBUG c.m.a.config.JwtAuthenticationFilter - 📍 [JWT FILTER] START
2026-02-17 23:02:12 [http-nio-8082-exec-1] DEBUG c.m.a.config.JwtAuthenticationFilter - METHOD: GET | URI: /medicines
2026-02-17 23:02:12 [http-nio-8082-exec-1] DEBUG c.m.a.config.JwtAuthenticationFilter - Remote Address: 127.0.0.1
2026-02-17 23:02:12 [http-nio-8082-exec-1] DEBUG c.m.a.config.JwtAuthenticationFilter - ════════════════════════════════════════════════════════════════
2026-02-17 23:02:12 [http-nio-8082-exec-1] DEBUG c.m.a.config.JwtAuthenticationFilter - 🔍 [JWT FILTER] Reading Authorization header
2026-02-17 23:02:12 [http-nio-8082-exec-1] DEBUG c.m.a.config.JwtAuthenticationFilter - 📋 Header value: NULL
2026-02-17 23:02:12 [http-nio-8082-exec-1] WARN  c.m.a.config.JwtAuthenticationFilter - ⚠️  [JWT FILTER] Authorization header is NULL
2026-02-17 23:02:12 [http-nio-8082-exec-1] DEBUG c.m.a.config.JwtAuthenticationFilter - → Passing request to next filter WITHOUT authentication
2026-02-17 23:02:12 [http-nio-8082-exec-1] DEBUG o.s.web.servlet.DispatcherServlet - GET "/medicines", parameters={}
2026-02-17 23:02:12 [http-nio-8082-exec-1] DEBUG o.s.w.s.m.m.a.RequestMappingHandlerMapping - Mapped to com.medicart.admin.controller.MedicineController#getAllMedicines(int, int)
2026-02-17 23:02:12 [http-nio-8082-exec-1] INFO  c.m.admin.service.MedicineService - 📚 Fetching all medicines...
2026-02-17 23:02:13 [http-nio-8082-exec-1] INFO  c.m.admin.service.MedicineService - ✅ Returning 14 medicines
2026-02-17 23:02:13 [http-nio-8082-exec-1] DEBUG o.s.w.s.m.m.a.HttpEntityMethodProcessor - Using 'application/json', given [application/json, text/plain, */*] and supported [application/json, application/*+json, application/yaml]
2026-02-17 23:02:13 [http-nio-8082-exec-1] DEBUG o.s.w.s.m.m.a.HttpEntityMethodProcessor - Writing [[MedicineDTO(id=1, name=Paracetamol, category=Tablet, price=12.0, sku=PCM, requiresRx=true, descript (truncated)...]
2026-02-17 23:02:13 [http-nio-8082-exec-1] DEBUG o.s.web.servlet.DispatcherServlet - Completed 200 OK
2026-02-17 23:02:19 [http-nio-8082-exec-2] DEBUG c.m.a.config.JwtAuthenticationFilter - ════════════════════════════════════════════════════════════════
2026-02-17 23:02:19 [http-nio-8082-exec-2] DEBUG c.m.a.config.JwtAuthenticationFilter - 📍 [JWT FILTER] START
2026-02-17 23:02:19 [http-nio-8082-exec-2] DEBUG c.m.a.config.JwtAuthenticationFilter - METHOD: GET | URI: /medicines
2026-02-17 23:02:19 [http-nio-8082-exec-2] DEBUG c.m.a.config.JwtAuthenticationFilter - Remote Address: 127.0.0.1
2026-02-17 23:02:19 [http-nio-8082-exec-2] DEBUG c.m.a.config.JwtAuthenticationFilter - ════════════════════════════════════════════════════════════════
2026-02-17 23:02:19 [http-nio-8082-exec-2] DEBUG c.m.a.config.JwtAuthenticationFilter - 🔍 [JWT FILTER] Reading Authorization header
2026-02-17 23:02:19 [http-nio-8082-exec-2] DEBUG c.m.a.config.JwtAuthenticationFilter - 📋 Header value: Bearer eyJhbGciOiJIUzM4NCJ9.eyJzY29wZSI6IlJPTEVfVVNFUiIsImZ1bGxOYW1lIjoiU2hhaGlkIiwidXNlcklkIjozLCJlbWFpbCI6InJvaGlucmFqc2luZ2gwMDlAZ21haWwuY29tIiwic3ViIjoicm9oaW5yYWpzaW5naDAwOUBnbWFpbC5jb20iLCJpYXQiOjE3NzEzNDk1MzgsImV4cCI6MTc3MTM1MzEzOH0.WwDPAjlEx2NaJBnO-Y9S_8t7i1THkChXskpFiJA6EhbLh54O4VYBorpaF2yN9S7U
2026-02-17 23:02:19 [http-nio-8082-exec-2] DEBUG c.m.a.config.JwtAuthenticationFilter - ✂️  [JWT FILTER] Extracting token from header (substring 7)
2026-02-17 23:02:19 [http-nio-8082-exec-2] DEBUG c.m.a.config.JwtAuthenticationFilter - 📝 Token length: 297 characters
2026-02-17 23:02:19 [http-nio-8082-exec-2] DEBUG c.m.a.config.JwtAuthenticationFilter - 🔑 Token first 50 chars: eyJhbGciOiJIUzM4NCJ9.eyJzY29wZSI6IlJPTEVfVVNFUiIsI...
2026-02-17 23:02:19 [http-nio-8082-exec-2] DEBUG c.m.a.config.JwtAuthenticationFilter - 🔓 [JWT FILTER] Parsing JWT with secret key
2026-02-17 23:02:19 [http-nio-8082-exec-2] DEBUG c.m.a.config.JwtAuthenticationFilter -    Secret length: 62 characters
2026-02-17 23:02:20 [http-nio-8082-exec-2] DEBUG c.m.a.config.JwtAuthenticationFilter - ✅ [JWT FILTER] JWT SIGNATURE VERIFIED SUCCESSFULLY
2026-02-17 23:02:20 [http-nio-8082-exec-2] DEBUG c.m.a.config.JwtAuthenticationFilter - ════════════════════════════════════════════════════════════════
2026-02-17 23:02:20 [http-nio-8082-exec-2] DEBUG c.m.a.config.JwtAuthenticationFilter - ✨ [JWT FILTER] JWT CLAIMS EXTRACTED:
2026-02-17 23:02:20 [http-nio-8082-exec-2] DEBUG c.m.a.config.JwtAuthenticationFilter -    👤 sub (email):     rohinrajsingh009@gmail.com
2026-02-17 23:02:20 [http-nio-8082-exec-2] DEBUG c.m.a.config.JwtAuthenticationFilter -    🎭 scope (role):    ROLE_USER
2026-02-17 23:02:20 [http-nio-8082-exec-2] DEBUG c.m.a.config.JwtAuthenticationFilter -    🕐 iat (issued):    Tue Feb 17 23:02:18 IST 2026
2026-02-17 23:02:20 [http-nio-8082-exec-2] DEBUG c.m.a.config.JwtAuthenticationFilter -    ⏱️  exp (expiry):    Wed Feb 18 00:02:18 IST 2026
2026-02-17 23:02:20 [http-nio-8082-exec-2] DEBUG c.m.a.config.JwtAuthenticationFilter - ════════════════════════════════════════════════════════════════
2026-02-17 23:02:20 [http-nio-8082-exec-2] DEBUG c.m.a.config.JwtAuthenticationFilter - 🔐 [JWT FILTER] Creating authentication token
2026-02-17 23:02:20 [http-nio-8082-exec-2] DEBUG c.m.a.config.JwtAuthenticationFilter -    Principal (email): rohinrajsingh009@gmail.com
2026-02-17 23:02:20 [http-nio-8082-exec-2] DEBUG c.m.a.config.JwtAuthenticationFilter -    Granted authority: ROLE_USER
2026-02-17 23:02:20 [http-nio-8082-exec-2] DEBUG c.m.a.config.JwtAuthenticationFilter - 🔐 [JWT FILTER] Setting SecurityContext with authentication
2026-02-17 23:02:20 [http-nio-8082-exec-2] DEBUG c.m.a.config.JwtAuthenticationFilter -    Before: EXISTS auth=AnonymousAuthenticationToken [Principal=anonymousUser, Credentials=[PROTECTED], Authenticated=true, Details=WebAuthenticationDetails [RemoteIpAddress=127.0.0.1, SessionId=null], Granted Authorities=[ROLE_ANONYMOUS]]
2026-02-17 23:02:20 [http-nio-8082-exec-2] DEBUG c.m.a.config.JwtAuthenticationFilter -    After: auth=UsernamePasswordAuthenticationToken [Principal=rohinrajsingh009@gmail.com, Credentials=[PROTECTED], Authenticated=true, Details=null, Granted Authorities=[ROLE_USER]]
2026-02-17 23:02:20 [http-nio-8082-exec-2] DEBUG c.m.a.config.JwtAuthenticationFilter - ✅ [JWT FILTER] SecurityContext POPULATED
2026-02-17 23:02:20 [http-nio-8082-exec-2] DEBUG c.m.a.config.JwtAuthenticationFilter - ════════════════════════════════════════════════════════════════
2026-02-17 23:02:20 [http-nio-8082-exec-2] DEBUG c.m.a.config.JwtAuthenticationFilter - → [JWT FILTER] Passing request to next filter in chain
2026-02-17 23:02:20 [http-nio-8082-exec-2] DEBUG c.m.a.config.JwtAuthenticationFilter - ════════════════════════════════════════════════════════════════
2026-02-17 23:02:20 [http-nio-8082-exec-2] DEBUG o.s.web.servlet.DispatcherServlet - GET "/medicines", parameters={}
2026-02-17 23:02:20 [http-nio-8082-exec-2] DEBUG o.s.w.s.m.m.a.RequestMappingHandlerMapping - Mapped to com.medicart.admin.controller.MedicineController#getAllMedicines(int, int)
2026-02-17 23:02:20 [http-nio-8082-exec-2] INFO  c.m.admin.service.MedicineService - 📚 Fetching all medicines...
2026-02-17 23:02:20 [http-nio-8082-exec-2] INFO  c.m.admin.service.MedicineService - ✅ Returning 14 medicines
2026-02-17 23:02:20 [http-nio-8082-exec-2] DEBUG o.s.w.s.m.m.a.HttpEntityMethodProcessor - Using 'application/json', given [application/json, text/plain, */*] and supported [application/json, application/*+json, application/yaml]
2026-02-17 23:02:20 [http-nio-8082-exec-2] DEBUG o.s.w.s.m.m.a.HttpEntityMethodProcessor - Writing [[MedicineDTO(id=1, name=Paracetamol, category=Tablet, price=12.0, sku=PCM, requiresRx=true, descript (truncated)...]
2026-02-17 23:02:20 [http-nio-8082-exec-2] DEBUG o.s.web.servlet.DispatcherServlet - Completed 200 OK
2026-02-17 23:02:36 [DiscoveryClient-CacheRefreshExecutor-%d] DEBUG o.s.web.client.RestTemplate - HTTP GET http://localhost:8761/eureka/apps/delta
2026-02-17 23:02:36 [DiscoveryClient-HeartbeatExecutor-%d] DEBUG o.s.web.client.RestTemplate - HTTP PUT http://localhost:8761/eureka/apps/ADMIN-CATALOGUE-SERVICE/LTIN656883.cts.com:admin-catalogue-service:8082?status=UP&lastDirtyTimestamp=1771349496883
2026-02-17 23:02:36 [DiscoveryClient-HeartbeatExecutor-%d] DEBUG o.s.web.client.RestTemplate - Accept=[application/json, application/yaml, application/*+json]
2026-02-17 23:02:36 [DiscoveryClient-CacheRefreshExecutor-%d] DEBUG o.s.web.client.RestTemplate - Accept=[application/json, application/yaml, application/*+json]
2026-02-17 23:02:36 [DiscoveryClient-HeartbeatExecutor-%d] DEBUG o.s.web.client.RestTemplate - Response 200 OK
2026-02-17 23:02:36 [DiscoveryClient-CacheRefreshExecutor-%d] DEBUG o.s.web.client.RestTemplate - Response 200 OK
2026-02-17 23:02:36 [DiscoveryClient-CacheRefreshExecutor-%d] DEBUG o.s.web.client.RestTemplate - Reading to [org.springframework.cloud.netflix.eureka.http.EurekaApplications]
2026-02-17 23:02:40 [http-nio-8082-exec-3] DEBUG c.m.a.config.JwtAuthenticationFilter - ════════════════════════════════════════════════════════════════
2026-02-17 23:02:40 [http-nio-8082-exec-3] DEBUG c.m.a.config.JwtAuthenticationFilter - 📍 [JWT FILTER] START
2026-02-17 23:02:40 [http-nio-8082-exec-3] DEBUG c.m.a.config.JwtAuthenticationFilter - METHOD: GET | URI: /medicines/104
2026-02-17 23:02:40 [http-nio-8082-exec-3] DEBUG c.m.a.config.JwtAuthenticationFilter - Remote Address: 127.0.0.1
2026-02-17 23:02:40 [http-nio-8082-exec-3] DEBUG c.m.a.config.JwtAuthenticationFilter - ════════════════════════════════════════════════════════════════
2026-02-17 23:02:40 [http-nio-8082-exec-3] DEBUG c.m.a.config.JwtAuthenticationFilter - 🔍 [JWT FILTER] Reading Authorization header
2026-02-17 23:02:40 [http-nio-8082-exec-3] DEBUG c.m.a.config.JwtAuthenticationFilter - 📋 Header value: NULL
2026-02-17 23:02:40 [http-nio-8082-exec-3] WARN  c.m.a.config.JwtAuthenticationFilter - ⚠️  [JWT FILTER] Authorization header is NULL
2026-02-17 23:02:40 [http-nio-8082-exec-3] DEBUG c.m.a.config.JwtAuthenticationFilter - → Passing request to next filter WITHOUT authentication
2026-02-17 23:02:40 [http-nio-8082-exec-3] DEBUG o.s.web.servlet.DispatcherServlet - GET "/medicines/104", parameters={}
2026-02-17 23:02:40 [http-nio-8082-exec-3] DEBUG o.s.w.s.m.m.a.RequestMappingHandlerMapping - Mapped to com.medicart.admin.controller.MedicineController#getMedicineById(Long)
2026-02-17 23:02:40 [http-nio-8082-exec-3] INFO  c.m.admin.service.MedicineService - 🔍 Fetching medicine with id: 104
2026-02-17 23:02:40 [http-nio-8082-exec-3] DEBUG o.s.w.s.m.m.a.HttpEntityMethodProcessor - Using 'application/json', given [*/*] and supported [application/json, application/*+json, application/yaml]
2026-02-17 23:02:40 [http-nio-8082-exec-3] DEBUG o.s.w.s.m.m.a.HttpEntityMethodProcessor - Writing [MedicineDTO(id=104, name=Omeprazole 20mg, category=Gastro, price=8.75, sku=MED104, requiresRx=false, (truncated)...]
2026-02-17 23:02:40 [http-nio-8082-exec-3] DEBUG o.s.web.servlet.DispatcherServlet - Completed 200 OK
2026-02-17 23:02:40 [http-nio-8082-exec-4] DEBUG c.m.a.config.JwtAuthenticationFilter - ════════════════════════════════════════════════════════════════
2026-02-17 23:02:40 [http-nio-8082-exec-4] DEBUG c.m.a.config.JwtAuthenticationFilter - 📍 [JWT FILTER] START
2026-02-17 23:02:40 [http-nio-8082-exec-4] DEBUG c.m.a.config.JwtAuthenticationFilter - METHOD: GET | URI: /medicines/104
2026-02-17 23:02:40 [http-nio-8082-exec-4] DEBUG c.m.a.config.JwtAuthenticationFilter - Remote Address: 127.0.0.1
2026-02-17 23:02:40 [http-nio-8082-exec-4] DEBUG c.m.a.config.JwtAuthenticationFilter - ════════════════════════════════════════════════════════════════
2026-02-17 23:02:40 [http-nio-8082-exec-4] DEBUG c.m.a.config.JwtAuthenticationFilter - 🔍 [JWT FILTER] Reading Authorization header
2026-02-17 23:02:40 [http-nio-8082-exec-4] DEBUG c.m.a.config.JwtAuthenticationFilter - 📋 Header value: NULL
2026-02-17 23:02:40 [http-nio-8082-exec-4] WARN  c.m.a.config.JwtAuthenticationFilter - ⚠️  [JWT FILTER] Authorization header is NULL
2026-02-17 23:02:40 [http-nio-8082-exec-4] DEBUG c.m.a.config.JwtAuthenticationFilter - → Passing request to next filter WITHOUT authentication
2026-02-17 23:02:40 [http-nio-8082-exec-4] DEBUG o.s.web.servlet.DispatcherServlet - GET "/medicines/104", parameters={}
2026-02-17 23:02:40 [http-nio-8082-exec-4] DEBUG o.s.w.s.m.m.a.RequestMappingHandlerMapping - Mapped to com.medicart.admin.controller.MedicineController#getMedicineById(Long)
2026-02-17 23:02:40 [http-nio-8082-exec-4] INFO  c.m.admin.service.MedicineService - 🔍 Fetching medicine with id: 104
2026-02-17 23:02:40 [http-nio-8082-exec-4] DEBUG o.s.w.s.m.m.a.HttpEntityMethodProcessor - Using 'application/json', given [*/*] and supported [application/json, application/*+json, application/yaml]
2026-02-17 23:02:40 [http-nio-8082-exec-4] DEBUG o.s.w.s.m.m.a.HttpEntityMethodProcessor - Writing [MedicineDTO(id=104, name=Omeprazole 20mg, category=Gastro, price=8.75, sku=MED104, requiresRx=false, (truncated)...]
2026-02-17 23:02:40 [http-nio-8082-exec-4] DEBUG o.s.web.servlet.DispatcherServlet - Completed 200 OK
2026-02-17 23:02:42 [http-nio-8082-exec-7] DEBUG c.m.a.config.JwtAuthenticationFilter - ════════════════════════════════════════════════════════════════
2026-02-17 23:02:42 [http-nio-8082-exec-7] DEBUG c.m.a.config.JwtAuthenticationFilter - 📍 [JWT FILTER] START
2026-02-17 23:02:42 [http-nio-8082-exec-7] DEBUG c.m.a.config.JwtAuthenticationFilter - METHOD: GET | URI: /medicines/104
2026-02-17 23:02:42 [http-nio-8082-exec-7] DEBUG c.m.a.config.JwtAuthenticationFilter - Remote Address: 127.0.0.1
2026-02-17 23:02:42 [http-nio-8082-exec-7] DEBUG c.m.a.config.JwtAuthenticationFilter - ════════════════════════════════════════════════════════════════
2026-02-17 23:02:42 [http-nio-8082-exec-7] DEBUG c.m.a.config.JwtAuthenticationFilter - 🔍 [JWT FILTER] Reading Authorization header
2026-02-17 23:02:42 [http-nio-8082-exec-7] DEBUG c.m.a.config.JwtAuthenticationFilter - 📋 Header value: NULL
2026-02-17 23:02:42 [http-nio-8082-exec-7] WARN  c.m.a.config.JwtAuthenticationFilter - ⚠️  [JWT FILTER] Authorization header is NULL
2026-02-17 23:02:42 [http-nio-8082-exec-7] DEBUG c.m.a.config.JwtAuthenticationFilter - → Passing request to next filter WITHOUT authentication
2026-02-17 23:02:42 [http-nio-8082-exec-7] DEBUG o.s.web.servlet.DispatcherServlet - GET "/medicines/104", parameters={}
2026-02-17 23:02:42 [http-nio-8082-exec-7] DEBUG o.s.w.s.m.m.a.RequestMappingHandlerMapping - Mapped to com.medicart.admin.controller.MedicineController#getMedicineById(Long)
2026-02-17 23:02:42 [http-nio-8082-exec-7] INFO  c.m.admin.service.MedicineService - 🔍 Fetching medicine with id: 104
2026-02-17 23:02:42 [http-nio-8082-exec-7] DEBUG o.s.w.s.m.m.a.HttpEntityMethodProcessor - Using 'application/json', given [*/*] and supported [application/json, application/*+json, application/yaml]
2026-02-17 23:02:42 [http-nio-8082-exec-7] DEBUG o.s.w.s.m.m.a.HttpEntityMethodProcessor - Writing [MedicineDTO(id=104, name=Omeprazole 20mg, category=Gastro, price=8.75, sku=MED104, requiresRx=false, (truncated)...]
2026-02-17 23:02:42 [http-nio-8082-exec-7] DEBUG o.s.web.servlet.DispatcherServlet - Completed 200 OK
2026-02-17 23:02:42 [http-nio-8082-exec-8] DEBUG c.m.a.config.JwtAuthenticationFilter - ════════════════════════════════════════════════════════════════
2026-02-17 23:02:42 [http-nio-8082-exec-8] DEBUG c.m.a.config.JwtAuthenticationFilter - 📍 [JWT FILTER] START
2026-02-17 23:02:42 [http-nio-8082-exec-8] DEBUG c.m.a.config.JwtAuthenticationFilter - METHOD: GET | URI: /medicines/104
2026-02-17 23:02:42 [http-nio-8082-exec-8] DEBUG c.m.a.config.JwtAuthenticationFilter - Remote Address: 127.0.0.1
2026-02-17 23:02:42 [http-nio-8082-exec-8] DEBUG c.m.a.config.JwtAuthenticationFilter - ════════════════════════════════════════════════════════════════
2026-02-17 23:02:42 [http-nio-8082-exec-8] DEBUG c.m.a.config.JwtAuthenticationFilter - 🔍 [JWT FILTER] Reading Authorization header
2026-02-17 23:02:42 [http-nio-8082-exec-8] DEBUG c.m.a.config.JwtAuthenticationFilter - 📋 Header value: NULL
2026-02-17 23:02:42 [http-nio-8082-exec-8] WARN  c.m.a.config.JwtAuthenticationFilter - ⚠️  [JWT FILTER] Authorization header is NULL
2026-02-17 23:02:42 [http-nio-8082-exec-8] DEBUG c.m.a.config.JwtAuthenticationFilter - → Passing request to next filter WITHOUT authentication
2026-02-17 23:02:42 [http-nio-8082-exec-8] DEBUG o.s.web.servlet.DispatcherServlet - GET "/medicines/104", parameters={}
2026-02-17 23:02:42 [http-nio-8082-exec-8] DEBUG o.s.w.s.m.m.a.RequestMappingHandlerMapping - Mapped to com.medicart.admin.controller.MedicineController#getMedicineById(Long)
2026-02-17 23:02:42 [http-nio-8082-exec-8] INFO  c.m.admin.service.MedicineService - 🔍 Fetching medicine with id: 104
2026-02-17 23:02:42 [http-nio-8082-exec-8] DEBUG o.s.w.s.m.m.a.HttpEntityMethodProcessor - Using 'application/json', given [*/*] and supported [application/json, application/*+json, application/yaml]
2026-02-17 23:02:42 [http-nio-8082-exec-8] DEBUG o.s.w.s.m.m.a.HttpEntityMethodProcessor - Writing [MedicineDTO(id=104, name=Omeprazole 20mg, category=Gastro, price=8.75, sku=MED104, requiresRx=false, (truncated)...]
2026-02-17 23:02:42 [http-nio-8082-exec-8] DEBUG o.s.web.servlet.DispatcherServlet - Completed 200 OK
2026-02-17 23:02:42 [http-nio-8082-exec-10] DEBUG c.m.a.config.JwtAuthenticationFilter - ════════════════════════════════════════════════════════════════
2026-02-17 23:02:42 [http-nio-8082-exec-10] DEBUG c.m.a.config.JwtAuthenticationFilter - 📍 [JWT FILTER] START
2026-02-17 23:02:42 [http-nio-8082-exec-10] DEBUG c.m.a.config.JwtAuthenticationFilter - METHOD: GET | URI: /medicines/104
2026-02-17 23:02:42 [http-nio-8082-exec-10] DEBUG c.m.a.config.JwtAuthenticationFilter - Remote Address: 127.0.0.1
2026-02-17 23:02:42 [http-nio-8082-exec-10] DEBUG c.m.a.config.JwtAuthenticationFilter - ════════════════════════════════════════════════════════════════
2026-02-17 23:02:42 [http-nio-8082-exec-10] DEBUG c.m.a.config.JwtAuthenticationFilter - 🔍 [JWT FILTER] Reading Authorization header
2026-02-17 23:02:42 [http-nio-8082-exec-10] DEBUG c.m.a.config.JwtAuthenticationFilter - 📋 Header value: NULL
2026-02-17 23:02:42 [http-nio-8082-exec-10] WARN  c.m.a.config.JwtAuthenticationFilter - ⚠️  [JWT FILTER] Authorization header is NULL
2026-02-17 23:02:42 [http-nio-8082-exec-10] DEBUG c.m.a.config.JwtAuthenticationFilter - → Passing request to next filter WITHOUT authentication
2026-02-17 23:02:42 [http-nio-8082-exec-10] DEBUG o.s.web.servlet.DispatcherServlet - GET "/medicines/104", parameters={}
2026-02-17 23:02:42 [http-nio-8082-exec-10] DEBUG o.s.w.s.m.m.a.RequestMappingHandlerMapping - Mapped to com.medicart.admin.controller.MedicineController#getMedicineById(Long)
2026-02-17 23:02:42 [http-nio-8082-exec-10] INFO  c.m.admin.service.MedicineService - 🔍 Fetching medicine with id: 104
2026-02-17 23:02:42 [http-nio-8082-exec-10] DEBUG o.s.w.s.m.m.a.HttpEntityMethodProcessor - Using 'application/json', given [*/*] and supported [application/json, application/*+json, application/yaml]
2026-02-17 23:02:42 [http-nio-8082-exec-10] DEBUG o.s.w.s.m.m.a.HttpEntityMethodProcessor - Writing [MedicineDTO(id=104, name=Omeprazole 20mg, category=Gastro, price=8.75, sku=MED104, requiresRx=false, (truncated)...]
2026-02-17 23:02:42 [http-nio-8082-exec-10] DEBUG o.s.web.servlet.DispatcherServlet - Completed 200 OK
2026-02-17 23:02:42 [http-nio-8082-exec-9] DEBUG c.m.a.config.JwtAuthenticationFilter - ════════════════════════════════════════════════════════════════
2026-02-17 23:02:42 [http-nio-8082-exec-9] DEBUG c.m.a.config.JwtAuthenticationFilter - 📍 [JWT FILTER] START
2026-02-17 23:02:42 [http-nio-8082-exec-9] DEBUG c.m.a.config.JwtAuthenticationFilter - METHOD: GET | URI: /medicines/104
2026-02-17 23:02:42 [http-nio-8082-exec-9] DEBUG c.m.a.config.JwtAuthenticationFilter - Remote Address: 127.0.0.1
2026-02-17 23:02:42 [http-nio-8082-exec-9] DEBUG c.m.a.config.JwtAuthenticationFilter - ════════════════════════════════════════════════════════════════
2026-02-17 23:02:42 [http-nio-8082-exec-9] DEBUG c.m.a.config.JwtAuthenticationFilter - 🔍 [JWT FILTER] Reading Authorization header
2026-02-17 23:02:42 [http-nio-8082-exec-9] DEBUG c.m.a.config.JwtAuthenticationFilter - 📋 Header value: NULL
2026-02-17 23:02:42 [http-nio-8082-exec-9] WARN  c.m.a.config.JwtAuthenticationFilter - ⚠️  [JWT FILTER] Authorization header is NULL
2026-02-17 23:02:42 [http-nio-8082-exec-9] DEBUG c.m.a.config.JwtAuthenticationFilter - → Passing request to next filter WITHOUT authentication
2026-02-17 23:02:42 [http-nio-8082-exec-9] DEBUG o.s.web.servlet.DispatcherServlet - GET "/medicines/104", parameters={}
2026-02-17 23:02:42 [http-nio-8082-exec-9] DEBUG o.s.w.s.m.m.a.RequestMappingHandlerMapping - Mapped to com.medicart.admin.controller.MedicineController#getMedicineById(Long)
2026-02-17 23:02:42 [http-nio-8082-exec-9] INFO  c.m.admin.service.MedicineService - 🔍 Fetching medicine with id: 104
2026-02-17 23:02:42 [http-nio-8082-exec-9] DEBUG o.s.w.s.m.m.a.HttpEntityMethodProcessor - Using 'application/json', given [*/*] and supported [application/json, application/*+json, application/yaml]
2026-02-17 23:02:42 [http-nio-8082-exec-9] DEBUG o.s.w.s.m.m.a.HttpEntityMethodProcessor - Writing [MedicineDTO(id=104, name=Omeprazole 20mg, category=Gastro, price=8.75, sku=MED104, requiresRx=false, (truncated)...]
2026-02-17 23:02:42 [http-nio-8082-exec-9] DEBUG o.s.web.servlet.DispatcherServlet - Completed 200 OK
2026-02-17 23:02:44 [http-nio-8082-exec-6] DEBUG c.m.a.config.JwtAuthenticationFilter - ════════════════════════════════════════════════════════════════
2026-02-17 23:02:44 [http-nio-8082-exec-6] DEBUG c.m.a.config.JwtAuthenticationFilter - 📍 [JWT FILTER] START
2026-02-17 23:02:44 [http-nio-8082-exec-6] DEBUG c.m.a.config.JwtAuthenticationFilter - METHOD: GET | URI: /medicines/104
2026-02-17 23:02:44 [http-nio-8082-exec-6] DEBUG c.m.a.config.JwtAuthenticationFilter - Remote Address: 127.0.0.1
2026-02-17 23:02:44 [http-nio-8082-exec-6] DEBUG c.m.a.config.JwtAuthenticationFilter - ════════════════════════════════════════════════════════════════
2026-02-17 23:02:44 [http-nio-8082-exec-6] DEBUG c.m.a.config.JwtAuthenticationFilter - 🔍 [JWT FILTER] Reading Authorization header
2026-02-17 23:02:44 [http-nio-8082-exec-6] DEBUG c.m.a.config.JwtAuthenticationFilter - 📋 Header value: NULL
2026-02-17 23:02:44 [http-nio-8082-exec-6] WARN  c.m.a.config.JwtAuthenticationFilter - ⚠️  [JWT FILTER] Authorization header is NULL
2026-02-17 23:02:44 [http-nio-8082-exec-6] DEBUG c.m.a.config.JwtAuthenticationFilter - → Passing request to next filter WITHOUT authentication
2026-02-17 23:02:44 [http-nio-8082-exec-6] DEBUG o.s.web.servlet.DispatcherServlet - GET "/medicines/104", parameters={}
2026-02-17 23:02:44 [http-nio-8082-exec-6] DEBUG o.s.w.s.m.m.a.RequestMappingHandlerMapping - Mapped to com.medicart.admin.controller.MedicineController#getMedicineById(Long)
2026-02-17 23:02:44 [http-nio-8082-exec-6] INFO  c.m.admin.service.MedicineService - 🔍 Fetching medicine with id: 104
2026-02-17 23:02:44 [http-nio-8082-exec-6] DEBUG o.s.w.s.m.m.a.HttpEntityMethodProcessor - Using 'application/json', given [*/*] and supported [application/json, application/*+json, application/yaml]
2026-02-17 23:02:44 [http-nio-8082-exec-6] DEBUG o.s.w.s.m.m.a.HttpEntityMethodProcessor - Writing [MedicineDTO(id=104, name=Omeprazole 20mg, category=Gastro, price=8.75, sku=MED104, requiresRx=false, (truncated)...]
2026-02-17 23:02:44 [http-nio-8082-exec-6] DEBUG o.s.web.servlet.DispatcherServlet - Completed 200 OK
2026-02-17 23:02:44 [http-nio-8082-exec-5] DEBUG c.m.a.config.JwtAuthenticationFilter - ════════════════════════════════════════════════════════════════
2026-02-17 23:02:44 [http-nio-8082-exec-5] DEBUG c.m.a.config.JwtAuthenticationFilter - 📍 [JWT FILTER] START
2026-02-17 23:02:44 [http-nio-8082-exec-5] DEBUG c.m.a.config.JwtAuthenticationFilter - METHOD: GET | URI: /medicines/104
2026-02-17 23:02:44 [http-nio-8082-exec-5] DEBUG c.m.a.config.JwtAuthenticationFilter - Remote Address: 127.0.0.1
2026-02-17 23:02:44 [http-nio-8082-exec-5] DEBUG c.m.a.config.JwtAuthenticationFilter - ════════════════════════════════════════════════════════════════
2026-02-17 23:02:44 [http-nio-8082-exec-5] DEBUG c.m.a.config.JwtAuthenticationFilter - 🔍 [JWT FILTER] Reading Authorization header
2026-02-17 23:02:44 [http-nio-8082-exec-5] DEBUG c.m.a.config.JwtAuthenticationFilter - 📋 Header value: NULL
2026-02-17 23:02:44 [http-nio-8082-exec-5] WARN  c.m.a.config.JwtAuthenticationFilter - ⚠️  [JWT FILTER] Authorization header is NULL
2026-02-17 23:02:44 [http-nio-8082-exec-5] DEBUG c.m.a.config.JwtAuthenticationFilter - → Passing request to next filter WITHOUT authentication
2026-02-17 23:02:44 [http-nio-8082-exec-5] DEBUG o.s.web.servlet.DispatcherServlet - GET "/medicines/104", parameters={}
2026-02-17 23:02:44 [http-nio-8082-exec-5] DEBUG o.s.w.s.m.m.a.RequestMappingHandlerMapping - Mapped to com.medicart.admin.controller.MedicineController#getMedicineById(Long)
2026-02-17 23:02:44 [http-nio-8082-exec-5] INFO  c.m.admin.service.MedicineService - 🔍 Fetching medicine with id: 104
2026-02-17 23:02:44 [http-nio-8082-exec-5] DEBUG o.s.w.s.m.m.a.HttpEntityMethodProcessor - Using 'application/json', given [*/*] and supported [application/json, application/*+json, application/yaml]
2026-02-17 23:02:44 [http-nio-8082-exec-5] DEBUG o.s.w.s.m.m.a.HttpEntityMethodProcessor - Writing [MedicineDTO(id=104, name=Omeprazole 20mg, category=Gastro, price=8.75, sku=MED104, requiresRx=false, (truncated)...]
2026-02-17 23:02:44 [http-nio-8082-exec-5] DEBUG o.s.web.servlet.DispatcherServlet - Completed 200 OK
2026-02-17 23:02:51 [http-nio-8082-exec-1] DEBUG c.m.a.config.JwtAuthenticationFilter - ════════════════════════════════════════════════════════════════
2026-02-17 23:02:51 [http-nio-8082-exec-1] DEBUG c.m.a.config.JwtAuthenticationFilter - 📍 [JWT FILTER] START
2026-02-17 23:02:51 [http-nio-8082-exec-1] DEBUG c.m.a.config.JwtAuthenticationFilter - METHOD: GET | URI: /batches/104/available
2026-02-17 23:02:51 [http-nio-8082-exec-1] DEBUG c.m.a.config.JwtAuthenticationFilter - Remote Address: 127.0.0.1
2026-02-17 23:02:51 [http-nio-8082-exec-1] DEBUG c.m.a.config.JwtAuthenticationFilter - ════════════════════════════════════════════════════════════════
2026-02-17 23:02:51 [http-nio-8082-exec-1] DEBUG c.m.a.config.JwtAuthenticationFilter - 🔍 [JWT FILTER] Reading Authorization header
2026-02-17 23:02:51 [http-nio-8082-exec-1] DEBUG c.m.a.config.JwtAuthenticationFilter - 📋 Header value: NULL
2026-02-17 23:02:51 [http-nio-8082-exec-1] WARN  c.m.a.config.JwtAuthenticationFilter - ⚠️  [JWT FILTER] Authorization header is NULL
2026-02-17 23:02:51 [http-nio-8082-exec-1] DEBUG c.m.a.config.JwtAuthenticationFilter - → Passing request to next filter WITHOUT authentication
2026-02-17 23:02:51 [http-nio-8082-exec-1] DEBUG o.s.web.servlet.DispatcherServlet - GET "/batches/104/available", parameters={}
2026-02-17 23:02:51 [http-nio-8082-exec-1] DEBUG o.s.w.s.m.m.a.RequestMappingHandlerMapping - Mapped to com.medicart.admin.controller.BatchController#getAvailableBatches(Long)
2026-02-17 23:02:52 [http-nio-8082-exec-1] DEBUG o.s.w.s.m.m.a.RequestResponseBodyMethodProcessor - Using 'application/json', given [*/*] and supported [application/json, application/*+json, application/yaml]
2026-02-17 23:02:52 [http-nio-8082-exec-1] DEBUG o.s.w.s.m.m.a.RequestResponseBodyMethodProcessor - Writing [[BatchDTO(id=4, batchNo=12, expiryDate=2026-04-23, qtyAvailable=22, medicineId=104, medicineName=Ome (truncated)...]
2026-02-17 23:02:52 [http-nio-8082-exec-1] DEBUG o.s.web.servlet.DispatcherServlet - Completed 200 OK
2026-02-17 23:03:06 [DiscoveryClient-CacheRefreshExecutor-%d] DEBUG o.s.web.client.RestTemplate - HTTP GET http://localhost:8761/eureka/apps/delta
2026-02-17 23:03:06 [DiscoveryClient-HeartbeatExecutor-%d] DEBUG o.s.web.client.RestTemplate - HTTP PUT http://localhost:8761/eureka/apps/ADMIN-CATALOGUE-SERVICE/LTIN656883.cts.com:admin-catalogue-service:8082?status=UP&lastDirtyTimestamp=1771349496883
2026-02-17 23:03:06 [DiscoveryClient-HeartbeatExecutor-%d] DEBUG o.s.web.client.RestTemplate - Accept=[application/json, application/yaml, application/*+json]
2026-02-17 23:03:06 [DiscoveryClient-CacheRefreshExecutor-%d] DEBUG o.s.web.client.RestTemplate - Accept=[application/json, application/yaml, application/*+json]
2026-02-17 23:03:06 [DiscoveryClient-HeartbeatExecutor-%d] DEBUG o.s.web.client.RestTemplate - Response 200 OK
2026-02-17 23:03:06 [DiscoveryClient-CacheRefreshExecutor-%d] DEBUG o.s.web.client.RestTemplate - Response 200 OK
2026-02-17 23:03:06 [DiscoveryClient-CacheRefreshExecutor-%d] DEBUG o.s.web.client.RestTemplate - Reading to [org.springframework.cloud.netflix.eureka.http.EurekaApplications]
2026-02-17 23:03:18 [http-nio-8082-exec-2] DEBUG c.m.a.config.JwtAuthenticationFilter - ════════════════════════════════════════════════════════════════
2026-02-17 23:03:18 [http-nio-8082-exec-2] DEBUG c.m.a.config.JwtAuthenticationFilter - 📍 [JWT FILTER] START
2026-02-17 23:03:18 [http-nio-8082-exec-2] DEBUG c.m.a.config.JwtAuthenticationFilter - METHOD: GET | URI: /medicines/2
2026-02-17 23:03:18 [http-nio-8082-exec-2] DEBUG c.m.a.config.JwtAuthenticationFilter - Remote Address: 127.0.0.1
2026-02-17 23:03:18 [http-nio-8082-exec-2] DEBUG c.m.a.config.JwtAuthenticationFilter - ════════════════════════════════════════════════════════════════
2026-02-17 23:03:18 [http-nio-8082-exec-2] DEBUG c.m.a.config.JwtAuthenticationFilter - 🔍 [JWT FILTER] Reading Authorization header
2026-02-17 23:03:18 [http-nio-8082-exec-2] DEBUG c.m.a.config.JwtAuthenticationFilter - 📋 Header value: NULL
2026-02-17 23:03:18 [http-nio-8082-exec-3] DEBUG c.m.a.config.JwtAuthenticationFilter - ════════════════════════════════════════════════════════════════
2026-02-17 23:03:18 [http-nio-8082-exec-2] WARN  c.m.a.config.JwtAuthenticationFilter - ⚠️  [JWT FILTER] Authorization header is NULL
2026-02-17 23:03:18 [http-nio-8082-exec-3] DEBUG c.m.a.config.JwtAuthenticationFilter - 📍 [JWT FILTER] START
2026-02-17 23:03:18 [http-nio-8082-exec-2] DEBUG c.m.a.config.JwtAuthenticationFilter - → Passing request to next filter WITHOUT authentication
2026-02-17 23:03:18 [http-nio-8082-exec-3] DEBUG c.m.a.config.JwtAuthenticationFilter - METHOD: GET | URI: /medicines/105
2026-02-17 23:03:18 [http-nio-8082-exec-2] DEBUG o.s.web.servlet.DispatcherServlet - GET "/medicines/2", parameters={}
2026-02-17 23:03:18 [http-nio-8082-exec-3] DEBUG c.m.a.config.JwtAuthenticationFilter - Remote Address: 127.0.0.1
2026-02-17 23:03:18 [http-nio-8082-exec-3] DEBUG c.m.a.config.JwtAuthenticationFilter - ════════════════════════════════════════════════════════════════
2026-02-17 23:03:18 [http-nio-8082-exec-2] DEBUG o.s.w.s.m.m.a.RequestMappingHandlerMapping - Mapped to com.medicart.admin.controller.MedicineController#getMedicineById(Long)
2026-02-17 23:03:18 [http-nio-8082-exec-3] DEBUG c.m.a.config.JwtAuthenticationFilter - 🔍 [JWT FILTER] Reading Authorization header
2026-02-17 23:03:18 [http-nio-8082-exec-2] INFO  c.m.admin.service.MedicineService - 🔍 Fetching medicine with id: 2
2026-02-17 23:03:18 [http-nio-8082-exec-3] DEBUG c.m.a.config.JwtAuthenticationFilter - 📋 Header value: NULL
2026-02-17 23:03:18 [http-nio-8082-exec-3] WARN  c.m.a.config.JwtAuthenticationFilter - ⚠️  [JWT FILTER] Authorization header is NULL
2026-02-17 23:03:18 [http-nio-8082-exec-3] DEBUG c.m.a.config.JwtAuthenticationFilter - → Passing request to next filter WITHOUT authentication
2026-02-17 23:03:18 [http-nio-8082-exec-3] DEBUG o.s.web.servlet.DispatcherServlet - GET "/medicines/105", parameters={}
2026-02-17 23:03:18 [http-nio-8082-exec-3] DEBUG o.s.w.s.m.m.a.RequestMappingHandlerMapping - Mapped to com.medicart.admin.controller.MedicineController#getMedicineById(Long)
2026-02-17 23:03:18 [http-nio-8082-exec-3] INFO  c.m.admin.service.MedicineService - 🔍 Fetching medicine with id: 105
2026-02-17 23:03:18 [http-nio-8082-exec-2] DEBUG o.s.w.s.m.m.a.HttpEntityMethodProcessor - Using 'application/json', given [*/*] and supported [application/json, application/*+json, application/yaml]
2026-02-17 23:03:18 [http-nio-8082-exec-2] DEBUG o.s.w.s.m.m.a.HttpEntityMethodProcessor - Writing [MedicineDTO(id=2, name=Benidril, category=Syrup, price=52.0, sku=BDRL, requiresRx=false, description (truncated)...]
2026-02-17 23:03:18 [http-nio-8082-exec-2] DEBUG o.s.web.servlet.DispatcherServlet - Completed 200 OK
2026-02-17 23:03:18 [http-nio-8082-exec-4] DEBUG c.m.a.config.JwtAuthenticationFilter - ════════════════════════════════════════════════════════════════
2026-02-17 23:03:18 [http-nio-8082-exec-4] DEBUG c.m.a.config.JwtAuthenticationFilter - 📍 [JWT FILTER] START
2026-02-17 23:03:18 [http-nio-8082-exec-4] DEBUG c.m.a.config.JwtAuthenticationFilter - METHOD: GET | URI: /medicines/101
2026-02-17 23:03:18 [http-nio-8082-exec-4] DEBUG c.m.a.config.JwtAuthenticationFilter - Remote Address: 127.0.0.1
2026-02-17 23:03:18 [http-nio-8082-exec-4] DEBUG c.m.a.config.JwtAuthenticationFilter - ════════════════════════════════════════════════════════════════
2026-02-17 23:03:18 [http-nio-8082-exec-3] DEBUG o.s.w.s.m.m.a.HttpEntityMethodProcessor - Using 'application/json', given [*/*] and supported [application/json, application/*+json, application/yaml]
2026-02-17 23:03:18 [http-nio-8082-exec-4] DEBUG c.m.a.config.JwtAuthenticationFilter - 🔍 [JWT FILTER] Reading Authorization header
2026-02-17 23:03:18 [http-nio-8082-exec-3] DEBUG o.s.w.s.m.m.a.HttpEntityMethodProcessor - Writing [MedicineDTO(id=105, name=Hydrocortisone Cream 1%, category=Dermatology, price=6.25, sku=MED105, requ (truncated)...]
2026-02-17 23:03:18 [http-nio-8082-exec-4] DEBUG c.m.a.config.JwtAuthenticationFilter - 📋 Header value: NULL
2026-02-17 23:03:18 [http-nio-8082-exec-4] WARN  c.m.a.config.JwtAuthenticationFilter - ⚠️  [JWT FILTER] Authorization header is NULL
2026-02-17 23:03:18 [http-nio-8082-exec-4] DEBUG c.m.a.config.JwtAuthenticationFilter - → Passing request to next filter WITHOUT authentication
2026-02-17 23:03:18 [http-nio-8082-exec-4] DEBUG o.s.web.servlet.DispatcherServlet - GET "/medicines/101", parameters={}
2026-02-17 23:03:18 [http-nio-8082-exec-3] DEBUG o.s.web.servlet.DispatcherServlet - Completed 200 OK
2026-02-17 23:03:18 [http-nio-8082-exec-4] DEBUG o.s.w.s.m.m.a.RequestMappingHandlerMapping - Mapped to com.medicart.admin.controller.MedicineController#getMedicineById(Long)
2026-02-17 23:03:18 [http-nio-8082-exec-4] INFO  c.m.admin.service.MedicineService - 🔍 Fetching medicine with id: 101
2026-02-17 23:03:18 [http-nio-8082-exec-7] DEBUG c.m.a.config.JwtAuthenticationFilter - ════════════════════════════════════════════════════════════════
2026-02-17 23:03:18 [http-nio-8082-exec-7] DEBUG c.m.a.config.JwtAuthenticationFilter - 📍 [JWT FILTER] START
2026-02-17 23:03:18 [http-nio-8082-exec-7] DEBUG c.m.a.config.JwtAuthenticationFilter - METHOD: GET | URI: /medicines/104
2026-02-17 23:03:18 [http-nio-8082-exec-7] DEBUG c.m.a.config.JwtAuthenticationFilter - Remote Address: 127.0.0.1
2026-02-17 23:03:18 [http-nio-8082-exec-7] DEBUG c.m.a.config.JwtAuthenticationFilter - ════════════════════════════════════════════════════════════════
2026-02-17 23:03:18 [http-nio-8082-exec-7] DEBUG c.m.a.config.JwtAuthenticationFilter - 🔍 [JWT FILTER] Reading Authorization header
2026-02-17 23:03:18 [http-nio-8082-exec-7] DEBUG c.m.a.config.JwtAuthenticationFilter - 📋 Header value: NULL
2026-02-17 23:03:18 [http-nio-8082-exec-7] WARN  c.m.a.config.JwtAuthenticationFilter - ⚠️  [JWT FILTER] Authorization header is NULL
2026-02-17 23:03:18 [http-nio-8082-exec-7] DEBUG c.m.a.config.JwtAuthenticationFilter - → Passing request to next filter WITHOUT authentication
2026-02-17 23:03:18 [http-nio-8082-exec-7] DEBUG o.s.web.servlet.DispatcherServlet - GET "/medicines/104", parameters={}
2026-02-17 23:03:18 [http-nio-8082-exec-7] DEBUG o.s.w.s.m.m.a.RequestMappingHandlerMapping - Mapped to com.medicart.admin.controller.MedicineController#getMedicineById(Long)
2026-02-17 23:03:18 [http-nio-8082-exec-7] INFO  c.m.admin.service.MedicineService - 🔍 Fetching medicine with id: 104
2026-02-17 23:03:18 [http-nio-8082-exec-4] DEBUG o.s.w.s.m.m.a.HttpEntityMethodProcessor - Using 'application/json', given [*/*] and supported [application/json, application/*+json, application/yaml]
2026-02-17 23:03:18 [http-nio-8082-exec-4] DEBUG o.s.w.s.m.m.a.HttpEntityMethodProcessor - Writing [MedicineDTO(id=101, name=Paracetamol 500mg, category=Analgesic, price=5.5, sku=MED101, requiresRx=fa (truncated)...]
2026-02-17 23:03:18 [http-nio-8082-exec-4] DEBUG o.s.web.servlet.DispatcherServlet - Completed 200 OK
2026-02-17 23:03:18 [http-nio-8082-exec-7] DEBUG o.s.w.s.m.m.a.HttpEntityMethodProcessor - Using 'application/json', given [*/*] and supported [application/json, application/*+json, application/yaml]
2026-02-17 23:03:18 [http-nio-8082-exec-8] DEBUG c.m.a.config.JwtAuthenticationFilter - ════════════════════════════════════════════════════════════════
2026-02-17 23:03:18 [http-nio-8082-exec-7] DEBUG o.s.w.s.m.m.a.HttpEntityMethodProcessor - Writing [MedicineDTO(id=104, name=Omeprazole 20mg, category=Gastro, price=8.75, sku=MED104, requiresRx=false, (truncated)...]
2026-02-17 23:03:18 [http-nio-8082-exec-8] DEBUG c.m.a.config.JwtAuthenticationFilter - 📍 [JWT FILTER] START
2026-02-17 23:03:18 [http-nio-8082-exec-8] DEBUG c.m.a.config.JwtAuthenticationFilter - METHOD: GET | URI: /medicines/102
2026-02-17 23:03:18 [http-nio-8082-exec-8] DEBUG c.m.a.config.JwtAuthenticationFilter - Remote Address: 127.0.0.1
2026-02-17 23:03:18 [http-nio-8082-exec-8] DEBUG c.m.a.config.JwtAuthenticationFilter - ════════════════════════════════════════════════════════════════
2026-02-17 23:03:18 [http-nio-8082-exec-7] DEBUG o.s.web.servlet.DispatcherServlet - Completed 200 OK
2026-02-17 23:03:18 [http-nio-8082-exec-8] DEBUG c.m.a.config.JwtAuthenticationFilter - 🔍 [JWT FILTER] Reading Authorization header
2026-02-17 23:03:18 [http-nio-8082-exec-8] DEBUG c.m.a.config.JwtAuthenticationFilter - 📋 Header value: NULL
2026-02-17 23:03:18 [http-nio-8082-exec-8] WARN  c.m.a.config.JwtAuthenticationFilter - ⚠️  [JWT FILTER] Authorization header is NULL
2026-02-17 23:03:18 [http-nio-8082-exec-8] DEBUG c.m.a.config.JwtAuthenticationFilter - → Passing request to next filter WITHOUT authentication
2026-02-17 23:03:18 [http-nio-8082-exec-8] DEBUG o.s.web.servlet.DispatcherServlet - GET "/medicines/102", parameters={}
2026-02-17 23:03:18 [http-nio-8082-exec-8] DEBUG o.s.w.s.m.m.a.RequestMappingHandlerMapping - Mapped to com.medicart.admin.controller.MedicineController#getMedicineById(Long)
2026-02-17 23:03:18 [http-nio-8082-exec-8] INFO  c.m.admin.service.MedicineService - 🔍 Fetching medicine with id: 102
2026-02-17 23:03:18 [http-nio-8082-exec-10] DEBUG c.m.a.config.JwtAuthenticationFilter - ════════════════════════════════════════════════════════════════
2026-02-17 23:03:18 [http-nio-8082-exec-10] DEBUG c.m.a.config.JwtAuthenticationFilter - 📍 [JWT FILTER] START
2026-02-17 23:03:18 [http-nio-8082-exec-10] DEBUG c.m.a.config.JwtAuthenticationFilter - METHOD: GET | URI: /medicines/2
2026-02-17 23:03:18 [http-nio-8082-exec-10] DEBUG c.m.a.config.JwtAuthenticationFilter - Remote Address: 127.0.0.1
2026-02-17 23:03:18 [http-nio-8082-exec-10] DEBUG c.m.a.config.JwtAuthenticationFilter - ════════════════════════════════════════════════════════════════
2026-02-17 23:03:18 [http-nio-8082-exec-10] DEBUG c.m.a.config.JwtAuthenticationFilter - 🔍 [JWT FILTER] Reading Authorization header
2026-02-17 23:03:18 [http-nio-8082-exec-10] DEBUG c.m.a.config.JwtAuthenticationFilter - 📋 Header value: NULL
2026-02-17 23:03:18 [http-nio-8082-exec-10] WARN  c.m.a.config.JwtAuthenticationFilter - ⚠️  [JWT FILTER] Authorization header is NULL
2026-02-17 23:03:18 [http-nio-8082-exec-10] DEBUG c.m.a.config.JwtAuthenticationFilter - → Passing request to next filter WITHOUT authentication
2026-02-17 23:03:18 [http-nio-8082-exec-10] DEBUG o.s.web.servlet.DispatcherServlet - GET "/medicines/2", parameters={}
2026-02-17 23:03:18 [http-nio-8082-exec-10] DEBUG o.s.w.s.m.m.a.RequestMappingHandlerMapping - Mapped to com.medicart.admin.controller.MedicineController#getMedicineById(Long)
2026-02-17 23:03:18 [http-nio-8082-exec-10] INFO  c.m.admin.service.MedicineService - 🔍 Fetching medicine with id: 2
2026-02-17 23:03:18 [http-nio-8082-exec-8] DEBUG o.s.w.s.m.m.a.HttpEntityMethodProcessor - Using 'application/json', given [*/*] and supported [application/json, application/*+json, application/yaml]
2026-02-17 23:03:18 [http-nio-8082-exec-8] DEBUG o.s.w.s.m.m.a.HttpEntityMethodProcessor - Writing [MedicineDTO(id=102, name=Amoxicillin 250mg, category=Antibiotic, price=12.0, sku=MED102, requiresRx= (truncated)...]
2026-02-17 23:03:18 [http-nio-8082-exec-8] DEBUG o.s.web.servlet.DispatcherServlet - Completed 200 OK
2026-02-17 23:03:18 [http-nio-8082-exec-8] DEBUG c.m.a.config.JwtAuthenticationFilter - ════════════════════════════════════════════════════════════════
2026-02-17 23:03:18 [http-nio-8082-exec-8] DEBUG c.m.a.config.JwtAuthenticationFilter - 📍 [JWT FILTER] START
2026-02-17 23:03:18 [http-nio-8082-exec-8] DEBUG c.m.a.config.JwtAuthenticationFilter - METHOD: GET | URI: /medicines/103
2026-02-17 23:03:18 [http-nio-8082-exec-8] DEBUG c.m.a.config.JwtAuthenticationFilter - Remote Address: 127.0.0.1
2026-02-17 23:03:18 [http-nio-8082-exec-8] DEBUG c.m.a.config.JwtAuthenticationFilter - ════════════════════════════════════════════════════════════════
2026-02-17 23:03:18 [http-nio-8082-exec-8] DEBUG c.m.a.config.JwtAuthenticationFilter - 🔍 [JWT FILTER] Reading Authorization header
2026-02-17 23:03:18 [http-nio-8082-exec-8] DEBUG c.m.a.config.JwtAuthenticationFilter - 📋 Header value: NULL
2026-02-17 23:03:18 [http-nio-8082-exec-8] WARN  c.m.a.config.JwtAuthenticationFilter - ⚠️  [JWT FILTER] Authorization header is NULL
2026-02-17 23:03:18 [http-nio-8082-exec-8] DEBUG c.m.a.config.JwtAuthenticationFilter - → Passing request to next filter WITHOUT authentication
2026-02-17 23:03:18 [http-nio-8082-exec-8] DEBUG o.s.web.servlet.DispatcherServlet - GET "/medicines/103", parameters={}
2026-02-17 23:03:18 [http-nio-8082-exec-8] DEBUG o.s.w.s.m.m.a.RequestMappingHandlerMapping - Mapped to com.medicart.admin.controller.MedicineController#getMedicineById(Long)
2026-02-17 23:03:18 [http-nio-8082-exec-8] INFO  c.m.admin.service.MedicineService - 🔍 Fetching medicine with id: 103
2026-02-17 23:03:18 [http-nio-8082-exec-8] DEBUG o.s.w.s.m.m.a.HttpEntityMethodProcessor - Using 'application/json', given [*/*] and supported [application/json, application/*+json, application/yaml]
2026-02-17 23:03:18 [http-nio-8082-exec-8] DEBUG o.s.w.s.m.m.a.HttpEntityMethodProcessor - Writing [MedicineDTO(id=103, name=Atorvastatin 10mg, category=Cardiac, price=18.5, sku=MED103, requiresRx=tru (truncated)...]
2026-02-17 23:03:18 [http-nio-8082-exec-8] DEBUG o.s.web.servlet.DispatcherServlet - Completed 200 OK
2026-02-17 23:03:18 [http-nio-8082-exec-6] DEBUG c.m.a.config.JwtAuthenticationFilter - ════════════════════════════════════════════════════════════════
2026-02-17 23:03:18 [http-nio-8082-exec-6] DEBUG c.m.a.config.JwtAuthenticationFilter - 📍 [JWT FILTER] START
2026-02-17 23:03:18 [http-nio-8082-exec-6] DEBUG c.m.a.config.JwtAuthenticationFilter - METHOD: GET | URI: /medicines/104
2026-02-17 23:03:18 [http-nio-8082-exec-6] DEBUG c.m.a.config.JwtAuthenticationFilter - Remote Address: 127.0.0.1
2026-02-17 23:03:18 [http-nio-8082-exec-6] DEBUG c.m.a.config.JwtAuthenticationFilter - ════════════════════════════════════════════════════════════════
2026-02-17 23:03:18 [http-nio-8082-exec-6] DEBUG c.m.a.config.JwtAuthenticationFilter - 🔍 [JWT FILTER] Reading Authorization header
2026-02-17 23:03:18 [http-nio-8082-exec-10] DEBUG o.s.w.s.m.m.a.HttpEntityMethodProcessor - Using 'application/json', given [*/*] and supported [application/json, application/*+json, application/yaml]
2026-02-17 23:03:18 [http-nio-8082-exec-6] DEBUG c.m.a.config.JwtAuthenticationFilter - 📋 Header value: NULL
2026-02-17 23:03:18 [http-nio-8082-exec-6] WARN  c.m.a.config.JwtAuthenticationFilter - ⚠️  [JWT FILTER] Authorization header is NULL
2026-02-17 23:03:18 [http-nio-8082-exec-6] DEBUG c.m.a.config.JwtAuthenticationFilter - → Passing request to next filter WITHOUT authentication
2026-02-17 23:03:18 [http-nio-8082-exec-10] DEBUG o.s.w.s.m.m.a.HttpEntityMethodProcessor - Writing [MedicineDTO(id=2, name=Benidril, category=Syrup, price=52.0, sku=BDRL, requiresRx=false, description (truncated)...]
2026-02-17 23:03:18 [http-nio-8082-exec-6] DEBUG o.s.web.servlet.DispatcherServlet - GET "/medicines/104", parameters={}
2026-02-17 23:03:18 [http-nio-8082-exec-6] DEBUG o.s.w.s.m.m.a.RequestMappingHandlerMapping - Mapped to com.medicart.admin.controller.MedicineController#getMedicineById(Long)
2026-02-17 23:03:18 [http-nio-8082-exec-10] DEBUG o.s.web.servlet.DispatcherServlet - Completed 200 OK
2026-02-17 23:03:18 [http-nio-8082-exec-6] INFO  c.m.admin.service.MedicineService - 🔍 Fetching medicine with id: 104
2026-02-17 23:03:18 [http-nio-8082-exec-5] DEBUG c.m.a.config.JwtAuthenticationFilter - ════════════════════════════════════════════════════════════════
2026-02-17 23:03:18 [http-nio-8082-exec-5] DEBUG c.m.a.config.JwtAuthenticationFilter - 📍 [JWT FILTER] START
2026-02-17 23:03:18 [http-nio-8082-exec-5] DEBUG c.m.a.config.JwtAuthenticationFilter - METHOD: GET | URI: /medicines/107
2026-02-17 23:03:18 [http-nio-8082-exec-5] DEBUG c.m.a.config.JwtAuthenticationFilter - Remote Address: 127.0.0.1
2026-02-17 23:03:18 [http-nio-8082-exec-5] DEBUG c.m.a.config.JwtAuthenticationFilter - ════════════════════════════════════════════════════════════════
2026-02-17 23:03:18 [http-nio-8082-exec-5] DEBUG c.m.a.config.JwtAuthenticationFilter - 🔍 [JWT FILTER] Reading Authorization header
2026-02-17 23:03:18 [http-nio-8082-exec-5] DEBUG c.m.a.config.JwtAuthenticationFilter - 📋 Header value: NULL
2026-02-17 23:03:18 [http-nio-8082-exec-5] WARN  c.m.a.config.JwtAuthenticationFilter - ⚠️  [JWT FILTER] Authorization header is NULL
2026-02-17 23:03:18 [http-nio-8082-exec-5] DEBUG c.m.a.config.JwtAuthenticationFilter - → Passing request to next filter WITHOUT authentication
2026-02-17 23:03:18 [http-nio-8082-exec-5] DEBUG o.s.web.servlet.DispatcherServlet - GET "/medicines/107", parameters={}
2026-02-17 23:03:18 [http-nio-8082-exec-5] DEBUG o.s.w.s.m.m.a.RequestMappingHandlerMapping - Mapped to com.medicart.admin.controller.MedicineController#getMedicineById(Long)
2026-02-17 23:03:18 [http-nio-8082-exec-6] DEBUG o.s.w.s.m.m.a.HttpEntityMethodProcessor - Using 'application/json', given [*/*] and supported [application/json, application/*+json, application/yaml]
2026-02-17 23:03:18 [http-nio-8082-exec-6] DEBUG o.s.w.s.m.m.a.HttpEntityMethodProcessor - Writing [MedicineDTO(id=104, name=Omeprazole 20mg, category=Gastro, price=8.75, sku=MED104, requiresRx=false, (truncated)...]
2026-02-17 23:03:18 [http-nio-8082-exec-5] INFO  c.m.admin.service.MedicineService - 🔍 Fetching medicine with id: 107
2026-02-17 23:03:18 [http-nio-8082-exec-6] DEBUG o.s.web.servlet.DispatcherServlet - Completed 200 OK
2026-02-17 23:03:18 [http-nio-8082-exec-1] DEBUG c.m.a.config.JwtAuthenticationFilter - ════════════════════════════════════════════════════════════════
2026-02-17 23:03:18 [http-nio-8082-exec-1] DEBUG c.m.a.config.JwtAuthenticationFilter - 📍 [JWT FILTER] START
2026-02-17 23:03:18 [http-nio-8082-exec-1] DEBUG c.m.a.config.JwtAuthenticationFilter - METHOD: GET | URI: /medicines/105
2026-02-17 23:03:18 [http-nio-8082-exec-1] DEBUG c.m.a.config.JwtAuthenticationFilter - Remote Address: 127.0.0.1
2026-02-17 23:03:18 [http-nio-8082-exec-5] DEBUG o.s.w.s.m.m.a.HttpEntityMethodProcessor - Using 'application/json', given [*/*] and supported [application/json, application/*+json, application/yaml]
2026-02-17 23:03:18 [http-nio-8082-exec-1] DEBUG c.m.a.config.JwtAuthenticationFilter - ════════════════════════════════════════════════════════════════
2026-02-17 23:03:18 [http-nio-8082-exec-1] DEBUG c.m.a.config.JwtAuthenticationFilter - 🔍 [JWT FILTER] Reading Authorization header
2026-02-17 23:03:18 [http-nio-8082-exec-5] DEBUG o.s.w.s.m.m.a.HttpEntityMethodProcessor - Writing [MedicineDTO(id=107, name=Salbutamol Inhaler, category=Respiratory, price=220.0, sku=MED107, requires (truncated)...]
2026-02-17 23:03:18 [http-nio-8082-exec-1] DEBUG c.m.a.config.JwtAuthenticationFilter - 📋 Header value: NULL
2026-02-17 23:03:18 [http-nio-8082-exec-1] WARN  c.m.a.config.JwtAuthenticationFilter - ⚠️  [JWT FILTER] Authorization header is NULL
2026-02-17 23:03:18 [http-nio-8082-exec-1] DEBUG c.m.a.config.JwtAuthenticationFilter - → Passing request to next filter WITHOUT authentication
2026-02-17 23:03:18 [http-nio-8082-exec-1] DEBUG o.s.web.servlet.DispatcherServlet - GET "/medicines/105", parameters={}
2026-02-17 23:03:18 [http-nio-8082-exec-1] DEBUG o.s.w.s.m.m.a.RequestMappingHandlerMapping - Mapped to com.medicart.admin.controller.MedicineController#getMedicineById(Long)
2026-02-17 23:03:18 [http-nio-8082-exec-5] DEBUG o.s.web.servlet.DispatcherServlet - Completed 200 OK
2026-02-17 23:03:18 [http-nio-8082-exec-1] INFO  c.m.admin.service.MedicineService - 🔍 Fetching medicine with id: 105
2026-02-17 23:03:18 [http-nio-8082-exec-2] DEBUG c.m.a.config.JwtAuthenticationFilter - ════════════════════════════════════════════════════════════════
2026-02-17 23:03:18 [http-nio-8082-exec-2] DEBUG c.m.a.config.JwtAuthenticationFilter - 📍 [JWT FILTER] START
2026-02-17 23:03:18 [http-nio-8082-exec-2] DEBUG c.m.a.config.JwtAuthenticationFilter - METHOD: GET | URI: /medicines/103
2026-02-17 23:03:18 [http-nio-8082-exec-2] DEBUG c.m.a.config.JwtAuthenticationFilter - Remote Address: 127.0.0.1
2026-02-17 23:03:18 [http-nio-8082-exec-2] DEBUG c.m.a.config.JwtAuthenticationFilter - ════════════════════════════════════════════════════════════════
2026-02-17 23:03:18 [http-nio-8082-exec-2] DEBUG c.m.a.config.JwtAuthenticationFilter - 🔍 [JWT FILTER] Reading Authorization header
2026-02-17 23:03:18 [http-nio-8082-exec-1] DEBUG o.s.w.s.m.m.a.HttpEntityMethodProcessor - Using 'application/json', given [*/*] and supported [application/json, application/*+json, application/yaml]
2026-02-17 23:03:18 [http-nio-8082-exec-2] DEBUG c.m.a.config.JwtAuthenticationFilter - 📋 Header value: NULL
2026-02-17 23:03:18 [http-nio-8082-exec-1] DEBUG o.s.w.s.m.m.a.HttpEntityMethodProcessor - Writing [MedicineDTO(id=105, name=Hydrocortisone Cream 1%, category=Dermatology, price=6.25, sku=MED105, requ (truncated)...]
2026-02-17 23:03:18 [http-nio-8082-exec-2] WARN  c.m.a.config.JwtAuthenticationFilter - ⚠️  [JWT FILTER] Authorization header is NULL
2026-02-17 23:03:18 [http-nio-8082-exec-1] DEBUG o.s.web.servlet.DispatcherServlet - Completed 200 OK
2026-02-17 23:03:18 [http-nio-8082-exec-2] DEBUG c.m.a.config.JwtAuthenticationFilter - → Passing request to next filter WITHOUT authentication
2026-02-17 23:03:18 [http-nio-8082-exec-2] DEBUG o.s.web.servlet.DispatcherServlet - GET "/medicines/103", parameters={}
2026-02-17 23:03:18 [http-nio-8082-exec-2] DEBUG o.s.w.s.m.m.a.RequestMappingHandlerMapping - Mapped to com.medicart.admin.controller.MedicineController#getMedicineById(Long)
2026-02-17 23:03:18 [http-nio-8082-exec-2] INFO  c.m.admin.service.MedicineService - 🔍 Fetching medicine with id: 103
2026-02-17 23:03:18 [http-nio-8082-exec-3] DEBUG c.m.a.config.JwtAuthenticationFilter - ════════════════════════════════════════════════════════════════
2026-02-17 23:03:18 [http-nio-8082-exec-3] DEBUG c.m.a.config.JwtAuthenticationFilter - 📍 [JWT FILTER] START
2026-02-17 23:03:18 [http-nio-8082-exec-3] DEBUG c.m.a.config.JwtAuthenticationFilter - METHOD: GET | URI: /medicines/106
2026-02-17 23:03:18 [http-nio-8082-exec-3] DEBUG c.m.a.config.JwtAuthenticationFilter - Remote Address: 127.0.0.1
2026-02-17 23:03:18 [http-nio-8082-exec-3] DEBUG c.m.a.config.JwtAuthenticationFilter - ════════════════════════════════════════════════════════════════
2026-02-17 23:03:18 [http-nio-8082-exec-3] DEBUG c.m.a.config.JwtAuthenticationFilter - 🔍 [JWT FILTER] Reading Authorization header
2026-02-17 23:03:18 [http-nio-8082-exec-3] DEBUG c.m.a.config.JwtAuthenticationFilter - 📋 Header value: NULL
2026-02-17 23:03:18 [http-nio-8082-exec-3] WARN  c.m.a.config.JwtAuthenticationFilter - ⚠️  [JWT FILTER] Authorization header is NULL
2026-02-17 23:03:18 [http-nio-8082-exec-3] DEBUG c.m.a.config.JwtAuthenticationFilter - → Passing request to next filter WITHOUT authentication
2026-02-17 23:03:18 [http-nio-8082-exec-3] DEBUG o.s.web.servlet.DispatcherServlet - GET "/medicines/106", parameters={}
2026-02-17 23:03:18 [http-nio-8082-exec-3] DEBUG o.s.w.s.m.m.a.RequestMappingHandlerMapping - Mapped to com.medicart.admin.controller.MedicineController#getMedicineById(Long)
2026-02-17 23:03:18 [http-nio-8082-exec-3] INFO  c.m.admin.service.MedicineService - 🔍 Fetching medicine with id: 106
2026-02-17 23:03:18 [http-nio-8082-exec-2] DEBUG o.s.w.s.m.m.a.HttpEntityMethodProcessor - Using 'application/json', given [*/*] and supported [application/json, application/*+json, application/yaml]
2026-02-17 23:03:18 [http-nio-8082-exec-2] DEBUG o.s.w.s.m.m.a.HttpEntityMethodProcessor - Writing [MedicineDTO(id=103, name=Atorvastatin 10mg, category=Cardiac, price=18.5, sku=MED103, requiresRx=tru (truncated)...]
2026-02-17 23:03:18 [http-nio-8082-exec-2] DEBUG o.s.web.servlet.DispatcherServlet - Completed 200 OK
2026-02-17 23:03:18 [http-nio-8082-exec-4] DEBUG c.m.a.config.JwtAuthenticationFilter - ════════════════════════════════════════════════════════════════
2026-02-17 23:03:18 [http-nio-8082-exec-4] DEBUG c.m.a.config.JwtAuthenticationFilter - 📍 [JWT FILTER] START
2026-02-17 23:03:18 [http-nio-8082-exec-4] DEBUG c.m.a.config.JwtAuthenticationFilter - METHOD: GET | URI: /medicines/102
2026-02-17 23:03:18 [http-nio-8082-exec-4] DEBUG c.m.a.config.JwtAuthenticationFilter - Remote Address: 127.0.0.1
2026-02-17 23:03:18 [http-nio-8082-exec-4] DEBUG c.m.a.config.JwtAuthenticationFilter - ════════════════════════════════════════════════════════════════
2026-02-17 23:03:18 [http-nio-8082-exec-4] DEBUG c.m.a.config.JwtAuthenticationFilter - 🔍 [JWT FILTER] Reading Authorization header
2026-02-17 23:03:18 [http-nio-8082-exec-4] DEBUG c.m.a.config.JwtAuthenticationFilter - 📋 Header value: NULL
2026-02-17 23:03:18 [http-nio-8082-exec-4] WARN  c.m.a.config.JwtAuthenticationFilter - ⚠️  [JWT FILTER] Authorization header is NULL
2026-02-17 23:03:18 [http-nio-8082-exec-4] DEBUG c.m.a.config.JwtAuthenticationFilter - → Passing request to next filter WITHOUT authentication
2026-02-17 23:03:18 [http-nio-8082-exec-4] DEBUG o.s.web.servlet.DispatcherServlet - GET "/medicines/102", parameters={}
2026-02-17 23:03:18 [http-nio-8082-exec-4] DEBUG o.s.w.s.m.m.a.RequestMappingHandlerMapping - Mapped to com.medicart.admin.controller.MedicineController#getMedicineById(Long)
2026-02-17 23:03:18 [http-nio-8082-exec-4] INFO  c.m.admin.service.MedicineService - 🔍 Fetching medicine with id: 102
2026-02-17 23:03:18 [http-nio-8082-exec-3] DEBUG o.s.w.s.m.m.a.HttpEntityMethodProcessor - Using 'application/json', given [*/*] and supported [application/json, application/*+json, application/yaml]
2026-02-17 23:03:18 [http-nio-8082-exec-3] DEBUG o.s.w.s.m.m.a.HttpEntityMethodProcessor - Writing [MedicineDTO(id=106, name=Ibuprofen 200mg, category=Analgesic, price=7.0, sku=MED106, requiresRx=fals (truncated)...]
2026-02-17 23:03:18 [http-nio-8082-exec-3] DEBUG o.s.web.servlet.DispatcherServlet - Completed 200 OK
2026-02-17 23:03:18 [http-nio-8082-exec-7] DEBUG c.m.a.config.JwtAuthenticationFilter - ════════════════════════════════════════════════════════════════
2026-02-17 23:03:18 [http-nio-8082-exec-7] DEBUG c.m.a.config.JwtAuthenticationFilter - 📍 [JWT FILTER] START
2026-02-17 23:03:18 [http-nio-8082-exec-7] DEBUG c.m.a.config.JwtAuthenticationFilter - METHOD: GET | URI: /medicines/107
2026-02-17 23:03:18 [http-nio-8082-exec-7] DEBUG c.m.a.config.JwtAuthenticationFilter - Remote Address: 127.0.0.1
2026-02-17 23:03:18 [http-nio-8082-exec-7] DEBUG c.m.a.config.JwtAuthenticationFilter - ════════════════════════════════════════════════════════════════
2026-02-17 23:03:18 [http-nio-8082-exec-7] DEBUG c.m.a.config.JwtAuthenticationFilter - 🔍 [JWT FILTER] Reading Authorization header
2026-02-17 23:03:18 [http-nio-8082-exec-7] DEBUG c.m.a.config.JwtAuthenticationFilter - 📋 Header value: NULL
2026-02-17 23:03:18 [http-nio-8082-exec-7] WARN  c.m.a.config.JwtAuthenticationFilter - ⚠️  [JWT FILTER] Authorization header is NULL
2026-02-17 23:03:18 [http-nio-8082-exec-7] DEBUG c.m.a.config.JwtAuthenticationFilter - → Passing request to next filter WITHOUT authentication
2026-02-17 23:03:18 [http-nio-8082-exec-7] DEBUG o.s.web.servlet.DispatcherServlet - GET "/medicines/107", parameters={}
2026-02-17 23:03:18 [http-nio-8082-exec-7] DEBUG o.s.w.s.m.m.a.RequestMappingHandlerMapping - Mapped to com.medicart.admin.controller.MedicineController#getMedicineById(Long)
2026-02-17 23:03:18 [http-nio-8082-exec-7] INFO  c.m.admin.service.MedicineService - 🔍 Fetching medicine with id: 107
2026-02-17 23:03:18 [http-nio-8082-exec-4] DEBUG o.s.w.s.m.m.a.HttpEntityMethodProcessor - Using 'application/json', given [*/*] and supported [application/json, application/*+json, application/yaml]
2026-02-17 23:03:18 [http-nio-8082-exec-4] DEBUG o.s.w.s.m.m.a.HttpEntityMethodProcessor - Writing [MedicineDTO(id=102, name=Amoxicillin 250mg, category=Antibiotic, price=12.0, sku=MED102, requiresRx= (truncated)...]
2026-02-17 23:03:18 [http-nio-8082-exec-4] DEBUG o.s.web.servlet.DispatcherServlet - Completed 200 OK
2026-02-17 23:03:18 [http-nio-8082-exec-7] DEBUG o.s.w.s.m.m.a.HttpEntityMethodProcessor - Using 'application/json', given [*/*] and supported [application/json, application/*+json, application/yaml]
2026-02-17 23:03:18 [http-nio-8082-exec-7] DEBUG o.s.w.s.m.m.a.HttpEntityMethodProcessor - Writing [MedicineDTO(id=107, name=Salbutamol Inhaler, category=Respiratory, price=220.0, sku=MED107, requires (truncated)...]
2026-02-17 23:03:18 [http-nio-8082-exec-7] DEBUG o.s.web.servlet.DispatcherServlet - Completed 200 OK
2026-02-17 23:03:18 [http-nio-8082-exec-9] DEBUG c.m.a.config.JwtAuthenticationFilter - ════════════════════════════════════════════════════════════════
2026-02-17 23:03:18 [http-nio-8082-exec-9] DEBUG c.m.a.config.JwtAuthenticationFilter - 📍 [JWT FILTER] START
2026-02-17 23:03:18 [http-nio-8082-exec-9] DEBUG c.m.a.config.JwtAuthenticationFilter - METHOD: GET | URI: /medicines/108
2026-02-17 23:03:18 [http-nio-8082-exec-9] DEBUG c.m.a.config.JwtAuthenticationFilter - Remote Address: 127.0.0.1
2026-02-17 23:03:18 [http-nio-8082-exec-9] DEBUG c.m.a.config.JwtAuthenticationFilter - ════════════════════════════════════════════════════════════════
2026-02-17 23:03:18 [http-nio-8082-exec-9] DEBUG c.m.a.config.JwtAuthenticationFilter - 🔍 [JWT FILTER] Reading Authorization header
2026-02-17 23:03:18 [http-nio-8082-exec-9] DEBUG c.m.a.config.JwtAuthenticationFilter - 📋 Header value: NULL
2026-02-17 23:03:18 [http-nio-8082-exec-9] WARN  c.m.a.config.JwtAuthenticationFilter - ⚠️  [JWT FILTER] Authorization header is NULL
2026-02-17 23:03:18 [http-nio-8082-exec-9] DEBUG c.m.a.config.JwtAuthenticationFilter - → Passing request to next filter WITHOUT authentication
2026-02-17 23:03:18 [http-nio-8082-exec-9] DEBUG o.s.web.servlet.DispatcherServlet - GET "/medicines/108", parameters={}
2026-02-17 23:03:18 [http-nio-8082-exec-9] DEBUG o.s.w.s.m.m.a.RequestMappingHandlerMapping - Mapped to com.medicart.admin.controller.MedicineController#getMedicineById(Long)
2026-02-17 23:03:18 [http-nio-8082-exec-9] INFO  c.m.admin.service.MedicineService - 🔍 Fetching medicine with id: 108
2026-02-17 23:03:18 [http-nio-8082-exec-9] DEBUG o.s.w.s.m.m.a.HttpEntityMethodProcessor - Using 'application/json', given [*/*] and supported [application/json, application/*+json, application/yaml]
2026-02-17 23:03:18 [http-nio-8082-exec-9] DEBUG o.s.w.s.m.m.a.HttpEntityMethodProcessor - Writing [MedicineDTO(id=108, name=Vitamin D 1000IU, category=Supplements, price=9.99, sku=MED108, requiresRx= (truncated)...]
2026-02-17 23:03:18 [http-nio-8082-exec-9] DEBUG o.s.web.servlet.DispatcherServlet - Completed 200 OK
2026-02-17 23:03:18 [http-nio-8082-exec-8] DEBUG c.m.a.config.JwtAuthenticationFilter - ════════════════════════════════════════════════════════════════
2026-02-17 23:03:18 [http-nio-8082-exec-8] DEBUG c.m.a.config.JwtAuthenticationFilter - 📍 [JWT FILTER] START
2026-02-17 23:03:18 [http-nio-8082-exec-8] DEBUG c.m.a.config.JwtAuthenticationFilter - METHOD: GET | URI: /medicines/109
2026-02-17 23:03:18 [http-nio-8082-exec-8] DEBUG c.m.a.config.JwtAuthenticationFilter - Remote Address: 127.0.0.1
2026-02-17 23:03:18 [http-nio-8082-exec-8] DEBUG c.m.a.config.JwtAuthenticationFilter - ════════════════════════════════════════════════════════════════
2026-02-17 23:03:18 [http-nio-8082-exec-8] DEBUG c.m.a.config.JwtAuthenticationFilter - 🔍 [JWT FILTER] Reading Authorization header
2026-02-17 23:03:18 [http-nio-8082-exec-8] DEBUG c.m.a.config.JwtAuthenticationFilter - 📋 Header value: NULL
2026-02-17 23:03:18 [http-nio-8082-exec-8] WARN  c.m.a.config.JwtAuthenticationFilter - ⚠️  [JWT FILTER] Authorization header is NULL
2026-02-17 23:03:18 [http-nio-8082-exec-8] DEBUG c.m.a.config.JwtAuthenticationFilter - → Passing request to next filter WITHOUT authentication
2026-02-17 23:03:18 [http-nio-8082-exec-8] DEBUG o.s.web.servlet.DispatcherServlet - GET "/medicines/109", parameters={}
2026-02-17 23:03:18 [http-nio-8082-exec-8] DEBUG o.s.w.s.m.m.a.RequestMappingHandlerMapping - Mapped to com.medicart.admin.controller.MedicineController#getMedicineById(Long)
2026-02-17 23:03:18 [http-nio-8082-exec-8] INFO  c.m.admin.service.MedicineService - 🔍 Fetching medicine with id: 109
2026-02-17 23:03:18 [http-nio-8082-exec-8] DEBUG o.s.w.s.m.m.a.HttpEntityMethodProcessor - Using 'application/json', given [*/*] and supported [application/json, application/*+json, application/yaml]
2026-02-17 23:03:18 [http-nio-8082-exec-8] DEBUG o.s.w.s.m.m.a.HttpEntityMethodProcessor - Writing [MedicineDTO(id=109, name=Cough Syrup 100ml, category=Analgesic, price=45.0, sku=MED109, requiresRx=f (truncated)...]
2026-02-17 23:03:18 [http-nio-8082-exec-8] DEBUG o.s.web.servlet.DispatcherServlet - Completed 200 OK
2026-02-17 23:03:18 [http-nio-8082-exec-10] DEBUG c.m.a.config.JwtAuthenticationFilter - ════════════════════════════════════════════════════════════════
2026-02-17 23:03:18 [http-nio-8082-exec-10] DEBUG c.m.a.config.JwtAuthenticationFilter - 📍 [JWT FILTER] START
2026-02-17 23:03:18 [http-nio-8082-exec-10] DEBUG c.m.a.config.JwtAuthenticationFilter - METHOD: GET | URI: /medicines/110
2026-02-17 23:03:18 [http-nio-8082-exec-10] DEBUG c.m.a.config.JwtAuthenticationFilter - Remote Address: 127.0.0.1
2026-02-17 23:03:18 [http-nio-8082-exec-10] DEBUG c.m.a.config.JwtAuthenticationFilter - ════════════════════════════════════════════════════════════════
2026-02-17 23:03:18 [http-nio-8082-exec-10] DEBUG c.m.a.config.JwtAuthenticationFilter - 🔍 [JWT FILTER] Reading Authorization header
2026-02-17 23:03:18 [http-nio-8082-exec-10] DEBUG c.m.a.config.JwtAuthenticationFilter - 📋 Header value: NULL
2026-02-17 23:03:18 [http-nio-8082-exec-10] WARN  c.m.a.config.JwtAuthenticationFilter - ⚠️  [JWT FILTER] Authorization header is NULL
2026-02-17 23:03:18 [http-nio-8082-exec-10] DEBUG c.m.a.config.JwtAuthenticationFilter - → Passing request to next filter WITHOUT authentication
2026-02-17 23:03:18 [http-nio-8082-exec-10] DEBUG o.s.web.servlet.DispatcherServlet - GET "/medicines/110", parameters={}
2026-02-17 23:03:18 [http-nio-8082-exec-10] DEBUG o.s.w.s.m.m.a.RequestMappingHandlerMapping - Mapped to com.medicart.admin.controller.MedicineController#getMedicineById(Long)
2026-02-17 23:03:18 [http-nio-8082-exec-10] INFO  c.m.admin.service.MedicineService - 🔍 Fetching medicine with id: 110
2026-02-17 23:03:18 [http-nio-8082-exec-10] DEBUG o.s.w.s.m.m.a.HttpEntityMethodProcessor - Using 'application/json', given [*/*] and supported [application/json, application/*+json, application/yaml]
2026-02-17 23:03:18 [http-nio-8082-exec-10] DEBUG o.s.w.s.m.m.a.HttpEntityMethodProcessor - Writing [MedicineDTO(id=110, name=Special Chemotherapy Drug, category=Oncology, price=1299.0, sku=MED110, req (truncated)...]
2026-02-17 23:03:18 [http-nio-8082-exec-10] DEBUG o.s.web.servlet.DispatcherServlet - Completed 200 OK
2026-02-17 23:03:18 [http-nio-8082-exec-6] DEBUG c.m.a.config.JwtAuthenticationFilter - ════════════════════════════════════════════════════════════════
2026-02-17 23:03:18 [http-nio-8082-exec-6] DEBUG c.m.a.config.JwtAuthenticationFilter - 📍 [JWT FILTER] START
2026-02-17 23:03:18 [http-nio-8082-exec-6] DEBUG c.m.a.config.JwtAuthenticationFilter - METHOD: GET | URI: /medicines/1
2026-02-17 23:03:18 [http-nio-8082-exec-6] DEBUG c.m.a.config.JwtAuthenticationFilter - Remote Address: 127.0.0.1
2026-02-17 23:03:18 [http-nio-8082-exec-6] DEBUG c.m.a.config.JwtAuthenticationFilter - ════════════════════════════════════════════════════════════════
2026-02-17 23:03:18 [http-nio-8082-exec-6] DEBUG c.m.a.config.JwtAuthenticationFilter - 🔍 [JWT FILTER] Reading Authorization header
2026-02-17 23:03:18 [http-nio-8082-exec-6] DEBUG c.m.a.config.JwtAuthenticationFilter - 📋 Header value: NULL
2026-02-17 23:03:18 [http-nio-8082-exec-6] WARN  c.m.a.config.JwtAuthenticationFilter - ⚠️  [JWT FILTER] Authorization header is NULL
2026-02-17 23:03:18 [http-nio-8082-exec-6] DEBUG c.m.a.config.JwtAuthenticationFilter - → Passing request to next filter WITHOUT authentication
2026-02-17 23:03:18 [http-nio-8082-exec-6] DEBUG o.s.web.servlet.DispatcherServlet - GET "/medicines/1", parameters={}
2026-02-17 23:03:18 [http-nio-8082-exec-6] DEBUG o.s.w.s.m.m.a.RequestMappingHandlerMapping - Mapped to com.medicart.admin.controller.MedicineController#getMedicineById(Long)
2026-02-17 23:03:18 [http-nio-8082-exec-6] INFO  c.m.admin.service.MedicineService - 🔍 Fetching medicine with id: 1
2026-02-17 23:03:18 [http-nio-8082-exec-6] DEBUG o.s.w.s.m.m.a.HttpEntityMethodProcessor - Using 'application/json', given [*/*] and supported [application/json, application/*+json, application/yaml]
2026-02-17 23:03:18 [http-nio-8082-exec-6] DEBUG o.s.w.s.m.m.a.HttpEntityMethodProcessor - Writing [MedicineDTO(id=1, name=Paracetamol, category=Tablet, price=12.0, sku=PCM, requiresRx=true, descripti (truncated)...]
2026-02-17 23:03:18 [http-nio-8082-exec-6] DEBUG o.s.web.servlet.DispatcherServlet - Completed 200 OK
2026-02-17 23:03:18 [http-nio-8082-exec-5] DEBUG c.m.a.config.JwtAuthenticationFilter - ════════════════════════════════════════════════════════════════
2026-02-17 23:03:18 [http-nio-8082-exec-5] DEBUG c.m.a.config.JwtAuthenticationFilter - 📍 [JWT FILTER] START
2026-02-17 23:03:18 [http-nio-8082-exec-5] DEBUG c.m.a.config.JwtAuthenticationFilter - METHOD: GET | URI: /medicines/3
2026-02-17 23:03:18 [http-nio-8082-exec-5] DEBUG c.m.a.config.JwtAuthenticationFilter - Remote Address: 127.0.0.1
2026-02-17 23:03:18 [http-nio-8082-exec-5] DEBUG c.m.a.config.JwtAuthenticationFilter - ════════════════════════════════════════════════════════════════
2026-02-17 23:03:18 [http-nio-8082-exec-5] DEBUG c.m.a.config.JwtAuthenticationFilter - 🔍 [JWT FILTER] Reading Authorization header
2026-02-17 23:03:18 [http-nio-8082-exec-5] DEBUG c.m.a.config.JwtAuthenticationFilter - 📋 Header value: NULL
2026-02-17 23:03:18 [http-nio-8082-exec-5] WARN  c.m.a.config.JwtAuthenticationFilter - ⚠️  [JWT FILTER] Authorization header is NULL
2026-02-17 23:03:18 [http-nio-8082-exec-5] DEBUG c.m.a.config.JwtAuthenticationFilter - → Passing request to next filter WITHOUT authentication
2026-02-17 23:03:18 [http-nio-8082-exec-5] DEBUG o.s.web.servlet.DispatcherServlet - GET "/medicines/3", parameters={}
2026-02-17 23:03:18 [http-nio-8082-exec-5] DEBUG o.s.w.s.m.m.a.RequestMappingHandlerMapping - Mapped to com.medicart.admin.controller.MedicineController#getMedicineById(Long)
2026-02-17 23:03:18 [http-nio-8082-exec-5] INFO  c.m.admin.service.MedicineService - 🔍 Fetching medicine with id: 3
2026-02-17 23:03:18 [http-nio-8082-exec-5] DEBUG o.s.w.s.m.m.a.HttpEntityMethodProcessor - Using 'application/json', given [*/*] and supported [application/json, application/*+json, application/yaml]
2026-02-17 23:03:18 [http-nio-8082-exec-5] DEBUG o.s.w.s.m.m.a.HttpEntityMethodProcessor - Writing [MedicineDTO(id=3, name=Dolo, category=Tablet, price=4.0, sku=TMC, requiresRx=false, description=Mild (truncated)...]
2026-02-17 23:03:18 [http-nio-8082-exec-5] DEBUG o.s.web.servlet.DispatcherServlet - Completed 200 OK
2026-02-17 23:03:36 [DiscoveryClient-CacheRefreshExecutor-%d] DEBUG o.s.web.client.RestTemplate - HTTP GET http://localhost:8761/eureka/apps/delta
2026-02-17 23:03:36 [DiscoveryClient-HeartbeatExecutor-%d] DEBUG o.s.web.client.RestTemplate - HTTP PUT http://localhost:8761/eureka/apps/ADMIN-CATALOGUE-SERVICE/LTIN656883.cts.com:admin-catalogue-service:8082?status=UP&lastDirtyTimestamp=1771349496883
2026-02-17 23:03:36 [DiscoveryClient-HeartbeatExecutor-%d] DEBUG o.s.web.client.RestTemplate - Accept=[application/json, application/yaml, application/*+json]
2026-02-17 23:03:36 [DiscoveryClient-CacheRefreshExecutor-%d] DEBUG o.s.web.client.RestTemplate - Accept=[application/json, application/yaml, application/*+json]
2026-02-17 23:03:37 [DiscoveryClient-CacheRefreshExecutor-%d] DEBUG o.s.web.client.RestTemplate - Response 200 OK
2026-02-17 23:03:37 [DiscoveryClient-HeartbeatExecutor-%d] DEBUG o.s.web.client.RestTemplate - Response 200 OK
2026-02-17 23:03:37 [DiscoveryClient-CacheRefreshExecutor-%d] DEBUG o.s.web.client.RestTemplate - Reading to [org.springframework.cloud.netflix.eureka.http.EurekaApplications]
2026-02-17 23:03:48 [http-nio-8082-exec-2] DEBUG c.m.a.config.JwtAuthenticationFilter - ════════════════════════════════════════════════════════════════
2026-02-17 23:03:48 [http-nio-8082-exec-2] DEBUG c.m.a.config.JwtAuthenticationFilter - 📍 [JWT FILTER] START
2026-02-17 23:03:48 [http-nio-8082-exec-2] DEBUG c.m.a.config.JwtAuthenticationFilter - METHOD: GET | URI: /medicines/105
2026-02-17 23:03:48 [http-nio-8082-exec-2] DEBUG c.m.a.config.JwtAuthenticationFilter - Remote Address: 127.0.0.1
2026-02-17 23:03:48 [http-nio-8082-exec-2] DEBUG c.m.a.config.JwtAuthenticationFilter - ════════════════════════════════════════════════════════════════
2026-02-17 23:03:48 [http-nio-8082-exec-2] DEBUG c.m.a.config.JwtAuthenticationFilter - 🔍 [JWT FILTER] Reading Authorization header
2026-02-17 23:03:48 [http-nio-8082-exec-2] DEBUG c.m.a.config.JwtAuthenticationFilter - 📋 Header value: NULL
2026-02-17 23:03:48 [http-nio-8082-exec-2] WARN  c.m.a.config.JwtAuthenticationFilter - ⚠️  [JWT FILTER] Authorization header is NULL
2026-02-17 23:03:48 [http-nio-8082-exec-2] DEBUG c.m.a.config.JwtAuthenticationFilter - → Passing request to next filter WITHOUT authentication
2026-02-17 23:03:48 [http-nio-8082-exec-2] DEBUG o.s.web.servlet.DispatcherServlet - GET "/medicines/105", parameters={}
2026-02-17 23:03:48 [http-nio-8082-exec-2] DEBUG o.s.w.s.m.m.a.RequestMappingHandlerMapping - Mapped to com.medicart.admin.controller.MedicineController#getMedicineById(Long)
2026-02-17 23:03:48 [http-nio-8082-exec-3] DEBUG c.m.a.config.JwtAuthenticationFilter - ════════════════════════════════════════════════════════════════
2026-02-17 23:03:48 [http-nio-8082-exec-3] DEBUG c.m.a.config.JwtAuthenticationFilter - 📍 [JWT FILTER] START
2026-02-17 23:03:48 [http-nio-8082-exec-2] INFO  c.m.admin.service.MedicineService - 🔍 Fetching medicine with id: 105
2026-02-17 23:03:48 [http-nio-8082-exec-3] DEBUG c.m.a.config.JwtAuthenticationFilter - METHOD: GET | URI: /medicines/2
2026-02-17 23:03:48 [http-nio-8082-exec-3] DEBUG c.m.a.config.JwtAuthenticationFilter - Remote Address: 127.0.0.1
2026-02-17 23:03:48 [http-nio-8082-exec-3] DEBUG c.m.a.config.JwtAuthenticationFilter - ════════════════════════════════════════════════════════════════
2026-02-17 23:03:48 [http-nio-8082-exec-3] DEBUG c.m.a.config.JwtAuthenticationFilter - 🔍 [JWT FILTER] Reading Authorization header
2026-02-17 23:03:48 [http-nio-8082-exec-3] DEBUG c.m.a.config.JwtAuthenticationFilter - 📋 Header value: NULL
2026-02-17 23:03:48 [http-nio-8082-exec-3] WARN  c.m.a.config.JwtAuthenticationFilter - ⚠️  [JWT FILTER] Authorization header is NULL
2026-02-17 23:03:48 [http-nio-8082-exec-3] DEBUG c.m.a.config.JwtAuthenticationFilter - → Passing request to next filter WITHOUT authentication
2026-02-17 23:03:48 [http-nio-8082-exec-3] DEBUG o.s.web.servlet.DispatcherServlet - GET "/medicines/2", parameters={}
2026-02-17 23:03:48 [http-nio-8082-exec-3] DEBUG o.s.w.s.m.m.a.RequestMappingHandlerMapping - Mapped to com.medicart.admin.controller.MedicineController#getMedicineById(Long)
2026-02-17 23:03:48 [http-nio-8082-exec-3] INFO  c.m.admin.service.MedicineService - 🔍 Fetching medicine with id: 2
2026-02-17 23:03:48 [http-nio-8082-exec-2] DEBUG o.s.w.s.m.m.a.HttpEntityMethodProcessor - Using 'application/json', given [*/*] and supported [application/json, application/*+json, application/yaml]
2026-02-17 23:03:48 [http-nio-8082-exec-2] DEBUG o.s.w.s.m.m.a.HttpEntityMethodProcessor - Writing [MedicineDTO(id=105, name=Hydrocortisone Cream 1%, category=Dermatology, price=6.25, sku=MED105, requ (truncated)...]
2026-02-17 23:03:48 [http-nio-8082-exec-2] DEBUG o.s.web.servlet.DispatcherServlet - Completed 200 OK
2026-02-17 23:03:48 [http-nio-8082-exec-4] DEBUG c.m.a.config.JwtAuthenticationFilter - ════════════════════════════════════════════════════════════════
2026-02-17 23:03:48 [http-nio-8082-exec-3] DEBUG o.s.w.s.m.m.a.HttpEntityMethodProcessor - Using 'application/json', given [*/*] and supported [application/json, application/*+json, application/yaml]
2026-02-17 23:03:48 [http-nio-8082-exec-3] DEBUG o.s.w.s.m.m.a.HttpEntityMethodProcessor - Writing [MedicineDTO(id=2, name=Benidril, category=Syrup, price=52.0, sku=BDRL, requiresRx=false, description (truncated)...]
2026-02-17 23:03:48 [http-nio-8082-exec-4] DEBUG c.m.a.config.JwtAuthenticationFilter - 📍 [JWT FILTER] START
2026-02-17 23:03:48 [http-nio-8082-exec-3] DEBUG o.s.web.servlet.DispatcherServlet - Completed 200 OK
2026-02-17 23:03:48 [http-nio-8082-exec-4] DEBUG c.m.a.config.JwtAuthenticationFilter - METHOD: GET | URI: /medicines/104
2026-02-17 23:03:48 [http-nio-8082-exec-7] DEBUG c.m.a.config.JwtAuthenticationFilter - ════════════════════════════════════════════════════════════════
2026-02-17 23:03:48 [http-nio-8082-exec-7] DEBUG c.m.a.config.JwtAuthenticationFilter - 📍 [JWT FILTER] START
2026-02-17 23:03:48 [http-nio-8082-exec-7] DEBUG c.m.a.config.JwtAuthenticationFilter - METHOD: GET | URI: /medicines/101
2026-02-17 23:03:48 [http-nio-8082-exec-7] DEBUG c.m.a.config.JwtAuthenticationFilter - Remote Address: 127.0.0.1
2026-02-17 23:03:48 [http-nio-8082-exec-7] DEBUG c.m.a.config.JwtAuthenticationFilter - ════════════════════════════════════════════════════════════════
2026-02-17 23:03:48 [http-nio-8082-exec-7] DEBUG c.m.a.config.JwtAuthenticationFilter - 🔍 [JWT FILTER] Reading Authorization header
2026-02-17 23:03:48 [http-nio-8082-exec-7] DEBUG c.m.a.config.JwtAuthenticationFilter - 📋 Header value: NULL
2026-02-17 23:03:48 [http-nio-8082-exec-7] WARN  c.m.a.config.JwtAuthenticationFilter - ⚠️  [JWT FILTER] Authorization header is NULL
2026-02-17 23:03:48 [http-nio-8082-exec-7] DEBUG c.m.a.config.JwtAuthenticationFilter - → Passing request to next filter WITHOUT authentication
2026-02-17 23:03:48 [http-nio-8082-exec-4] DEBUG c.m.a.config.JwtAuthenticationFilter - Remote Address: 127.0.0.1
2026-02-17 23:03:48 [http-nio-8082-exec-7] DEBUG o.s.web.servlet.DispatcherServlet - GET "/medicines/101", parameters={}
2026-02-17 23:03:48 [http-nio-8082-exec-4] DEBUG c.m.a.config.JwtAuthenticationFilter - ════════════════════════════════════════════════════════════════
2026-02-17 23:03:48 [http-nio-8082-exec-7] DEBUG o.s.w.s.m.m.a.RequestMappingHandlerMapping - Mapped to com.medicart.admin.controller.MedicineController#getMedicineById(Long)
2026-02-17 23:03:48 [http-nio-8082-exec-4] DEBUG c.m.a.config.JwtAuthenticationFilter - 🔍 [JWT FILTER] Reading Authorization header
2026-02-17 23:03:48 [http-nio-8082-exec-7] INFO  c.m.admin.service.MedicineService - 🔍 Fetching medicine with id: 101
2026-02-17 23:03:48 [http-nio-8082-exec-4] DEBUG c.m.a.config.JwtAuthenticationFilter - 📋 Header value: NULL
2026-02-17 23:03:48 [http-nio-8082-exec-4] WARN  c.m.a.config.JwtAuthenticationFilter - ⚠️  [JWT FILTER] Authorization header is NULL
2026-02-17 23:03:48 [http-nio-8082-exec-4] DEBUG c.m.a.config.JwtAuthenticationFilter - → Passing request to next filter WITHOUT authentication
2026-02-17 23:03:48 [http-nio-8082-exec-4] DEBUG o.s.web.servlet.DispatcherServlet - GET "/medicines/104", parameters={}
2026-02-17 23:03:48 [http-nio-8082-exec-4] DEBUG o.s.w.s.m.m.a.RequestMappingHandlerMapping - Mapped to com.medicart.admin.controller.MedicineController#getMedicineById(Long)
2026-02-17 23:03:48 [http-nio-8082-exec-4] INFO  c.m.admin.service.MedicineService - 🔍 Fetching medicine with id: 104
2026-02-17 23:03:48 [http-nio-8082-exec-7] DEBUG o.s.w.s.m.m.a.HttpEntityMethodProcessor - Using 'application/json', given [*/*] and supported [application/json, application/*+json, application/yaml]
2026-02-17 23:03:48 [http-nio-8082-exec-7] DEBUG o.s.w.s.m.m.a.HttpEntityMethodProcessor - Writing [MedicineDTO(id=101, name=Paracetamol 500mg, category=Analgesic, price=5.5, sku=MED101, requiresRx=fa (truncated)...]
2026-02-17 23:03:48 [http-nio-8082-exec-7] DEBUG o.s.web.servlet.DispatcherServlet - Completed 200 OK
2026-02-17 23:03:48 [http-nio-8082-exec-4] DEBUG o.s.w.s.m.m.a.HttpEntityMethodProcessor - Using 'application/json', given [*/*] and supported [application/json, application/*+json, application/yaml]
2026-02-17 23:03:48 [http-nio-8082-exec-4] DEBUG o.s.w.s.m.m.a.HttpEntityMethodProcessor - Writing [MedicineDTO(id=104, name=Omeprazole 20mg, category=Gastro, price=8.75, sku=MED104, requiresRx=false, (truncated)...]
2026-02-17 23:03:49 [http-nio-8082-exec-4] DEBUG o.s.web.servlet.DispatcherServlet - Completed 200 OK
2026-02-17 23:03:49 [http-nio-8082-exec-9] DEBUG c.m.a.config.JwtAuthenticationFilter - ════════════════════════════════════════════════════════════════
2026-02-17 23:03:49 [http-nio-8082-exec-8] DEBUG c.m.a.config.JwtAuthenticationFilter - ════════════════════════════════════════════════════════════════
2026-02-17 23:03:49 [http-nio-8082-exec-8] DEBUG c.m.a.config.JwtAuthenticationFilter - 📍 [JWT FILTER] START
2026-02-17 23:03:49 [http-nio-8082-exec-8] DEBUG c.m.a.config.JwtAuthenticationFilter - METHOD: GET | URI: /medicines/2
2026-02-17 23:03:49 [http-nio-8082-exec-8] DEBUG c.m.a.config.JwtAuthenticationFilter - Remote Address: 127.0.0.1
2026-02-17 23:03:49 [http-nio-8082-exec-8] DEBUG c.m.a.config.JwtAuthenticationFilter - ════════════════════════════════════════════════════════════════
2026-02-17 23:03:49 [http-nio-8082-exec-8] DEBUG c.m.a.config.JwtAuthenticationFilter - 🔍 [JWT FILTER] Reading Authorization header
2026-02-17 23:03:49 [http-nio-8082-exec-8] DEBUG c.m.a.config.JwtAuthenticationFilter - 📋 Header value: NULL
2026-02-17 23:03:49 [http-nio-8082-exec-8] WARN  c.m.a.config.JwtAuthenticationFilter - ⚠️  [JWT FILTER] Authorization header is NULL
2026-02-17 23:03:49 [http-nio-8082-exec-8] DEBUG c.m.a.config.JwtAuthenticationFilter - → Passing request to next filter WITHOUT authentication
2026-02-17 23:03:49 [http-nio-8082-exec-8] DEBUG o.s.web.servlet.DispatcherServlet - GET "/medicines/2", parameters={}
2026-02-17 23:03:49 [http-nio-8082-exec-8] DEBUG o.s.w.s.m.m.a.RequestMappingHandlerMapping - Mapped to com.medicart.admin.controller.MedicineController#getMedicineById(Long)
2026-02-17 23:03:49 [http-nio-8082-exec-8] INFO  c.m.admin.service.MedicineService - 🔍 Fetching medicine with id: 2
2026-02-17 23:03:49 [http-nio-8082-exec-9] DEBUG c.m.a.config.JwtAuthenticationFilter - 📍 [JWT FILTER] START
2026-02-17 23:03:49 [http-nio-8082-exec-8] DEBUG o.s.w.s.m.m.a.HttpEntityMethodProcessor - Using 'application/json', given [*/*] and supported [application/json, application/*+json, application/yaml]
2026-02-17 23:03:49 [http-nio-8082-exec-9] DEBUG c.m.a.config.JwtAuthenticationFilter - METHOD: GET | URI: /medicines/102
2026-02-17 23:03:49 [http-nio-8082-exec-8] DEBUG o.s.w.s.m.m.a.HttpEntityMethodProcessor - Writing [MedicineDTO(id=2, name=Benidril, category=Syrup, price=52.0, sku=BDRL, requiresRx=false, description (truncated)...]
2026-02-17 23:03:49 [http-nio-8082-exec-9] DEBUG c.m.a.config.JwtAuthenticationFilter - Remote Address: 127.0.0.1
2026-02-17 23:03:49 [http-nio-8082-exec-8] DEBUG o.s.web.servlet.DispatcherServlet - Completed 200 OK
2026-02-17 23:03:49 [http-nio-8082-exec-9] DEBUG c.m.a.config.JwtAuthenticationFilter - ════════════════════════════════════════════════════════════════
2026-02-17 23:03:49 [http-nio-8082-exec-9] DEBUG c.m.a.config.JwtAuthenticationFilter - 🔍 [JWT FILTER] Reading Authorization header
2026-02-17 23:03:49 [http-nio-8082-exec-9] DEBUG c.m.a.config.JwtAuthenticationFilter - 📋 Header value: NULL
2026-02-17 23:03:49 [http-nio-8082-exec-10] DEBUG c.m.a.config.JwtAuthenticationFilter - ════════════════════════════════════════════════════════════════
2026-02-17 23:03:49 [http-nio-8082-exec-9] WARN  c.m.a.config.JwtAuthenticationFilter - ⚠️  [JWT FILTER] Authorization header is NULL
2026-02-17 23:03:49 [http-nio-8082-exec-10] DEBUG c.m.a.config.JwtAuthenticationFilter - 📍 [JWT FILTER] START
2026-02-17 23:03:49 [http-nio-8082-exec-9] DEBUG c.m.a.config.JwtAuthenticationFilter - → Passing request to next filter WITHOUT authentication
2026-02-17 23:03:49 [http-nio-8082-exec-10] DEBUG c.m.a.config.JwtAuthenticationFilter - METHOD: GET | URI: /medicines/107
2026-02-17 23:03:49 [http-nio-8082-exec-9] DEBUG o.s.web.servlet.DispatcherServlet - GET "/medicines/102", parameters={}
2026-02-17 23:03:49 [http-nio-8082-exec-10] DEBUG c.m.a.config.JwtAuthenticationFilter - Remote Address: 127.0.0.1
2026-02-17 23:03:49 [http-nio-8082-exec-10] DEBUG c.m.a.config.JwtAuthenticationFilter - ════════════════════════════════════════════════════════════════
2026-02-17 23:03:49 [http-nio-8082-exec-10] DEBUG c.m.a.config.JwtAuthenticationFilter - 🔍 [JWT FILTER] Reading Authorization header
2026-02-17 23:03:49 [http-nio-8082-exec-9] DEBUG o.s.w.s.m.m.a.RequestMappingHandlerMapping - Mapped to com.medicart.admin.controller.MedicineController#getMedicineById(Long)
2026-02-17 23:03:49 [http-nio-8082-exec-10] DEBUG c.m.a.config.JwtAuthenticationFilter - 📋 Header value: NULL
2026-02-17 23:03:49 [http-nio-8082-exec-10] WARN  c.m.a.config.JwtAuthenticationFilter - ⚠️  [JWT FILTER] Authorization header is NULL
2026-02-17 23:03:49 [http-nio-8082-exec-9] INFO  c.m.admin.service.MedicineService - 🔍 Fetching medicine with id: 102
2026-02-17 23:03:49 [http-nio-8082-exec-10] DEBUG c.m.a.config.JwtAuthenticationFilter - → Passing request to next filter WITHOUT authentication
2026-02-17 23:03:49 [http-nio-8082-exec-10] DEBUG o.s.web.servlet.DispatcherServlet - GET "/medicines/107", parameters={}
2026-02-17 23:03:49 [http-nio-8082-exec-10] DEBUG o.s.w.s.m.m.a.RequestMappingHandlerMapping - Mapped to com.medicart.admin.controller.MedicineController#getMedicineById(Long)
2026-02-17 23:03:49 [http-nio-8082-exec-10] INFO  c.m.admin.service.MedicineService - 🔍 Fetching medicine with id: 107
2026-02-17 23:03:49 [http-nio-8082-exec-9] DEBUG o.s.w.s.m.m.a.HttpEntityMethodProcessor - Using 'application/json', given [*/*] and supported [application/json, application/*+json, application/yaml]
2026-02-17 23:03:49 [http-nio-8082-exec-9] DEBUG o.s.w.s.m.m.a.HttpEntityMethodProcessor - Writing [MedicineDTO(id=102, name=Amoxicillin 250mg, category=Antibiotic, price=12.0, sku=MED102, requiresRx= (truncated)...]
2026-02-17 23:03:49 [http-nio-8082-exec-9] DEBUG o.s.web.servlet.DispatcherServlet - Completed 200 OK
2026-02-17 23:03:49 [http-nio-8082-exec-10] DEBUG o.s.w.s.m.m.a.HttpEntityMethodProcessor - Using 'application/json', given [*/*] and supported [application/json, application/*+json, application/yaml]
2026-02-17 23:03:49 [http-nio-8082-exec-10] DEBUG o.s.w.s.m.m.a.HttpEntityMethodProcessor - Writing [MedicineDTO(id=107, name=Salbutamol Inhaler, category=Respiratory, price=220.0, sku=MED107, requires (truncated)...]
2026-02-17 23:03:49 [http-nio-8082-exec-10] DEBUG o.s.web.servlet.DispatcherServlet - Completed 200 OK
2026-02-17 23:03:49 [http-nio-8082-exec-6] DEBUG c.m.a.config.JwtAuthenticationFilter - ════════════════════════════════════════════════════════════════
2026-02-17 23:03:49 [http-nio-8082-exec-6] DEBUG c.m.a.config.JwtAuthenticationFilter - 📍 [JWT FILTER] START
2026-02-17 23:03:49 [http-nio-8082-exec-6] DEBUG c.m.a.config.JwtAuthenticationFilter - METHOD: GET | URI: /medicines/103
2026-02-17 23:03:49 [http-nio-8082-exec-6] DEBUG c.m.a.config.JwtAuthenticationFilter - Remote Address: 127.0.0.1
2026-02-17 23:03:49 [http-nio-8082-exec-6] DEBUG c.m.a.config.JwtAuthenticationFilter - ════════════════════════════════════════════════════════════════
2026-02-17 23:03:49 [http-nio-8082-exec-6] DEBUG c.m.a.config.JwtAuthenticationFilter - 🔍 [JWT FILTER] Reading Authorization header
2026-02-17 23:03:49 [http-nio-8082-exec-5] DEBUG c.m.a.config.JwtAuthenticationFilter - ════════════════════════════════════════════════════════════════
2026-02-17 23:03:49 [http-nio-8082-exec-6] DEBUG c.m.a.config.JwtAuthenticationFilter - 📋 Header value: NULL
2026-02-17 23:03:49 [http-nio-8082-exec-5] DEBUG c.m.a.config.JwtAuthenticationFilter - 📍 [JWT FILTER] START
2026-02-17 23:03:49 [http-nio-8082-exec-6] WARN  c.m.a.config.JwtAuthenticationFilter - ⚠️  [JWT FILTER] Authorization header is NULL
2026-02-17 23:03:49 [http-nio-8082-exec-5] DEBUG c.m.a.config.JwtAuthenticationFilter - METHOD: GET | URI: /medicines/103
2026-02-17 23:03:49 [http-nio-8082-exec-5] DEBUG c.m.a.config.JwtAuthenticationFilter - Remote Address: 127.0.0.1
2026-02-17 23:03:49 [http-nio-8082-exec-5] DEBUG c.m.a.config.JwtAuthenticationFilter - ════════════════════════════════════════════════════════════════
2026-02-17 23:03:49 [http-nio-8082-exec-5] DEBUG c.m.a.config.JwtAuthenticationFilter - 🔍 [JWT FILTER] Reading Authorization header
2026-02-17 23:03:49 [http-nio-8082-exec-5] DEBUG c.m.a.config.JwtAuthenticationFilter - 📋 Header value: NULL
2026-02-17 23:03:49 [http-nio-8082-exec-5] WARN  c.m.a.config.JwtAuthenticationFilter - ⚠️  [JWT FILTER] Authorization header is NULL
2026-02-17 23:03:49 [http-nio-8082-exec-6] DEBUG c.m.a.config.JwtAuthenticationFilter - → Passing request to next filter WITHOUT authentication
2026-02-17 23:03:49 [http-nio-8082-exec-5] DEBUG c.m.a.config.JwtAuthenticationFilter - → Passing request to next filter WITHOUT authentication
2026-02-17 23:03:49 [http-nio-8082-exec-6] DEBUG o.s.web.servlet.DispatcherServlet - GET "/medicines/103", parameters={}
2026-02-17 23:03:49 [http-nio-8082-exec-5] DEBUG o.s.web.servlet.DispatcherServlet - GET "/medicines/103", parameters={}
2026-02-17 23:03:49 [http-nio-8082-exec-5] DEBUG o.s.w.s.m.m.a.RequestMappingHandlerMapping - Mapped to com.medicart.admin.controller.MedicineController#getMedicineById(Long)
2026-02-17 23:03:49 [http-nio-8082-exec-6] DEBUG o.s.w.s.m.m.a.RequestMappingHandlerMapping - Mapped to com.medicart.admin.controller.MedicineController#getMedicineById(Long)
2026-02-17 23:03:49 [http-nio-8082-exec-6] INFO  c.m.admin.service.MedicineService - 🔍 Fetching medicine with id: 103
2026-02-17 23:03:49 [http-nio-8082-exec-5] INFO  c.m.admin.service.MedicineService - 🔍 Fetching medicine with id: 103
2026-02-17 23:03:49 [http-nio-8082-exec-6] DEBUG o.s.w.s.m.m.a.HttpEntityMethodProcessor - Using 'application/json', given [*/*] and supported [application/json, application/*+json, application/yaml]
2026-02-17 23:03:49 [http-nio-8082-exec-5] DEBUG o.s.w.s.m.m.a.HttpEntityMethodProcessor - Using 'application/json', given [*/*] and supported [application/json, application/*+json, application/yaml]
2026-02-17 23:03:49 [http-nio-8082-exec-6] DEBUG o.s.w.s.m.m.a.HttpEntityMethodProcessor - Writing [MedicineDTO(id=103, name=Atorvastatin 10mg, category=Cardiac, price=18.5, sku=MED103, requiresRx=tru (truncated)...]
2026-02-17 23:03:49 [http-nio-8082-exec-5] DEBUG o.s.w.s.m.m.a.HttpEntityMethodProcessor - Writing [MedicineDTO(id=103, name=Atorvastatin 10mg, category=Cardiac, price=18.5, sku=MED103, requiresRx=tru (truncated)...]
2026-02-17 23:03:49 [http-nio-8082-exec-5] DEBUG o.s.web.servlet.DispatcherServlet - Completed 200 OK
2026-02-17 23:03:49 [http-nio-8082-exec-6] DEBUG o.s.web.servlet.DispatcherServlet - Completed 200 OK
2026-02-17 23:03:49 [http-nio-8082-exec-1] DEBUG c.m.a.config.JwtAuthenticationFilter - ════════════════════════════════════════════════════════════════
2026-02-17 23:03:49 [http-nio-8082-exec-2] DEBUG c.m.a.config.JwtAuthenticationFilter - ════════════════════════════════════════════════════════════════
2026-02-17 23:03:49 [http-nio-8082-exec-2] DEBUG c.m.a.config.JwtAuthenticationFilter - 📍 [JWT FILTER] START
2026-02-17 23:03:49 [http-nio-8082-exec-2] DEBUG c.m.a.config.JwtAuthenticationFilter - METHOD: GET | URI: /medicines/104
2026-02-17 23:03:49 [http-nio-8082-exec-2] DEBUG c.m.a.config.JwtAuthenticationFilter - Remote Address: 127.0.0.1
2026-02-17 23:03:49 [http-nio-8082-exec-2] DEBUG c.m.a.config.JwtAuthenticationFilter - ════════════════════════════════════════════════════════════════
2026-02-17 23:03:49 [http-nio-8082-exec-2] DEBUG c.m.a.config.JwtAuthenticationFilter - 🔍 [JWT FILTER] Reading Authorization header
2026-02-17 23:03:49 [http-nio-8082-exec-1] DEBUG c.m.a.config.JwtAuthenticationFilter - 📍 [JWT FILTER] START
2026-02-17 23:03:49 [http-nio-8082-exec-1] DEBUG c.m.a.config.JwtAuthenticationFilter - METHOD: GET | URI: /medicines/102
2026-02-17 23:03:49 [http-nio-8082-exec-2] DEBUG c.m.a.config.JwtAuthenticationFilter - 📋 Header value: NULL
2026-02-17 23:03:49 [http-nio-8082-exec-1] DEBUG c.m.a.config.JwtAuthenticationFilter - Remote Address: 127.0.0.1
2026-02-17 23:03:49 [http-nio-8082-exec-2] WARN  c.m.a.config.JwtAuthenticationFilter - ⚠️  [JWT FILTER] Authorization header is NULL
2026-02-17 23:03:49 [http-nio-8082-exec-1] DEBUG c.m.a.config.JwtAuthenticationFilter - ════════════════════════════════════════════════════════════════
2026-02-17 23:03:49 [http-nio-8082-exec-2] DEBUG c.m.a.config.JwtAuthenticationFilter - → Passing request to next filter WITHOUT authentication
2026-02-17 23:03:49 [http-nio-8082-exec-1] DEBUG c.m.a.config.JwtAuthenticationFilter - 🔍 [JWT FILTER] Reading Authorization header
2026-02-17 23:03:49 [http-nio-8082-exec-2] DEBUG o.s.web.servlet.DispatcherServlet - GET "/medicines/104", parameters={}
2026-02-17 23:03:49 [http-nio-8082-exec-1] DEBUG c.m.a.config.JwtAuthenticationFilter - 📋 Header value: NULL
2026-02-17 23:03:49 [http-nio-8082-exec-2] DEBUG o.s.w.s.m.m.a.RequestMappingHandlerMapping - Mapped to com.medicart.admin.controller.MedicineController#getMedicineById(Long)
2026-02-17 23:03:49 [http-nio-8082-exec-1] WARN  c.m.a.config.JwtAuthenticationFilter - ⚠️  [JWT FILTER] Authorization header is NULL
2026-02-17 23:03:49 [http-nio-8082-exec-1] DEBUG c.m.a.config.JwtAuthenticationFilter - → Passing request to next filter WITHOUT authentication
2026-02-17 23:03:49 [http-nio-8082-exec-1] DEBUG o.s.web.servlet.DispatcherServlet - GET "/medicines/102", parameters={}
2026-02-17 23:03:49 [http-nio-8082-exec-2] INFO  c.m.admin.service.MedicineService - 🔍 Fetching medicine with id: 104
2026-02-17 23:03:49 [http-nio-8082-exec-1] DEBUG o.s.w.s.m.m.a.RequestMappingHandlerMapping - Mapped to com.medicart.admin.controller.MedicineController#getMedicineById(Long)
2026-02-17 23:03:49 [http-nio-8082-exec-1] INFO  c.m.admin.service.MedicineService - 🔍 Fetching medicine with id: 102
2026-02-17 23:03:49 [http-nio-8082-exec-2] DEBUG o.s.w.s.m.m.a.HttpEntityMethodProcessor - Using 'application/json', given [*/*] and supported [application/json, application/*+json, application/yaml]
2026-02-17 23:03:49 [http-nio-8082-exec-2] DEBUG o.s.w.s.m.m.a.HttpEntityMethodProcessor - Writing [MedicineDTO(id=104, name=Omeprazole 20mg, category=Gastro, price=8.75, sku=MED104, requiresRx=false, (truncated)...]
2026-02-17 23:03:49 [http-nio-8082-exec-2] DEBUG o.s.web.servlet.DispatcherServlet - Completed 200 OK
2026-02-17 23:03:49 [http-nio-8082-exec-1] DEBUG o.s.w.s.m.m.a.HttpEntityMethodProcessor - Using 'application/json', given [*/*] and supported [application/json, application/*+json, application/yaml]
2026-02-17 23:03:49 [http-nio-8082-exec-1] DEBUG o.s.w.s.m.m.a.HttpEntityMethodProcessor - Writing [MedicineDTO(id=102, name=Amoxicillin 250mg, category=Antibiotic, price=12.0, sku=MED102, requiresRx= (truncated)...]
2026-02-17 23:03:49 [http-nio-8082-exec-3] DEBUG c.m.a.config.JwtAuthenticationFilter - ════════════════════════════════════════════════════════════════
2026-02-17 23:03:49 [http-nio-8082-exec-3] DEBUG c.m.a.config.JwtAuthenticationFilter - 📍 [JWT FILTER] START
2026-02-17 23:03:49 [http-nio-8082-exec-1] DEBUG o.s.web.servlet.DispatcherServlet - Completed 200 OK
2026-02-17 23:03:49 [http-nio-8082-exec-3] DEBUG c.m.a.config.JwtAuthenticationFilter - METHOD: GET | URI: /medicines/105
2026-02-17 23:03:49 [http-nio-8082-exec-3] DEBUG c.m.a.config.JwtAuthenticationFilter - Remote Address: 127.0.0.1
2026-02-17 23:03:49 [http-nio-8082-exec-3] DEBUG c.m.a.config.JwtAuthenticationFilter - ════════════════════════════════════════════════════════════════
2026-02-17 23:03:49 [http-nio-8082-exec-3] DEBUG c.m.a.config.JwtAuthenticationFilter - 🔍 [JWT FILTER] Reading Authorization header
2026-02-17 23:03:49 [http-nio-8082-exec-3] DEBUG c.m.a.config.JwtAuthenticationFilter - 📋 Header value: NULL
2026-02-17 23:03:49 [http-nio-8082-exec-3] WARN  c.m.a.config.JwtAuthenticationFilter - ⚠️  [JWT FILTER] Authorization header is NULL
2026-02-17 23:03:49 [http-nio-8082-exec-3] DEBUG c.m.a.config.JwtAuthenticationFilter - → Passing request to next filter WITHOUT authentication
2026-02-17 23:03:49 [http-nio-8082-exec-3] DEBUG o.s.web.servlet.DispatcherServlet - GET "/medicines/105", parameters={}
2026-02-17 23:03:49 [http-nio-8082-exec-3] DEBUG o.s.w.s.m.m.a.RequestMappingHandlerMapping - Mapped to com.medicart.admin.controller.MedicineController#getMedicineById(Long)
2026-02-17 23:03:49 [http-nio-8082-exec-3] INFO  c.m.admin.service.MedicineService - 🔍 Fetching medicine with id: 105
2026-02-17 23:03:49 [http-nio-8082-exec-3] DEBUG o.s.w.s.m.m.a.HttpEntityMethodProcessor - Using 'application/json', given [*/*] and supported [application/json, application/*+json, application/yaml]
2026-02-17 23:03:49 [http-nio-8082-exec-3] DEBUG o.s.w.s.m.m.a.HttpEntityMethodProcessor - Writing [MedicineDTO(id=105, name=Hydrocortisone Cream 1%, category=Dermatology, price=6.25, sku=MED105, requ (truncated)...]
2026-02-17 23:03:49 [http-nio-8082-exec-3] DEBUG o.s.web.servlet.DispatcherServlet - Completed 200 OK
2026-02-17 23:03:49 [http-nio-8082-exec-7] DEBUG c.m.a.config.JwtAuthenticationFilter - ════════════════════════════════════════════════════════════════
2026-02-17 23:03:49 [http-nio-8082-exec-7] DEBUG c.m.a.config.JwtAuthenticationFilter - 📍 [JWT FILTER] START
2026-02-17 23:03:49 [http-nio-8082-exec-7] DEBUG c.m.a.config.JwtAuthenticationFilter - METHOD: GET | URI: /medicines/106
2026-02-17 23:03:49 [http-nio-8082-exec-7] DEBUG c.m.a.config.JwtAuthenticationFilter - Remote Address: 127.0.0.1
2026-02-17 23:03:49 [http-nio-8082-exec-7] DEBUG c.m.a.config.JwtAuthenticationFilter - ════════════════════════════════════════════════════════════════
2026-02-17 23:03:49 [http-nio-8082-exec-7] DEBUG c.m.a.config.JwtAuthenticationFilter - 🔍 [JWT FILTER] Reading Authorization header
2026-02-17 23:03:49 [http-nio-8082-exec-7] DEBUG c.m.a.config.JwtAuthenticationFilter - 📋 Header value: NULL
2026-02-17 23:03:49 [http-nio-8082-exec-7] WARN  c.m.a.config.JwtAuthenticationFilter - ⚠️  [JWT FILTER] Authorization header is NULL
2026-02-17 23:03:49 [http-nio-8082-exec-7] DEBUG c.m.a.config.JwtAuthenticationFilter - → Passing request to next filter WITHOUT authentication
2026-02-17 23:03:49 [http-nio-8082-exec-7] DEBUG o.s.web.servlet.DispatcherServlet - GET "/medicines/106", parameters={}
2026-02-17 23:03:49 [http-nio-8082-exec-7] DEBUG o.s.w.s.m.m.a.RequestMappingHandlerMapping - Mapped to com.medicart.admin.controller.MedicineController#getMedicineById(Long)
2026-02-17 23:03:49 [http-nio-8082-exec-7] INFO  c.m.admin.service.MedicineService - 🔍 Fetching medicine with id: 106
2026-02-17 23:03:49 [http-nio-8082-exec-7] DEBUG o.s.w.s.m.m.a.HttpEntityMethodProcessor - Using 'application/json', given [*/*] and supported [application/json, application/*+json, application/yaml]
2026-02-17 23:03:49 [http-nio-8082-exec-7] DEBUG o.s.w.s.m.m.a.HttpEntityMethodProcessor - Writing [MedicineDTO(id=106, name=Ibuprofen 200mg, category=Analgesic, price=7.0, sku=MED106, requiresRx=fals (truncated)...]
2026-02-17 23:03:49 [http-nio-8082-exec-7] DEBUG o.s.web.servlet.DispatcherServlet - Completed 200 OK
2026-02-17 23:03:49 [http-nio-8082-exec-4] DEBUG c.m.a.config.JwtAuthenticationFilter - ════════════════════════════════════════════════════════════════
2026-02-17 23:03:49 [http-nio-8082-exec-4] DEBUG c.m.a.config.JwtAuthenticationFilter - 📍 [JWT FILTER] START
2026-02-17 23:03:49 [http-nio-8082-exec-4] DEBUG c.m.a.config.JwtAuthenticationFilter - METHOD: GET | URI: /medicines/107
2026-02-17 23:03:49 [http-nio-8082-exec-4] DEBUG c.m.a.config.JwtAuthenticationFilter - Remote Address: 127.0.0.1
2026-02-17 23:03:49 [http-nio-8082-exec-4] DEBUG c.m.a.config.JwtAuthenticationFilter - ════════════════════════════════════════════════════════════════
2026-02-17 23:03:49 [http-nio-8082-exec-4] DEBUG c.m.a.config.JwtAuthenticationFilter - 🔍 [JWT FILTER] Reading Authorization header
2026-02-17 23:03:49 [http-nio-8082-exec-4] DEBUG c.m.a.config.JwtAuthenticationFilter - 📋 Header value: NULL
2026-02-17 23:03:49 [http-nio-8082-exec-4] WARN  c.m.a.config.JwtAuthenticationFilter - ⚠️  [JWT FILTER] Authorization header is NULL
2026-02-17 23:03:49 [http-nio-8082-exec-4] DEBUG c.m.a.config.JwtAuthenticationFilter - → Passing request to next filter WITHOUT authentication
2026-02-17 23:03:49 [http-nio-8082-exec-4] DEBUG o.s.web.servlet.DispatcherServlet - GET "/medicines/107", parameters={}
2026-02-17 23:03:49 [http-nio-8082-exec-4] DEBUG o.s.w.s.m.m.a.RequestMappingHandlerMapping - Mapped to com.medicart.admin.controller.MedicineController#getMedicineById(Long)
2026-02-17 23:03:49 [http-nio-8082-exec-4] INFO  c.m.admin.service.MedicineService - 🔍 Fetching medicine with id: 107
2026-02-17 23:03:49 [http-nio-8082-exec-4] DEBUG o.s.w.s.m.m.a.HttpEntityMethodProcessor - Using 'application/json', given [*/*] and supported [application/json, application/*+json, application/yaml]
2026-02-17 23:03:49 [http-nio-8082-exec-4] DEBUG o.s.w.s.m.m.a.HttpEntityMethodProcessor - Writing [MedicineDTO(id=107, name=Salbutamol Inhaler, category=Respiratory, price=220.0, sku=MED107, requires (truncated)...]
2026-02-17 23:03:49 [http-nio-8082-exec-4] DEBUG o.s.web.servlet.DispatcherServlet - Completed 200 OK
2026-02-17 23:03:49 [http-nio-8082-exec-8] DEBUG c.m.a.config.JwtAuthenticationFilter - ════════════════════════════════════════════════════════════════
2026-02-17 23:03:49 [http-nio-8082-exec-8] DEBUG c.m.a.config.JwtAuthenticationFilter - 📍 [JWT FILTER] START
2026-02-17 23:03:49 [http-nio-8082-exec-8] DEBUG c.m.a.config.JwtAuthenticationFilter - METHOD: GET | URI: /medicines/108
2026-02-17 23:03:49 [http-nio-8082-exec-8] DEBUG c.m.a.config.JwtAuthenticationFilter - Remote Address: 127.0.0.1
2026-02-17 23:03:49 [http-nio-8082-exec-8] DEBUG c.m.a.config.JwtAuthenticationFilter - ════════════════════════════════════════════════════════════════
2026-02-17 23:03:49 [http-nio-8082-exec-8] DEBUG c.m.a.config.JwtAuthenticationFilter - 🔍 [JWT FILTER] Reading Authorization header
2026-02-17 23:03:49 [http-nio-8082-exec-8] DEBUG c.m.a.config.JwtAuthenticationFilter - 📋 Header value: NULL
2026-02-17 23:03:49 [http-nio-8082-exec-8] WARN  c.m.a.config.JwtAuthenticationFilter - ⚠️  [JWT FILTER] Authorization header is NULL
2026-02-17 23:03:49 [http-nio-8082-exec-8] DEBUG c.m.a.config.JwtAuthenticationFilter - → Passing request to next filter WITHOUT authentication
2026-02-17 23:03:49 [http-nio-8082-exec-8] DEBUG o.s.web.servlet.DispatcherServlet - GET "/medicines/108", parameters={}
2026-02-17 23:03:49 [http-nio-8082-exec-8] DEBUG o.s.w.s.m.m.a.RequestMappingHandlerMapping - Mapped to com.medicart.admin.controller.MedicineController#getMedicineById(Long)
2026-02-17 23:03:49 [http-nio-8082-exec-8] INFO  c.m.admin.service.MedicineService - 🔍 Fetching medicine with id: 108
2026-02-17 23:03:49 [http-nio-8082-exec-8] DEBUG o.s.w.s.m.m.a.HttpEntityMethodProcessor - Using 'application/json', given [*/*] and supported [application/json, application/*+json, application/yaml]
2026-02-17 23:03:49 [http-nio-8082-exec-8] DEBUG o.s.w.s.m.m.a.HttpEntityMethodProcessor - Writing [MedicineDTO(id=108, name=Vitamin D 1000IU, category=Supplements, price=9.99, sku=MED108, requiresRx= (truncated)...]
2026-02-17 23:03:49 [http-nio-8082-exec-8] DEBUG o.s.web.servlet.DispatcherServlet - Completed 200 OK
2026-02-17 23:03:49 [http-nio-8082-exec-9] DEBUG c.m.a.config.JwtAuthenticationFilter - ════════════════════════════════════════════════════════════════
2026-02-17 23:03:49 [http-nio-8082-exec-9] DEBUG c.m.a.config.JwtAuthenticationFilter - 📍 [JWT FILTER] START
2026-02-17 23:03:49 [http-nio-8082-exec-9] DEBUG c.m.a.config.JwtAuthenticationFilter - METHOD: GET | URI: /medicines/109
2026-02-17 23:03:49 [http-nio-8082-exec-9] DEBUG c.m.a.config.JwtAuthenticationFilter - Remote Address: 127.0.0.1
2026-02-17 23:03:49 [http-nio-8082-exec-9] DEBUG c.m.a.config.JwtAuthenticationFilter - ════════════════════════════════════════════════════════════════
2026-02-17 23:03:49 [http-nio-8082-exec-9] DEBUG c.m.a.config.JwtAuthenticationFilter - 🔍 [JWT FILTER] Reading Authorization header
2026-02-17 23:03:49 [http-nio-8082-exec-9] DEBUG c.m.a.config.JwtAuthenticationFilter - 📋 Header value: NULL
2026-02-17 23:03:49 [http-nio-8082-exec-9] WARN  c.m.a.config.JwtAuthenticationFilter - ⚠️  [JWT FILTER] Authorization header is NULL
2026-02-17 23:03:49 [http-nio-8082-exec-9] DEBUG c.m.a.config.JwtAuthenticationFilter - → Passing request to next filter WITHOUT authentication
2026-02-17 23:03:49 [http-nio-8082-exec-9] DEBUG o.s.web.servlet.DispatcherServlet - GET "/medicines/109", parameters={}
2026-02-17 23:03:49 [http-nio-8082-exec-9] DEBUG o.s.w.s.m.m.a.RequestMappingHandlerMapping - Mapped to com.medicart.admin.controller.MedicineController#getMedicineById(Long)
2026-02-17 23:03:49 [http-nio-8082-exec-9] INFO  c.m.admin.service.MedicineService - 🔍 Fetching medicine with id: 109
2026-02-17 23:03:49 [http-nio-8082-exec-9] DEBUG o.s.w.s.m.m.a.HttpEntityMethodProcessor - Using 'application/json', given [*/*] and supported [application/json, application/*+json, application/yaml]
2026-02-17 23:03:49 [http-nio-8082-exec-9] DEBUG o.s.w.s.m.m.a.HttpEntityMethodProcessor - Writing [MedicineDTO(id=109, name=Cough Syrup 100ml, category=Analgesic, price=45.0, sku=MED109, requiresRx=f (truncated)...]
2026-02-17 23:03:49 [http-nio-8082-exec-9] DEBUG o.s.web.servlet.DispatcherServlet - Completed 200 OK
2026-02-17 23:03:49 [http-nio-8082-exec-10] DEBUG c.m.a.config.JwtAuthenticationFilter - ════════════════════════════════════════════════════════════════
2026-02-17 23:03:49 [http-nio-8082-exec-10] DEBUG c.m.a.config.JwtAuthenticationFilter - 📍 [JWT FILTER] START
2026-02-17 23:03:49 [http-nio-8082-exec-10] DEBUG c.m.a.config.JwtAuthenticationFilter - METHOD: GET | URI: /medicines/110
2026-02-17 23:03:49 [http-nio-8082-exec-10] DEBUG c.m.a.config.JwtAuthenticationFilter - Remote Address: 127.0.0.1
2026-02-17 23:03:49 [http-nio-8082-exec-10] DEBUG c.m.a.config.JwtAuthenticationFilter - ════════════════════════════════════════════════════════════════
2026-02-17 23:03:49 [http-nio-8082-exec-10] DEBUG c.m.a.config.JwtAuthenticationFilter - 🔍 [JWT FILTER] Reading Authorization header
2026-02-17 23:03:49 [http-nio-8082-exec-10] DEBUG c.m.a.config.JwtAuthenticationFilter - 📋 Header value: NULL
2026-02-17 23:03:49 [http-nio-8082-exec-10] WARN  c.m.a.config.JwtAuthenticationFilter - ⚠️  [JWT FILTER] Authorization header is NULL
2026-02-17 23:03:49 [http-nio-8082-exec-10] DEBUG c.m.a.config.JwtAuthenticationFilter - → Passing request to next filter WITHOUT authentication
2026-02-17 23:03:49 [http-nio-8082-exec-10] DEBUG o.s.web.servlet.DispatcherServlet - GET "/medicines/110", parameters={}
2026-02-17 23:03:49 [http-nio-8082-exec-10] DEBUG o.s.w.s.m.m.a.RequestMappingHandlerMapping - Mapped to com.medicart.admin.controller.MedicineController#getMedicineById(Long)
2026-02-17 23:03:49 [http-nio-8082-exec-10] INFO  c.m.admin.service.MedicineService - 🔍 Fetching medicine with id: 110
2026-02-17 23:03:49 [http-nio-8082-exec-10] DEBUG o.s.w.s.m.m.a.HttpEntityMethodProcessor - Using 'application/json', given [*/*] and supported [application/json, application/*+json, application/yaml]
2026-02-17 23:03:49 [http-nio-8082-exec-10] DEBUG o.s.w.s.m.m.a.HttpEntityMethodProcessor - Writing [MedicineDTO(id=110, name=Special Chemotherapy Drug, category=Oncology, price=1299.0, sku=MED110, req (truncated)...]
2026-02-17 23:03:49 [http-nio-8082-exec-10] DEBUG o.s.web.servlet.DispatcherServlet - Completed 200 OK
2026-02-17 23:03:49 [http-nio-8082-exec-5] DEBUG c.m.a.config.JwtAuthenticationFilter - ════════════════════════════════════════════════════════════════
2026-02-17 23:03:49 [http-nio-8082-exec-5] DEBUG c.m.a.config.JwtAuthenticationFilter - 📍 [JWT FILTER] START
2026-02-17 23:03:49 [http-nio-8082-exec-5] DEBUG c.m.a.config.JwtAuthenticationFilter - METHOD: GET | URI: /medicines/1
2026-02-17 23:03:49 [http-nio-8082-exec-5] DEBUG c.m.a.config.JwtAuthenticationFilter - Remote Address: 127.0.0.1
2026-02-17 23:03:49 [http-nio-8082-exec-5] DEBUG c.m.a.config.JwtAuthenticationFilter - ════════════════════════════════════════════════════════════════
2026-02-17 23:03:49 [http-nio-8082-exec-5] DEBUG c.m.a.config.JwtAuthenticationFilter - 🔍 [JWT FILTER] Reading Authorization header
2026-02-17 23:03:49 [http-nio-8082-exec-5] DEBUG c.m.a.config.JwtAuthenticationFilter - 📋 Header value: NULL
2026-02-17 23:03:49 [http-nio-8082-exec-5] WARN  c.m.a.config.JwtAuthenticationFilter - ⚠️  [JWT FILTER] Authorization header is NULL
2026-02-17 23:03:49 [http-nio-8082-exec-5] DEBUG c.m.a.config.JwtAuthenticationFilter - → Passing request to next filter WITHOUT authentication
2026-02-17 23:03:49 [http-nio-8082-exec-5] DEBUG o.s.web.servlet.DispatcherServlet - GET "/medicines/1", parameters={}
2026-02-17 23:03:49 [http-nio-8082-exec-5] DEBUG o.s.w.s.m.m.a.RequestMappingHandlerMapping - Mapped to com.medicart.admin.controller.MedicineController#getMedicineById(Long)
2026-02-17 23:03:49 [http-nio-8082-exec-5] INFO  c.m.admin.service.MedicineService - 🔍 Fetching medicine with id: 1
2026-02-17 23:03:49 [http-nio-8082-exec-5] DEBUG o.s.w.s.m.m.a.HttpEntityMethodProcessor - Using 'application/json', given [*/*] and supported [application/json, application/*+json, application/yaml]
2026-02-17 23:03:49 [http-nio-8082-exec-5] DEBUG o.s.w.s.m.m.a.HttpEntityMethodProcessor - Writing [MedicineDTO(id=1, name=Paracetamol, category=Tablet, price=12.0, sku=PCM, requiresRx=true, descripti (truncated)...]
2026-02-17 23:03:49 [http-nio-8082-exec-5] DEBUG o.s.web.servlet.DispatcherServlet - Completed 200 OK
2026-02-17 23:03:49 [http-nio-8082-exec-6] DEBUG c.m.a.config.JwtAuthenticationFilter - ════════════════════════════════════════════════════════════════
2026-02-17 23:03:49 [http-nio-8082-exec-6] DEBUG c.m.a.config.JwtAuthenticationFilter - 📍 [JWT FILTER] START
2026-02-17 23:03:49 [http-nio-8082-exec-6] DEBUG c.m.a.config.JwtAuthenticationFilter - METHOD: GET | URI: /medicines/3
2026-02-17 23:03:49 [http-nio-8082-exec-6] DEBUG c.m.a.config.JwtAuthenticationFilter - Remote Address: 127.0.0.1
2026-02-17 23:03:49 [http-nio-8082-exec-6] DEBUG c.m.a.config.JwtAuthenticationFilter - ════════════════════════════════════════════════════════════════
2026-02-17 23:03:49 [http-nio-8082-exec-6] DEBUG c.m.a.config.JwtAuthenticationFilter - 🔍 [JWT FILTER] Reading Authorization header
2026-02-17 23:03:49 [http-nio-8082-exec-6] DEBUG c.m.a.config.JwtAuthenticationFilter - 📋 Header value: NULL
2026-02-17 23:03:49 [http-nio-8082-exec-6] WARN  c.m.a.config.JwtAuthenticationFilter - ⚠️  [JWT FILTER] Authorization header is NULL
2026-02-17 23:03:49 [http-nio-8082-exec-6] DEBUG c.m.a.config.JwtAuthenticationFilter - → Passing request to next filter WITHOUT authentication
2026-02-17 23:03:49 [http-nio-8082-exec-6] DEBUG o.s.web.servlet.DispatcherServlet - GET "/medicines/3", parameters={}
2026-02-17 23:03:49 [http-nio-8082-exec-6] DEBUG o.s.w.s.m.m.a.RequestMappingHandlerMapping - Mapped to com.medicart.admin.controller.MedicineController#getMedicineById(Long)
2026-02-17 23:03:49 [http-nio-8082-exec-6] INFO  c.m.admin.service.MedicineService - 🔍 Fetching medicine with id: 3
2026-02-17 23:03:49 [http-nio-8082-exec-6] DEBUG o.s.w.s.m.m.a.HttpEntityMethodProcessor - Using 'application/json', given [*/*] and supported [application/json, application/*+json, application/yaml]
2026-02-17 23:03:49 [http-nio-8082-exec-6] DEBUG o.s.w.s.m.m.a.HttpEntityMethodProcessor - Writing [MedicineDTO(id=3, name=Dolo, category=Tablet, price=4.0, sku=TMC, requiresRx=false, description=Mild (truncated)...]
2026-02-17 23:03:49 [http-nio-8082-exec-6] DEBUG o.s.web.servlet.DispatcherServlet - Completed 200 OK
2026-02-17 23:04:07 [DiscoveryClient-HeartbeatExecutor-%d] DEBUG o.s.web.client.RestTemplate - HTTP PUT http://localhost:8761/eureka/apps/ADMIN-CATALOGUE-SERVICE/LTIN656883.cts.com:admin-catalogue-service:8082?status=UP&lastDirtyTimestamp=1771349496883
2026-02-17 23:04:07 [DiscoveryClient-CacheRefreshExecutor-%d] DEBUG o.s.web.client.RestTemplate - HTTP GET http://localhost:8761/eureka/apps/delta
2026-02-17 23:04:07 [DiscoveryClient-HeartbeatExecutor-%d] DEBUG o.s.web.client.RestTemplate - Accept=[application/json, application/yaml, application/*+json]
2026-02-17 23:04:07 [DiscoveryClient-CacheRefreshExecutor-%d] DEBUG o.s.web.client.RestTemplate - Accept=[application/json, application/yaml, application/*+json]
2026-02-17 23:04:07 [DiscoveryClient-HeartbeatExecutor-%d] DEBUG o.s.web.client.RestTemplate - Response 200 OK
2026-02-17 23:04:07 [DiscoveryClient-CacheRefreshExecutor-%d] DEBUG o.s.web.client.RestTemplate - Response 200 OK
2026-02-17 23:04:07 [DiscoveryClient-CacheRefreshExecutor-%d] DEBUG o.s.web.client.RestTemplate - Reading to [org.springframework.cloud.netflix.eureka.http.EurekaApplications]
2026-02-17 23:04:18 [http-nio-8082-exec-2] DEBUG c.m.a.config.JwtAuthenticationFilter - ════════════════════════════════════════════════════════════════
2026-02-17 23:04:18 [http-nio-8082-exec-1] DEBUG c.m.a.config.JwtAuthenticationFilter - ════════════════════════════════════════════════════════════════
2026-02-17 23:04:18 [http-nio-8082-exec-2] DEBUG c.m.a.config.JwtAuthenticationFilter - 📍 [JWT FILTER] START
2026-02-17 23:04:18 [http-nio-8082-exec-1] DEBUG c.m.a.config.JwtAuthenticationFilter - 📍 [JWT FILTER] START
2026-02-17 23:04:18 [http-nio-8082-exec-2] DEBUG c.m.a.config.JwtAuthenticationFilter - METHOD: GET | URI: /medicines/105
2026-02-17 23:04:18 [http-nio-8082-exec-1] DEBUG c.m.a.config.JwtAuthenticationFilter - METHOD: GET | URI: /medicines/2
2026-02-17 23:04:18 [http-nio-8082-exec-2] DEBUG c.m.a.config.JwtAuthenticationFilter - Remote Address: 127.0.0.1
2026-02-17 23:04:18 [http-nio-8082-exec-1] DEBUG c.m.a.config.JwtAuthenticationFilter - Remote Address: 127.0.0.1
2026-02-17 23:04:18 [http-nio-8082-exec-2] DEBUG c.m.a.config.JwtAuthenticationFilter - ════════════════════════════════════════════════════════════════
2026-02-17 23:04:18 [http-nio-8082-exec-1] DEBUG c.m.a.config.JwtAuthenticationFilter - ════════════════════════════════════════════════════════════════
2026-02-17 23:04:18 [http-nio-8082-exec-2] DEBUG c.m.a.config.JwtAuthenticationFilter - 🔍 [JWT FILTER] Reading Authorization header
2026-02-17 23:04:18 [http-nio-8082-exec-1] DEBUG c.m.a.config.JwtAuthenticationFilter - 🔍 [JWT FILTER] Reading Authorization header
2026-02-17 23:04:18 [http-nio-8082-exec-2] DEBUG c.m.a.config.JwtAuthenticationFilter - 📋 Header value: NULL
2026-02-17 23:04:18 [http-nio-8082-exec-1] DEBUG c.m.a.config.JwtAuthenticationFilter - 📋 Header value: NULL
2026-02-17 23:04:18 [http-nio-8082-exec-2] WARN  c.m.a.config.JwtAuthenticationFilter - ⚠️  [JWT FILTER] Authorization header is NULL
2026-02-17 23:04:18 [http-nio-8082-exec-1] WARN  c.m.a.config.JwtAuthenticationFilter - ⚠️  [JWT FILTER] Authorization header is NULL
2026-02-17 23:04:18 [http-nio-8082-exec-2] DEBUG c.m.a.config.JwtAuthenticationFilter - → Passing request to next filter WITHOUT authentication
2026-02-17 23:04:18 [http-nio-8082-exec-1] DEBUG c.m.a.config.JwtAuthenticationFilter - → Passing request to next filter WITHOUT authentication
2026-02-17 23:04:18 [http-nio-8082-exec-2] DEBUG o.s.web.servlet.DispatcherServlet - GET "/medicines/105", parameters={}
2026-02-17 23:04:18 [http-nio-8082-exec-1] DEBUG o.s.web.servlet.DispatcherServlet - GET "/medicines/2", parameters={}
2026-02-17 23:04:18 [http-nio-8082-exec-1] DEBUG o.s.w.s.m.m.a.RequestMappingHandlerMapping - Mapped to com.medicart.admin.controller.MedicineController#getMedicineById(Long)
2026-02-17 23:04:18 [http-nio-8082-exec-2] DEBUG o.s.w.s.m.m.a.RequestMappingHandlerMapping - Mapped to com.medicart.admin.controller.MedicineController#getMedicineById(Long)
2026-02-17 23:04:18 [http-nio-8082-exec-2] INFO  c.m.admin.service.MedicineService - 🔍 Fetching medicine with id: 105
2026-02-17 23:04:18 [http-nio-8082-exec-1] INFO  c.m.admin.service.MedicineService - 🔍 Fetching medicine with id: 2
2026-02-17 23:04:18 [http-nio-8082-exec-1] DEBUG o.s.w.s.m.m.a.HttpEntityMethodProcessor - Using 'application/json', given [*/*] and supported [application/json, application/*+json, application/yaml]
2026-02-17 23:04:18 [http-nio-8082-exec-2] DEBUG o.s.w.s.m.m.a.HttpEntityMethodProcessor - Using 'application/json', given [*/*] and supported [application/json, application/*+json, application/yaml]
2026-02-17 23:04:18 [http-nio-8082-exec-1] DEBUG o.s.w.s.m.m.a.HttpEntityMethodProcessor - Writing [MedicineDTO(id=2, name=Benidril, category=Syrup, price=52.0, sku=BDRL, requiresRx=false, description (truncated)...]
2026-02-17 23:04:18 [http-nio-8082-exec-2] DEBUG o.s.w.s.m.m.a.HttpEntityMethodProcessor - Writing [MedicineDTO(id=105, name=Hydrocortisone Cream 1%, category=Dermatology, price=6.25, sku=MED105, requ (truncated)...]
2026-02-17 23:04:18 [http-nio-8082-exec-2] DEBUG o.s.web.servlet.DispatcherServlet - Completed 200 OK
2026-02-17 23:04:18 [http-nio-8082-exec-1] DEBUG o.s.web.servlet.DispatcherServlet - Completed 200 OK
2026-02-17 23:04:18 [http-nio-8082-exec-7] DEBUG c.m.a.config.JwtAuthenticationFilter - ════════════════════════════════════════════════════════════════
2026-02-17 23:04:18 [http-nio-8082-exec-7] DEBUG c.m.a.config.JwtAuthenticationFilter - 📍 [JWT FILTER] START
2026-02-17 23:04:18 [http-nio-8082-exec-3] DEBUG c.m.a.config.JwtAuthenticationFilter - ════════════════════════════════════════════════════════════════
2026-02-17 23:04:18 [http-nio-8082-exec-7] DEBUG c.m.a.config.JwtAuthenticationFilter - METHOD: GET | URI: /medicines/101
2026-02-17 23:04:18 [http-nio-8082-exec-3] DEBUG c.m.a.config.JwtAuthenticationFilter - 📍 [JWT FILTER] START
2026-02-17 23:04:18 [http-nio-8082-exec-7] DEBUG c.m.a.config.JwtAuthenticationFilter - Remote Address: 127.0.0.1
2026-02-17 23:04:18 [http-nio-8082-exec-3] DEBUG c.m.a.config.JwtAuthenticationFilter - METHOD: GET | URI: /medicines/104
2026-02-17 23:04:18 [http-nio-8082-exec-7] DEBUG c.m.a.config.JwtAuthenticationFilter - ════════════════════════════════════════════════════════════════
2026-02-17 23:04:18 [http-nio-8082-exec-7] DEBUG c.m.a.config.JwtAuthenticationFilter - 🔍 [JWT FILTER] Reading Authorization header
2026-02-17 23:04:18 [http-nio-8082-exec-3] DEBUG c.m.a.config.JwtAuthenticationFilter - Remote Address: 127.0.0.1
2026-02-17 23:04:18 [http-nio-8082-exec-7] DEBUG c.m.a.config.JwtAuthenticationFilter - 📋 Header value: NULL
2026-02-17 23:04:18 [http-nio-8082-exec-3] DEBUG c.m.a.config.JwtAuthenticationFilter - ════════════════════════════════════════════════════════════════
2026-02-17 23:04:18 [http-nio-8082-exec-7] WARN  c.m.a.config.JwtAuthenticationFilter - ⚠️  [JWT FILTER] Authorization header is NULL
2026-02-17 23:04:18 [http-nio-8082-exec-3] DEBUG c.m.a.config.JwtAuthenticationFilter - 🔍 [JWT FILTER] Reading Authorization header
2026-02-17 23:04:18 [http-nio-8082-exec-7] DEBUG c.m.a.config.JwtAuthenticationFilter - → Passing request to next filter WITHOUT authentication
2026-02-17 23:04:18 [http-nio-8082-exec-7] DEBUG o.s.web.servlet.DispatcherServlet - GET "/medicines/101", parameters={}
2026-02-17 23:04:18 [http-nio-8082-exec-3] DEBUG c.m.a.config.JwtAuthenticationFilter - 📋 Header value: NULL
2026-02-17 23:04:18 [http-nio-8082-exec-3] WARN  c.m.a.config.JwtAuthenticationFilter - ⚠️  [JWT FILTER] Authorization header is NULL
2026-02-17 23:04:18 [http-nio-8082-exec-3] DEBUG c.m.a.config.JwtAuthenticationFilter - → Passing request to next filter WITHOUT authentication
2026-02-17 23:04:18 [http-nio-8082-exec-7] DEBUG o.s.w.s.m.m.a.RequestMappingHandlerMapping - Mapped to com.medicart.admin.controller.MedicineController#getMedicineById(Long)
2026-02-17 23:04:18 [http-nio-8082-exec-3] DEBUG o.s.web.servlet.DispatcherServlet - GET "/medicines/104", parameters={}
2026-02-17 23:04:18 [http-nio-8082-exec-7] INFO  c.m.admin.service.MedicineService - 🔍 Fetching medicine with id: 101
2026-02-17 23:04:18 [http-nio-8082-exec-3] DEBUG o.s.w.s.m.m.a.RequestMappingHandlerMapping - Mapped to com.medicart.admin.controller.MedicineController#getMedicineById(Long)
2026-02-17 23:04:18 [http-nio-8082-exec-3] INFO  c.m.admin.service.MedicineService - 🔍 Fetching medicine with id: 104
2026-02-17 23:04:18 [http-nio-8082-exec-3] DEBUG o.s.w.s.m.m.a.HttpEntityMethodProcessor - Using 'application/json', given [*/*] and supported [application/json, application/*+json, application/yaml]
2026-02-17 23:04:18 [http-nio-8082-exec-7] DEBUG o.s.w.s.m.m.a.HttpEntityMethodProcessor - Using 'application/json', given [*/*] and supported [application/json, application/*+json, application/yaml]
2026-02-17 23:04:18 [http-nio-8082-exec-3] DEBUG o.s.w.s.m.m.a.HttpEntityMethodProcessor - Writing [MedicineDTO(id=104, name=Omeprazole 20mg, category=Gastro, price=8.75, sku=MED104, requiresRx=false, (truncated)...]
2026-02-17 23:04:18 [http-nio-8082-exec-7] DEBUG o.s.w.s.m.m.a.HttpEntityMethodProcessor - Writing [MedicineDTO(id=101, name=Paracetamol 500mg, category=Analgesic, price=5.5, sku=MED101, requiresRx=fa (truncated)...]
2026-02-17 23:04:18 [http-nio-8082-exec-3] DEBUG o.s.web.servlet.DispatcherServlet - Completed 200 OK
2026-02-17 23:04:18 [http-nio-8082-exec-7] DEBUG o.s.web.servlet.DispatcherServlet - Completed 200 OK
2026-02-17 23:04:18 [http-nio-8082-exec-4] DEBUG c.m.a.config.JwtAuthenticationFilter - ════════════════════════════════════════════════════════════════
2026-02-17 23:04:18 [http-nio-8082-exec-8] DEBUG c.m.a.config.JwtAuthenticationFilter - ════════════════════════════════════════════════════════════════
2026-02-17 23:04:18 [http-nio-8082-exec-8] DEBUG c.m.a.config.JwtAuthenticationFilter - 📍 [JWT FILTER] START
2026-02-17 23:04:18 [http-nio-8082-exec-4] DEBUG c.m.a.config.JwtAuthenticationFilter - 📍 [JWT FILTER] START
2026-02-17 23:04:18 [http-nio-8082-exec-8] DEBUG c.m.a.config.JwtAuthenticationFilter - METHOD: GET | URI: /medicines/102
2026-02-17 23:04:18 [http-nio-8082-exec-4] DEBUG c.m.a.config.JwtAuthenticationFilter - METHOD: GET | URI: /medicines/2
2026-02-17 23:04:18 [http-nio-8082-exec-8] DEBUG c.m.a.config.JwtAuthenticationFilter - Remote Address: 127.0.0.1
2026-02-17 23:04:18 [http-nio-8082-exec-8] DEBUG c.m.a.config.JwtAuthenticationFilter - ════════════════════════════════════════════════════════════════
2026-02-17 23:04:18 [http-nio-8082-exec-8] DEBUG c.m.a.config.JwtAuthenticationFilter - 🔍 [JWT FILTER] Reading Authorization header
2026-02-17 23:04:18 [http-nio-8082-exec-8] DEBUG c.m.a.config.JwtAuthenticationFilter - 📋 Header value: NULL
2026-02-17 23:04:18 [http-nio-8082-exec-8] WARN  c.m.a.config.JwtAuthenticationFilter - ⚠️  [JWT FILTER] Authorization header is NULL
2026-02-17 23:04:18 [http-nio-8082-exec-8] DEBUG c.m.a.config.JwtAuthenticationFilter - → Passing request to next filter WITHOUT authentication
2026-02-17 23:04:18 [http-nio-8082-exec-8] DEBUG o.s.web.servlet.DispatcherServlet - GET "/medicines/102", parameters={}
2026-02-17 23:04:18 [http-nio-8082-exec-4] DEBUG c.m.a.config.JwtAuthenticationFilter - Remote Address: 127.0.0.1
2026-02-17 23:04:18 [http-nio-8082-exec-8] DEBUG o.s.w.s.m.m.a.RequestMappingHandlerMapping - Mapped to com.medicart.admin.controller.MedicineController#getMedicineById(Long)
2026-02-17 23:04:18 [http-nio-8082-exec-4] DEBUG c.m.a.config.JwtAuthenticationFilter - ════════════════════════════════════════════════════════════════
2026-02-17 23:04:18 [http-nio-8082-exec-8] INFO  c.m.admin.service.MedicineService - 🔍 Fetching medicine with id: 102
2026-02-17 23:04:18 [http-nio-8082-exec-4] DEBUG c.m.a.config.JwtAuthenticationFilter - 🔍 [JWT FILTER] Reading Authorization header
2026-02-17 23:04:18 [http-nio-8082-exec-4] DEBUG c.m.a.config.JwtAuthenticationFilter - 📋 Header value: NULL
2026-02-17 23:04:18 [http-nio-8082-exec-4] WARN  c.m.a.config.JwtAuthenticationFilter - ⚠️  [JWT FILTER] Authorization header is NULL
2026-02-17 23:04:18 [http-nio-8082-exec-4] DEBUG c.m.a.config.JwtAuthenticationFilter - → Passing request to next filter WITHOUT authentication
2026-02-17 23:04:18 [http-nio-8082-exec-4] DEBUG o.s.web.servlet.DispatcherServlet - GET "/medicines/2", parameters={}
2026-02-17 23:04:18 [http-nio-8082-exec-4] DEBUG o.s.w.s.m.m.a.RequestMappingHandlerMapping - Mapped to com.medicart.admin.controller.MedicineController#getMedicineById(Long)
2026-02-17 23:04:18 [http-nio-8082-exec-4] INFO  c.m.admin.service.MedicineService - 🔍 Fetching medicine with id: 2
2026-02-17 23:04:18 [http-nio-8082-exec-8] DEBUG o.s.w.s.m.m.a.HttpEntityMethodProcessor - Using 'application/json', given [*/*] and supported [application/json, application/*+json, application/yaml]
2026-02-17 23:04:18 [http-nio-8082-exec-8] DEBUG o.s.w.s.m.m.a.HttpEntityMethodProcessor - Writing [MedicineDTO(id=102, name=Amoxicillin 250mg, category=Antibiotic, price=12.0, sku=MED102, requiresRx= (truncated)...]
2026-02-17 23:04:18 [http-nio-8082-exec-8] DEBUG o.s.web.servlet.DispatcherServlet - Completed 200 OK
2026-02-17 23:04:18 [http-nio-8082-exec-4] DEBUG o.s.w.s.m.m.a.HttpEntityMethodProcessor - Using 'application/json', given [*/*] and supported [application/json, application/*+json, application/yaml]
2026-02-17 23:04:18 [http-nio-8082-exec-4] DEBUG o.s.w.s.m.m.a.HttpEntityMethodProcessor - Writing [MedicineDTO(id=2, name=Benidril, category=Syrup, price=52.0, sku=BDRL, requiresRx=false, description (truncated)...]
2026-02-17 23:04:18 [http-nio-8082-exec-4] DEBUG o.s.web.servlet.DispatcherServlet - Completed 200 OK
2026-02-17 23:04:18 [http-nio-8082-exec-9] DEBUG c.m.a.config.JwtAuthenticationFilter - ════════════════════════════════════════════════════════════════
2026-02-17 23:04:18 [http-nio-8082-exec-9] DEBUG c.m.a.config.JwtAuthenticationFilter - 📍 [JWT FILTER] START
2026-02-17 23:04:18 [http-nio-8082-exec-10] DEBUG c.m.a.config.JwtAuthenticationFilter - ════════════════════════════════════════════════════════════════
2026-02-17 23:04:18 [http-nio-8082-exec-10] DEBUG c.m.a.config.JwtAuthenticationFilter - 📍 [JWT FILTER] START
2026-02-17 23:04:18 [http-nio-8082-exec-9] DEBUG c.m.a.config.JwtAuthenticationFilter - METHOD: GET | URI: /medicines/103
2026-02-17 23:04:18 [http-nio-8082-exec-10] DEBUG c.m.a.config.JwtAuthenticationFilter - METHOD: GET | URI: /medicines/107
2026-02-17 23:04:18 [http-nio-8082-exec-10] DEBUG c.m.a.config.JwtAuthenticationFilter - Remote Address: 127.0.0.1
2026-02-17 23:04:18 [http-nio-8082-exec-9] DEBUG c.m.a.config.JwtAuthenticationFilter - Remote Address: 127.0.0.1
2026-02-17 23:04:18 [http-nio-8082-exec-9] DEBUG c.m.a.config.JwtAuthenticationFilter - ════════════════════════════════════════════════════════════════
2026-02-17 23:04:18 [http-nio-8082-exec-10] DEBUG c.m.a.config.JwtAuthenticationFilter - ════════════════════════════════════════════════════════════════
2026-02-17 23:04:18 [http-nio-8082-exec-10] DEBUG c.m.a.config.JwtAuthenticationFilter - 🔍 [JWT FILTER] Reading Authorization header
2026-02-17 23:04:18 [http-nio-8082-exec-10] DEBUG c.m.a.config.JwtAuthenticationFilter - 📋 Header value: NULL
2026-02-17 23:04:18 [http-nio-8082-exec-9] DEBUG c.m.a.config.JwtAuthenticationFilter - 🔍 [JWT FILTER] Reading Authorization header
2026-02-17 23:04:18 [http-nio-8082-exec-9] DEBUG c.m.a.config.JwtAuthenticationFilter - 📋 Header value: NULL
2026-02-17 23:04:18 [http-nio-8082-exec-9] WARN  c.m.a.config.JwtAuthenticationFilter - ⚠️  [JWT FILTER] Authorization header is NULL
2026-02-17 23:04:18 [http-nio-8082-exec-10] WARN  c.m.a.config.JwtAuthenticationFilter - ⚠️  [JWT FILTER] Authorization header is NULL
2026-02-17 23:04:18 [http-nio-8082-exec-10] DEBUG c.m.a.config.JwtAuthenticationFilter - → Passing request to next filter WITHOUT authentication
2026-02-17 23:04:18 [http-nio-8082-exec-9] DEBUG c.m.a.config.JwtAuthenticationFilter - → Passing request to next filter WITHOUT authentication
2026-02-17 23:04:18 [http-nio-8082-exec-9] DEBUG o.s.web.servlet.DispatcherServlet - GET "/medicines/103", parameters={}
2026-02-17 23:04:18 [http-nio-8082-exec-10] DEBUG o.s.web.servlet.DispatcherServlet - GET "/medicines/107", parameters={}
2026-02-17 23:04:18 [http-nio-8082-exec-9] DEBUG o.s.w.s.m.m.a.RequestMappingHandlerMapping - Mapped to com.medicart.admin.controller.MedicineController#getMedicineById(Long)
2026-02-17 23:04:18 [http-nio-8082-exec-10] DEBUG o.s.w.s.m.m.a.RequestMappingHandlerMapping - Mapped to com.medicart.admin.controller.MedicineController#getMedicineById(Long)
2026-02-17 23:04:18 [http-nio-8082-exec-10] INFO  c.m.admin.service.MedicineService - 🔍 Fetching medicine with id: 107
2026-02-17 23:04:18 [http-nio-8082-exec-9] INFO  c.m.admin.service.MedicineService - 🔍 Fetching medicine with id: 103
2026-02-17 23:04:18 [http-nio-8082-exec-9] DEBUG o.s.w.s.m.m.a.HttpEntityMethodProcessor - Using 'application/json', given [*/*] and supported [application/json, application/*+json, application/yaml]
2026-02-17 23:04:18 [http-nio-8082-exec-10] DEBUG o.s.w.s.m.m.a.HttpEntityMethodProcessor - Using 'application/json', given [*/*] and supported [application/json, application/*+json, application/yaml]
2026-02-17 23:04:18 [http-nio-8082-exec-10] DEBUG o.s.w.s.m.m.a.HttpEntityMethodProcessor - Writing [MedicineDTO(id=107, name=Salbutamol Inhaler, category=Respiratory, price=220.0, sku=MED107, requires (truncated)...]
2026-02-17 23:04:18 [http-nio-8082-exec-9] DEBUG o.s.w.s.m.m.a.HttpEntityMethodProcessor - Writing [MedicineDTO(id=103, name=Atorvastatin 10mg, category=Cardiac, price=18.5, sku=MED103, requiresRx=tru (truncated)...]
2026-02-17 23:04:18 [http-nio-8082-exec-9] DEBUG o.s.web.servlet.DispatcherServlet - Completed 200 OK
2026-02-17 23:04:18 [http-nio-8082-exec-10] DEBUG o.s.web.servlet.DispatcherServlet - Completed 200 OK
2026-02-17 23:04:18 [http-nio-8082-exec-5] DEBUG c.m.a.config.JwtAuthenticationFilter - ════════════════════════════════════════════════════════════════
2026-02-17 23:04:18 [http-nio-8082-exec-5] DEBUG c.m.a.config.JwtAuthenticationFilter - 📍 [JWT FILTER] START
2026-02-17 23:04:18 [http-nio-8082-exec-6] DEBUG c.m.a.config.JwtAuthenticationFilter - ════════════════════════════════════════════════════════════════
2026-02-17 23:04:18 [http-nio-8082-exec-5] DEBUG c.m.a.config.JwtAuthenticationFilter - METHOD: GET | URI: /medicines/103
2026-02-17 23:04:18 [http-nio-8082-exec-6] DEBUG c.m.a.config.JwtAuthenticationFilter - 📍 [JWT FILTER] START
2026-02-17 23:04:18 [http-nio-8082-exec-5] DEBUG c.m.a.config.JwtAuthenticationFilter - Remote Address: 127.0.0.1
2026-02-17 23:04:18 [http-nio-8082-exec-6] DEBUG c.m.a.config.JwtAuthenticationFilter - METHOD: GET | URI: /medicines/104
2026-02-17 23:04:18 [http-nio-8082-exec-5] DEBUG c.m.a.config.JwtAuthenticationFilter - ════════════════════════════════════════════════════════════════
2026-02-17 23:04:18 [http-nio-8082-exec-6] DEBUG c.m.a.config.JwtAuthenticationFilter - Remote Address: 127.0.0.1
2026-02-17 23:04:18 [http-nio-8082-exec-5] DEBUG c.m.a.config.JwtAuthenticationFilter - 🔍 [JWT FILTER] Reading Authorization header
2026-02-17 23:04:18 [http-nio-8082-exec-6] DEBUG c.m.a.config.JwtAuthenticationFilter - ════════════════════════════════════════════════════════════════
2026-02-17 23:04:18 [http-nio-8082-exec-5] DEBUG c.m.a.config.JwtAuthenticationFilter - 📋 Header value: NULL
2026-02-17 23:04:18 [http-nio-8082-exec-6] DEBUG c.m.a.config.JwtAuthenticationFilter - 🔍 [JWT FILTER] Reading Authorization header
2026-02-17 23:04:18 [http-nio-8082-exec-5] WARN  c.m.a.config.JwtAuthenticationFilter - ⚠️  [JWT FILTER] Authorization header is NULL
2026-02-17 23:04:18 [http-nio-8082-exec-6] DEBUG c.m.a.config.JwtAuthenticationFilter - 📋 Header value: NULL
2026-02-17 23:04:18 [http-nio-8082-exec-5] DEBUG c.m.a.config.JwtAuthenticationFilter - → Passing request to next filter WITHOUT authentication
2026-02-17 23:04:18 [http-nio-8082-exec-6] WARN  c.m.a.config.JwtAuthenticationFilter - ⚠️  [JWT FILTER] Authorization header is NULL
2026-02-17 23:04:18 [http-nio-8082-exec-6] DEBUG c.m.a.config.JwtAuthenticationFilter - → Passing request to next filter WITHOUT authentication
2026-02-17 23:04:18 [http-nio-8082-exec-5] DEBUG o.s.web.servlet.DispatcherServlet - GET "/medicines/103", parameters={}
2026-02-17 23:04:18 [http-nio-8082-exec-6] DEBUG o.s.web.servlet.DispatcherServlet - GET "/medicines/104", parameters={}
2026-02-17 23:04:18 [http-nio-8082-exec-6] DEBUG o.s.w.s.m.m.a.RequestMappingHandlerMapping - Mapped to com.medicart.admin.controller.MedicineController#getMedicineById(Long)
2026-02-17 23:04:18 [http-nio-8082-exec-5] DEBUG o.s.w.s.m.m.a.RequestMappingHandlerMapping - Mapped to com.medicart.admin.controller.MedicineController#getMedicineById(Long)
2026-02-17 23:04:18 [http-nio-8082-exec-6] INFO  c.m.admin.service.MedicineService - 🔍 Fetching medicine with id: 104
2026-02-17 23:04:18 [http-nio-8082-exec-5] INFO  c.m.admin.service.MedicineService - 🔍 Fetching medicine with id: 103
2026-02-17 23:04:18 [http-nio-8082-exec-6] DEBUG o.s.w.s.m.m.a.HttpEntityMethodProcessor - Using 'application/json', given [*/*] and supported [application/json, application/*+json, application/yaml]
2026-02-17 23:04:18 [http-nio-8082-exec-5] DEBUG o.s.w.s.m.m.a.HttpEntityMethodProcessor - Using 'application/json', given [*/*] and supported [application/json, application/*+json, application/yaml]
2026-02-17 23:04:18 [http-nio-8082-exec-6] DEBUG o.s.w.s.m.m.a.HttpEntityMethodProcessor - Writing [MedicineDTO(id=104, name=Omeprazole 20mg, category=Gastro, price=8.75, sku=MED104, requiresRx=false, (truncated)...]
2026-02-17 23:04:18 [http-nio-8082-exec-5] DEBUG o.s.w.s.m.m.a.HttpEntityMethodProcessor - Writing [MedicineDTO(id=103, name=Atorvastatin 10mg, category=Cardiac, price=18.5, sku=MED103, requiresRx=tru (truncated)...]
2026-02-17 23:04:18 [http-nio-8082-exec-5] DEBUG o.s.web.servlet.DispatcherServlet - Completed 200 OK
2026-02-17 23:04:18 [http-nio-8082-exec-6] DEBUG o.s.web.servlet.DispatcherServlet - Completed 200 OK
2026-02-17 23:04:18 [http-nio-8082-exec-2] DEBUG c.m.a.config.JwtAuthenticationFilter - ════════════════════════════════════════════════════════════════
2026-02-17 23:04:18 [http-nio-8082-exec-2] DEBUG c.m.a.config.JwtAuthenticationFilter - 📍 [JWT FILTER] START
2026-02-17 23:04:18 [http-nio-8082-exec-2] DEBUG c.m.a.config.JwtAuthenticationFilter - METHOD: GET | URI: /medicines/102
2026-02-17 23:04:18 [http-nio-8082-exec-2] DEBUG c.m.a.config.JwtAuthenticationFilter - Remote Address: 127.0.0.1
2026-02-17 23:04:18 [http-nio-8082-exec-2] DEBUG c.m.a.config.JwtAuthenticationFilter - ════════════════════════════════════════════════════════════════
2026-02-17 23:04:18 [http-nio-8082-exec-2] DEBUG c.m.a.config.JwtAuthenticationFilter - 🔍 [JWT FILTER] Reading Authorization header
2026-02-17 23:04:18 [http-nio-8082-exec-2] DEBUG c.m.a.config.JwtAuthenticationFilter - 📋 Header value: NULL
2026-02-17 23:04:18 [http-nio-8082-exec-1] DEBUG c.m.a.config.JwtAuthenticationFilter - ════════════════════════════════════════════════════════════════
2026-02-17 23:04:18 [http-nio-8082-exec-2] WARN  c.m.a.config.JwtAuthenticationFilter - ⚠️  [JWT FILTER] Authorization header is NULL
2026-02-17 23:04:18 [http-nio-8082-exec-1] DEBUG c.m.a.config.JwtAuthenticationFilter - 📍 [JWT FILTER] START
2026-02-17 23:04:18 [http-nio-8082-exec-2] DEBUG c.m.a.config.JwtAuthenticationFilter - → Passing request to next filter WITHOUT authentication
2026-02-17 23:04:18 [http-nio-8082-exec-1] DEBUG c.m.a.config.JwtAuthenticationFilter - METHOD: GET | URI: /medicines/105
2026-02-17 23:04:18 [http-nio-8082-exec-1] DEBUG c.m.a.config.JwtAuthenticationFilter - Remote Address: 127.0.0.1
2026-02-17 23:04:18 [http-nio-8082-exec-2] DEBUG o.s.web.servlet.DispatcherServlet - GET "/medicines/102", parameters={}
2026-02-17 23:04:18 [http-nio-8082-exec-1] DEBUG c.m.a.config.JwtAuthenticationFilter - ════════════════════════════════════════════════════════════════
2026-02-17 23:04:18 [http-nio-8082-exec-1] DEBUG c.m.a.config.JwtAuthenticationFilter - 🔍 [JWT FILTER] Reading Authorization header
2026-02-17 23:04:18 [http-nio-8082-exec-2] DEBUG o.s.w.s.m.m.a.RequestMappingHandlerMapping - Mapped to com.medicart.admin.controller.MedicineController#getMedicineById(Long)
2026-02-17 23:04:18 [http-nio-8082-exec-1] DEBUG c.m.a.config.JwtAuthenticationFilter - 📋 Header value: NULL
2026-02-17 23:04:18 [http-nio-8082-exec-1] WARN  c.m.a.config.JwtAuthenticationFilter - ⚠️  [JWT FILTER] Authorization header is NULL
2026-02-17 23:04:18 [http-nio-8082-exec-1] DEBUG c.m.a.config.JwtAuthenticationFilter - → Passing request to next filter WITHOUT authentication
2026-02-17 23:04:18 [http-nio-8082-exec-2] INFO  c.m.admin.service.MedicineService - 🔍 Fetching medicine with id: 102
2026-02-17 23:04:18 [http-nio-8082-exec-1] DEBUG o.s.web.servlet.DispatcherServlet - GET "/medicines/105", parameters={}
2026-02-17 23:04:18 [http-nio-8082-exec-1] DEBUG o.s.w.s.m.m.a.RequestMappingHandlerMapping - Mapped to com.medicart.admin.controller.MedicineController#getMedicineById(Long)
2026-02-17 23:04:18 [http-nio-8082-exec-1] INFO  c.m.admin.service.MedicineService - 🔍 Fetching medicine with id: 105
2026-02-17 23:04:18 [http-nio-8082-exec-1] DEBUG o.s.w.s.m.m.a.HttpEntityMethodProcessor - Using 'application/json', given [*/*] and supported [application/json, application/*+json, application/yaml]
2026-02-17 23:04:18 [http-nio-8082-exec-2] DEBUG o.s.w.s.m.m.a.HttpEntityMethodProcessor - Using 'application/json', given [*/*] and supported [application/json, application/*+json, application/yaml]
2026-02-17 23:04:18 [http-nio-8082-exec-1] DEBUG o.s.w.s.m.m.a.HttpEntityMethodProcessor - Writing [MedicineDTO(id=105, name=Hydrocortisone Cream 1%, category=Dermatology, price=6.25, sku=MED105, requ (truncated)...]
2026-02-17 23:04:18 [http-nio-8082-exec-2] DEBUG o.s.w.s.m.m.a.HttpEntityMethodProcessor - Writing [MedicineDTO(id=102, name=Amoxicillin 250mg, category=Antibiotic, price=12.0, sku=MED102, requiresRx= (truncated)...]
2026-02-17 23:04:18 [http-nio-8082-exec-2] DEBUG o.s.web.servlet.DispatcherServlet - Completed 200 OK
2026-02-17 23:04:18 [http-nio-8082-exec-1] DEBUG o.s.web.servlet.DispatcherServlet - Completed 200 OK
2026-02-17 23:04:18 [http-nio-8082-exec-3] DEBUG c.m.a.config.JwtAuthenticationFilter - ════════════════════════════════════════════════════════════════
2026-02-17 23:04:18 [http-nio-8082-exec-3] DEBUG c.m.a.config.JwtAuthenticationFilter - 📍 [JWT FILTER] START
2026-02-17 23:04:18 [http-nio-8082-exec-3] DEBUG c.m.a.config.JwtAuthenticationFilter - METHOD: GET | URI: /medicines/106
2026-02-17 23:04:18 [http-nio-8082-exec-3] DEBUG c.m.a.config.JwtAuthenticationFilter - Remote Address: 127.0.0.1
2026-02-17 23:04:18 [http-nio-8082-exec-3] DEBUG c.m.a.config.JwtAuthenticationFilter - ════════════════════════════════════════════════════════════════
2026-02-17 23:04:18 [http-nio-8082-exec-3] DEBUG c.m.a.config.JwtAuthenticationFilter - 🔍 [JWT FILTER] Reading Authorization header
2026-02-17 23:04:18 [http-nio-8082-exec-3] DEBUG c.m.a.config.JwtAuthenticationFilter - 📋 Header value: NULL
2026-02-17 23:04:18 [http-nio-8082-exec-3] WARN  c.m.a.config.JwtAuthenticationFilter - ⚠️  [JWT FILTER] Authorization header is NULL
2026-02-17 23:04:18 [http-nio-8082-exec-3] DEBUG c.m.a.config.JwtAuthenticationFilter - → Passing request to next filter WITHOUT authentication
2026-02-17 23:04:18 [http-nio-8082-exec-3] DEBUG o.s.web.servlet.DispatcherServlet - GET "/medicines/106", parameters={}
2026-02-17 23:04:18 [http-nio-8082-exec-3] DEBUG o.s.w.s.m.m.a.RequestMappingHandlerMapping - Mapped to com.medicart.admin.controller.MedicineController#getMedicineById(Long)
2026-02-17 23:04:18 [http-nio-8082-exec-3] INFO  c.m.admin.service.MedicineService - 🔍 Fetching medicine with id: 106
2026-02-17 23:04:18 [http-nio-8082-exec-3] DEBUG o.s.w.s.m.m.a.HttpEntityMethodProcessor - Using 'application/json', given [*/*] and supported [application/json, application/*+json, application/yaml]
2026-02-17 23:04:18 [http-nio-8082-exec-3] DEBUG o.s.w.s.m.m.a.HttpEntityMethodProcessor - Writing [MedicineDTO(id=106, name=Ibuprofen 200mg, category=Analgesic, price=7.0, sku=MED106, requiresRx=fals (truncated)...]
2026-02-17 23:04:18 [http-nio-8082-exec-3] DEBUG o.s.web.servlet.DispatcherServlet - Completed 200 OK
2026-02-17 23:04:18 [http-nio-8082-exec-7] DEBUG c.m.a.config.JwtAuthenticationFilter - ════════════════════════════════════════════════════════════════
2026-02-17 23:04:18 [http-nio-8082-exec-7] DEBUG c.m.a.config.JwtAuthenticationFilter - 📍 [JWT FILTER] START
2026-02-17 23:04:18 [http-nio-8082-exec-7] DEBUG c.m.a.config.JwtAuthenticationFilter - METHOD: GET | URI: /medicines/107
2026-02-17 23:04:18 [http-nio-8082-exec-7] DEBUG c.m.a.config.JwtAuthenticationFilter - Remote Address: 127.0.0.1
2026-02-17 23:04:18 [http-nio-8082-exec-7] DEBUG c.m.a.config.JwtAuthenticationFilter - ════════════════════════════════════════════════════════════════
2026-02-17 23:04:18 [http-nio-8082-exec-7] DEBUG c.m.a.config.JwtAuthenticationFilter - 🔍 [JWT FILTER] Reading Authorization header
2026-02-17 23:04:18 [http-nio-8082-exec-7] DEBUG c.m.a.config.JwtAuthenticationFilter - 📋 Header value: NULL
2026-02-17 23:04:18 [http-nio-8082-exec-7] WARN  c.m.a.config.JwtAuthenticationFilter - ⚠️  [JWT FILTER] Authorization header is NULL
2026-02-17 23:04:18 [http-nio-8082-exec-7] DEBUG c.m.a.config.JwtAuthenticationFilter - → Passing request to next filter WITHOUT authentication
2026-02-17 23:04:18 [http-nio-8082-exec-7] DEBUG o.s.web.servlet.DispatcherServlet - GET "/medicines/107", parameters={}
2026-02-17 23:04:18 [http-nio-8082-exec-7] DEBUG o.s.w.s.m.m.a.RequestMappingHandlerMapping - Mapped to com.medicart.admin.controller.MedicineController#getMedicineById(Long)
2026-02-17 23:04:18 [http-nio-8082-exec-7] INFO  c.m.admin.service.MedicineService - 🔍 Fetching medicine with id: 107
2026-02-17 23:04:19 [http-nio-8082-exec-7] DEBUG o.s.w.s.m.m.a.HttpEntityMethodProcessor - Using 'application/json', given [*/*] and supported [application/json, application/*+json, application/yaml]
2026-02-17 23:04:19 [http-nio-8082-exec-7] DEBUG o.s.w.s.m.m.a.HttpEntityMethodProcessor - Writing [MedicineDTO(id=107, name=Salbutamol Inhaler, category=Respiratory, price=220.0, sku=MED107, requires (truncated)...]
2026-02-17 23:04:19 [http-nio-8082-exec-7] DEBUG o.s.web.servlet.DispatcherServlet - Completed 200 OK
2026-02-17 23:04:19 [http-nio-8082-exec-8] DEBUG c.m.a.config.JwtAuthenticationFilter - ════════════════════════════════════════════════════════════════
2026-02-17 23:04:19 [http-nio-8082-exec-8] DEBUG c.m.a.config.JwtAuthenticationFilter - 📍 [JWT FILTER] START
2026-02-17 23:04:19 [http-nio-8082-exec-8] DEBUG c.m.a.config.JwtAuthenticationFilter - METHOD: GET | URI: /medicines/108
2026-02-17 23:04:19 [http-nio-8082-exec-8] DEBUG c.m.a.config.JwtAuthenticationFilter - Remote Address: 127.0.0.1
2026-02-17 23:04:19 [http-nio-8082-exec-8] DEBUG c.m.a.config.JwtAuthenticationFilter - ════════════════════════════════════════════════════════════════
2026-02-17 23:04:19 [http-nio-8082-exec-8] DEBUG c.m.a.config.JwtAuthenticationFilter - 🔍 [JWT FILTER] Reading Authorization header
2026-02-17 23:04:19 [http-nio-8082-exec-8] DEBUG c.m.a.config.JwtAuthenticationFilter - 📋 Header value: NULL
2026-02-17 23:04:19 [http-nio-8082-exec-8] WARN  c.m.a.config.JwtAuthenticationFilter - ⚠️  [JWT FILTER] Authorization header is NULL
2026-02-17 23:04:19 [http-nio-8082-exec-8] DEBUG c.m.a.config.JwtAuthenticationFilter - → Passing request to next filter WITHOUT authentication
2026-02-17 23:04:19 [http-nio-8082-exec-8] DEBUG o.s.web.servlet.DispatcherServlet - GET "/medicines/108", parameters={}
2026-02-17 23:04:19 [http-nio-8082-exec-8] DEBUG o.s.w.s.m.m.a.RequestMappingHandlerMapping - Mapped to com.medicart.admin.controller.MedicineController#getMedicineById(Long)
2026-02-17 23:04:19 [http-nio-8082-exec-8] INFO  c.m.admin.service.MedicineService - 🔍 Fetching medicine with id: 108
2026-02-17 23:04:19 [http-nio-8082-exec-8] DEBUG o.s.w.s.m.m.a.HttpEntityMethodProcessor - Using 'application/json', given [*/*] and supported [application/json, application/*+json, application/yaml]
2026-02-17 23:04:19 [http-nio-8082-exec-8] DEBUG o.s.w.s.m.m.a.HttpEntityMethodProcessor - Writing [MedicineDTO(id=108, name=Vitamin D 1000IU, category=Supplements, price=9.99, sku=MED108, requiresRx= (truncated)...]
2026-02-17 23:04:19 [http-nio-8082-exec-8] DEBUG o.s.web.servlet.DispatcherServlet - Completed 200 OK
2026-02-17 23:04:19 [http-nio-8082-exec-4] DEBUG c.m.a.config.JwtAuthenticationFilter - ════════════════════════════════════════════════════════════════
2026-02-17 23:04:19 [http-nio-8082-exec-4] DEBUG c.m.a.config.JwtAuthenticationFilter - 📍 [JWT FILTER] START
2026-02-17 23:04:19 [http-nio-8082-exec-4] DEBUG c.m.a.config.JwtAuthenticationFilter - METHOD: GET | URI: /medicines/109
2026-02-17 23:04:19 [http-nio-8082-exec-4] DEBUG c.m.a.config.JwtAuthenticationFilter - Remote Address: 127.0.0.1
2026-02-17 23:04:19 [http-nio-8082-exec-4] DEBUG c.m.a.config.JwtAuthenticationFilter - ════════════════════════════════════════════════════════════════
2026-02-17 23:04:19 [http-nio-8082-exec-4] DEBUG c.m.a.config.JwtAuthenticationFilter - 🔍 [JWT FILTER] Reading Authorization header
2026-02-17 23:04:19 [http-nio-8082-exec-4] DEBUG c.m.a.config.JwtAuthenticationFilter - 📋 Header value: NULL
2026-02-17 23:04:19 [http-nio-8082-exec-4] WARN  c.m.a.config.JwtAuthenticationFilter - ⚠️  [JWT FILTER] Authorization header is NULL
2026-02-17 23:04:19 [http-nio-8082-exec-4] DEBUG c.m.a.config.JwtAuthenticationFilter - → Passing request to next filter WITHOUT authentication
2026-02-17 23:04:19 [http-nio-8082-exec-4] DEBUG o.s.web.servlet.DispatcherServlet - GET "/medicines/109", parameters={}
2026-02-17 23:04:19 [http-nio-8082-exec-4] DEBUG o.s.w.s.m.m.a.RequestMappingHandlerMapping - Mapped to com.medicart.admin.controller.MedicineController#getMedicineById(Long)
2026-02-17 23:04:19 [http-nio-8082-exec-4] INFO  c.m.admin.service.MedicineService - 🔍 Fetching medicine with id: 109
2026-02-17 23:04:19 [http-nio-8082-exec-4] DEBUG o.s.w.s.m.m.a.HttpEntityMethodProcessor - Using 'application/json', given [*/*] and supported [application/json, application/*+json, application/yaml]
2026-02-17 23:04:19 [http-nio-8082-exec-4] DEBUG o.s.w.s.m.m.a.HttpEntityMethodProcessor - Writing [MedicineDTO(id=109, name=Cough Syrup 100ml, category=Analgesic, price=45.0, sku=MED109, requiresRx=f (truncated)...]
2026-02-17 23:04:19 [http-nio-8082-exec-4] DEBUG o.s.web.servlet.DispatcherServlet - Completed 200 OK
2026-02-17 23:04:19 [http-nio-8082-exec-9] DEBUG c.m.a.config.JwtAuthenticationFilter - ════════════════════════════════════════════════════════════════
2026-02-17 23:04:19 [http-nio-8082-exec-9] DEBUG c.m.a.config.JwtAuthenticationFilter - 📍 [JWT FILTER] START
2026-02-17 23:04:19 [http-nio-8082-exec-9] DEBUG c.m.a.config.JwtAuthenticationFilter - METHOD: GET | URI: /medicines/110
2026-02-17 23:04:19 [http-nio-8082-exec-9] DEBUG c.m.a.config.JwtAuthenticationFilter - Remote Address: 127.0.0.1
2026-02-17 23:04:19 [http-nio-8082-exec-9] DEBUG c.m.a.config.JwtAuthenticationFilter - ════════════════════════════════════════════════════════════════
2026-02-17 23:04:19 [http-nio-8082-exec-9] DEBUG c.m.a.config.JwtAuthenticationFilter - 🔍 [JWT FILTER] Reading Authorization header
2026-02-17 23:04:19 [http-nio-8082-exec-9] DEBUG c.m.a.config.JwtAuthenticationFilter - 📋 Header value: NULL
2026-02-17 23:04:19 [http-nio-8082-exec-9] WARN  c.m.a.config.JwtAuthenticationFilter - ⚠️  [JWT FILTER] Authorization header is NULL
2026-02-17 23:04:19 [http-nio-8082-exec-9] DEBUG c.m.a.config.JwtAuthenticationFilter - → Passing request to next filter WITHOUT authentication
2026-02-17 23:04:19 [http-nio-8082-exec-9] DEBUG o.s.web.servlet.DispatcherServlet - GET "/medicines/110", parameters={}
2026-02-17 23:04:19 [http-nio-8082-exec-9] DEBUG o.s.w.s.m.m.a.RequestMappingHandlerMapping - Mapped to com.medicart.admin.controller.MedicineController#getMedicineById(Long)
2026-02-17 23:04:19 [http-nio-8082-exec-9] INFO  c.m.admin.service.MedicineService - 🔍 Fetching medicine with id: 110
2026-02-17 23:04:19 [http-nio-8082-exec-9] DEBUG o.s.w.s.m.m.a.HttpEntityMethodProcessor - Using 'application/json', given [*/*] and supported [application/json, application/*+json, application/yaml]
2026-02-17 23:04:19 [http-nio-8082-exec-9] DEBUG o.s.w.s.m.m.a.HttpEntityMethodProcessor - Writing [MedicineDTO(id=110, name=Special Chemotherapy Drug, category=Oncology, price=1299.0, sku=MED110, req (truncated)...]
2026-02-17 23:04:19 [http-nio-8082-exec-9] DEBUG o.s.web.servlet.DispatcherServlet - Completed 200 OK
2026-02-17 23:04:19 [http-nio-8082-exec-10] DEBUG c.m.a.config.JwtAuthenticationFilter - ════════════════════════════════════════════════════════════════
2026-02-17 23:04:19 [http-nio-8082-exec-10] DEBUG c.m.a.config.JwtAuthenticationFilter - 📍 [JWT FILTER] START
2026-02-17 23:04:19 [http-nio-8082-exec-10] DEBUG c.m.a.config.JwtAuthenticationFilter - METHOD: GET | URI: /medicines/1
2026-02-17 23:04:19 [http-nio-8082-exec-10] DEBUG c.m.a.config.JwtAuthenticationFilter - Remote Address: 127.0.0.1
2026-02-17 23:04:19 [http-nio-8082-exec-10] DEBUG c.m.a.config.JwtAuthenticationFilter - ════════════════════════════════════════════════════════════════
2026-02-17 23:04:19 [http-nio-8082-exec-10] DEBUG c.m.a.config.JwtAuthenticationFilter - 🔍 [JWT FILTER] Reading Authorization header
2026-02-17 23:04:19 [http-nio-8082-exec-10] DEBUG c.m.a.config.JwtAuthenticationFilter - 📋 Header value: NULL
2026-02-17 23:04:19 [http-nio-8082-exec-10] WARN  c.m.a.config.JwtAuthenticationFilter - ⚠️  [JWT FILTER] Authorization header is NULL
2026-02-17 23:04:19 [http-nio-8082-exec-10] DEBUG c.m.a.config.JwtAuthenticationFilter - → Passing request to next filter WITHOUT authentication
2026-02-17 23:04:19 [http-nio-8082-exec-10] DEBUG o.s.web.servlet.DispatcherServlet - GET "/medicines/1", parameters={}
2026-02-17 23:04:19 [http-nio-8082-exec-10] DEBUG o.s.w.s.m.m.a.RequestMappingHandlerMapping - Mapped to com.medicart.admin.controller.MedicineController#getMedicineById(Long)
2026-02-17 23:04:19 [http-nio-8082-exec-10] INFO  c.m.admin.service.MedicineService - 🔍 Fetching medicine with id: 1
2026-02-17 23:04:19 [http-nio-8082-exec-10] DEBUG o.s.w.s.m.m.a.HttpEntityMethodProcessor - Using 'application/json', given [*/*] and supported [application/json, application/*+json, application/yaml]
2026-02-17 23:04:19 [http-nio-8082-exec-10] DEBUG o.s.w.s.m.m.a.HttpEntityMethodProcessor - Writing [MedicineDTO(id=1, name=Paracetamol, category=Tablet, price=12.0, sku=PCM, requiresRx=true, descripti (truncated)...]
2026-02-17 23:04:19 [http-nio-8082-exec-10] DEBUG o.s.web.servlet.DispatcherServlet - Completed 200 OK
2026-02-17 23:04:19 [http-nio-8082-exec-5] DEBUG c.m.a.config.JwtAuthenticationFilter - ════════════════════════════════════════════════════════════════
2026-02-17 23:04:19 [http-nio-8082-exec-5] DEBUG c.m.a.config.JwtAuthenticationFilter - 📍 [JWT FILTER] START
2026-02-17 23:04:19 [http-nio-8082-exec-5] DEBUG c.m.a.config.JwtAuthenticationFilter - METHOD: GET | URI: /medicines/3
2026-02-17 23:04:19 [http-nio-8082-exec-5] DEBUG c.m.a.config.JwtAuthenticationFilter - Remote Address: 127.0.0.1
2026-02-17 23:04:19 [http-nio-8082-exec-5] DEBUG c.m.a.config.JwtAuthenticationFilter - ════════════════════════════════════════════════════════════════
2026-02-17 23:04:19 [http-nio-8082-exec-5] DEBUG c.m.a.config.JwtAuthenticationFilter - 🔍 [JWT FILTER] Reading Authorization header
2026-02-17 23:04:19 [http-nio-8082-exec-5] DEBUG c.m.a.config.JwtAuthenticationFilter - 📋 Header value: NULL
2026-02-17 23:04:19 [http-nio-8082-exec-5] WARN  c.m.a.config.JwtAuthenticationFilter - ⚠️  [JWT FILTER] Authorization header is NULL
2026-02-17 23:04:19 [http-nio-8082-exec-5] DEBUG c.m.a.config.JwtAuthenticationFilter - → Passing request to next filter WITHOUT authentication
2026-02-17 23:04:19 [http-nio-8082-exec-5] DEBUG o.s.web.servlet.DispatcherServlet - GET "/medicines/3", parameters={}
2026-02-17 23:04:19 [http-nio-8082-exec-5] DEBUG o.s.w.s.m.m.a.RequestMappingHandlerMapping - Mapped to com.medicart.admin.controller.MedicineController#getMedicineById(Long)
2026-02-17 23:04:19 [http-nio-8082-exec-5] INFO  c.m.admin.service.MedicineService - 🔍 Fetching medicine with id: 3
2026-02-17 23:04:19 [http-nio-8082-exec-5] DEBUG o.s.w.s.m.m.a.HttpEntityMethodProcessor - Using 'application/json', given [*/*] and supported [application/json, application/*+json, application/yaml]
2026-02-17 23:04:19 [http-nio-8082-exec-5] DEBUG o.s.w.s.m.m.a.HttpEntityMethodProcessor - Writing [MedicineDTO(id=3, name=Dolo, category=Tablet, price=4.0, sku=TMC, requiresRx=false, description=Mild (truncated)...]
2026-02-17 23:04:19 [http-nio-8082-exec-5] DEBUG o.s.web.servlet.DispatcherServlet - Completed 200 OK
2026-02-17 23:04:37 [DiscoveryClient-CacheRefreshExecutor-%d] DEBUG o.s.web.client.RestTemplate - HTTP GET http://localhost:8761/eureka/apps/delta
2026-02-17 23:04:37 [DiscoveryClient-CacheRefreshExecutor-%d] DEBUG o.s.web.client.RestTemplate - Accept=[application/json, application/yaml, application/*+json]
2026-02-17 23:04:37 [DiscoveryClient-HeartbeatExecutor-%d] DEBUG o.s.web.client.RestTemplate - HTTP PUT http://localhost:8761/eureka/apps/ADMIN-CATALOGUE-SERVICE/LTIN656883.cts.com:admin-catalogue-service:8082?status=UP&lastDirtyTimestamp=1771349496883
2026-02-17 23:04:37 [DiscoveryClient-HeartbeatExecutor-%d] DEBUG o.s.web.client.RestTemplate - Accept=[application/json, application/yaml, application/*+json]
2026-02-17 23:04:37 [DiscoveryClient-HeartbeatExecutor-%d] DEBUG o.s.web.client.RestTemplate - Response 200 OK
2026-02-17 23:04:37 [DiscoveryClient-CacheRefreshExecutor-%d] DEBUG o.s.web.client.RestTemplate - Response 200 OK
2026-02-17 23:04:37 [DiscoveryClient-CacheRefreshExecutor-%d] DEBUG o.s.web.client.RestTemplate - Reading to [org.springframework.cloud.netflix.eureka.http.EurekaApplications]
2026-02-17 23:04:47 [http-nio-8082-exec-6] DEBUG c.m.a.config.JwtAuthenticationFilter - ════════════════════════════════════════════════════════════════
2026-02-17 23:04:47 [http-nio-8082-exec-6] DEBUG c.m.a.config.JwtAuthenticationFilter - 📍 [JWT FILTER] START
2026-02-17 23:04:47 [http-nio-8082-exec-6] DEBUG c.m.a.config.JwtAuthenticationFilter - METHOD: GET | URI: /medicines/105
2026-02-17 23:04:47 [http-nio-8082-exec-6] DEBUG c.m.a.config.JwtAuthenticationFilter - Remote Address: 127.0.0.1
2026-02-17 23:04:47 [http-nio-8082-exec-6] DEBUG c.m.a.config.JwtAuthenticationFilter - ════════════════════════════════════════════════════════════════
2026-02-17 23:04:47 [http-nio-8082-exec-6] DEBUG c.m.a.config.JwtAuthenticationFilter - 🔍 [JWT FILTER] Reading Authorization header
2026-02-17 23:04:47 [http-nio-8082-exec-6] DEBUG c.m.a.config.JwtAuthenticationFilter - 📋 Header value: NULL
2026-02-17 23:04:47 [http-nio-8082-exec-6] WARN  c.m.a.config.JwtAuthenticationFilter - ⚠️  [JWT FILTER] Authorization header is NULL
2026-02-17 23:04:47 [http-nio-8082-exec-6] DEBUG c.m.a.config.JwtAuthenticationFilter - → Passing request to next filter WITHOUT authentication
2026-02-17 23:04:47 [http-nio-8082-exec-6] DEBUG o.s.web.servlet.DispatcherServlet - GET "/medicines/105", parameters={}
2026-02-17 23:04:47 [http-nio-8082-exec-6] DEBUG o.s.w.s.m.m.a.RequestMappingHandlerMapping - Mapped to com.medicart.admin.controller.MedicineController#getMedicineById(Long)
2026-02-17 23:04:47 [http-nio-8082-exec-6] INFO  c.m.admin.service.MedicineService - 🔍 Fetching medicine with id: 105
2026-02-17 23:04:47 [http-nio-8082-exec-1] DEBUG c.m.a.config.JwtAuthenticationFilter - ════════════════════════════════════════════════════════════════
2026-02-17 23:04:47 [http-nio-8082-exec-1] DEBUG c.m.a.config.JwtAuthenticationFilter - 📍 [JWT FILTER] START
2026-02-17 23:04:47 [http-nio-8082-exec-1] DEBUG c.m.a.config.JwtAuthenticationFilter - METHOD: GET | URI: /medicines/2
2026-02-17 23:04:47 [http-nio-8082-exec-1] DEBUG c.m.a.config.JwtAuthenticationFilter - Remote Address: 127.0.0.1
2026-02-17 23:04:47 [http-nio-8082-exec-1] DEBUG c.m.a.config.JwtAuthenticationFilter - ════════════════════════════════════════════════════════════════
2026-02-17 23:04:47 [http-nio-8082-exec-1] DEBUG c.m.a.config.JwtAuthenticationFilter - 🔍 [JWT FILTER] Reading Authorization header
2026-02-17 23:04:47 [http-nio-8082-exec-1] DEBUG c.m.a.config.JwtAuthenticationFilter - 📋 Header value: NULL
2026-02-17 23:04:47 [http-nio-8082-exec-1] WARN  c.m.a.config.JwtAuthenticationFilter - ⚠️  [JWT FILTER] Authorization header is NULL
2026-02-17 23:04:47 [http-nio-8082-exec-1] DEBUG c.m.a.config.JwtAuthenticationFilter - → Passing request to next filter WITHOUT authentication
2026-02-17 23:04:47 [http-nio-8082-exec-1] DEBUG o.s.web.servlet.DispatcherServlet - GET "/medicines/2", parameters={}
2026-02-17 23:04:47 [http-nio-8082-exec-1] DEBUG o.s.w.s.m.m.a.RequestMappingHandlerMapping - Mapped to com.medicart.admin.controller.MedicineController#getMedicineById(Long)
2026-02-17 23:04:47 [http-nio-8082-exec-1] INFO  c.m.admin.service.MedicineService - 🔍 Fetching medicine with id: 2
2026-02-17 23:04:47 [http-nio-8082-exec-6] DEBUG o.s.w.s.m.m.a.HttpEntityMethodProcessor - Using 'application/json', given [*/*] and supported [application/json, application/*+json, application/yaml]
2026-02-17 23:04:47 [http-nio-8082-exec-6] DEBUG o.s.w.s.m.m.a.HttpEntityMethodProcessor - Writing [MedicineDTO(id=105, name=Hydrocortisone Cream 1%, category=Dermatology, price=6.25, sku=MED105, requ (truncated)...]
2026-02-17 23:04:47 [http-nio-8082-exec-6] DEBUG o.s.web.servlet.DispatcherServlet - Completed 200 OK
2026-02-17 23:04:47 [http-nio-8082-exec-2] DEBUG c.m.a.config.JwtAuthenticationFilter - ════════════════════════════════════════════════════════════════
2026-02-17 23:04:47 [http-nio-8082-exec-2] DEBUG c.m.a.config.JwtAuthenticationFilter - 📍 [JWT FILTER] START
2026-02-17 23:04:47 [http-nio-8082-exec-2] DEBUG c.m.a.config.JwtAuthenticationFilter - METHOD: GET | URI: /medicines/104
2026-02-17 23:04:47 [http-nio-8082-exec-2] DEBUG c.m.a.config.JwtAuthenticationFilter - Remote Address: 127.0.0.1
2026-02-17 23:04:47 [http-nio-8082-exec-2] DEBUG c.m.a.config.JwtAuthenticationFilter - ════════════════════════════════════════════════════════════════
2026-02-17 23:04:47 [http-nio-8082-exec-1] DEBUG o.s.w.s.m.m.a.HttpEntityMethodProcessor - Using 'application/json', given [*/*] and supported [application/json, application/*+json, application/yaml]
2026-02-17 23:04:47 [http-nio-8082-exec-2] DEBUG c.m.a.config.JwtAuthenticationFilter - 🔍 [JWT FILTER] Reading Authorization header
2026-02-17 23:04:47 [http-nio-8082-exec-1] DEBUG o.s.w.s.m.m.a.HttpEntityMethodProcessor - Writing [MedicineDTO(id=2, name=Benidril, category=Syrup, price=52.0, sku=BDRL, requiresRx=false, description (truncated)...]
2026-02-17 23:04:47 [http-nio-8082-exec-2] DEBUG c.m.a.config.JwtAuthenticationFilter - 📋 Header value: NULL
2026-02-17 23:04:47 [http-nio-8082-exec-2] WARN  c.m.a.config.JwtAuthenticationFilter - ⚠️  [JWT FILTER] Authorization header is NULL
2026-02-17 23:04:47 [http-nio-8082-exec-2] DEBUG c.m.a.config.JwtAuthenticationFilter - → Passing request to next filter WITHOUT authentication
2026-02-17 23:04:47 [http-nio-8082-exec-2] DEBUG o.s.web.servlet.DispatcherServlet - GET "/medicines/104", parameters={}
2026-02-17 23:04:47 [http-nio-8082-exec-2] DEBUG o.s.w.s.m.m.a.RequestMappingHandlerMapping - Mapped to com.medicart.admin.controller.MedicineController#getMedicineById(Long)
2026-02-17 23:04:47 [http-nio-8082-exec-1] DEBUG o.s.web.servlet.DispatcherServlet - Completed 200 OK
2026-02-17 23:04:47 [http-nio-8082-exec-2] INFO  c.m.admin.service.MedicineService - 🔍 Fetching medicine with id: 104
2026-02-17 23:04:47 [http-nio-8082-exec-3] DEBUG c.m.a.config.JwtAuthenticationFilter - ════════════════════════════════════════════════════════════════
2026-02-17 23:04:47 [http-nio-8082-exec-3] DEBUG c.m.a.config.JwtAuthenticationFilter - 📍 [JWT FILTER] START
2026-02-17 23:04:47 [http-nio-8082-exec-3] DEBUG c.m.a.config.JwtAuthenticationFilter - METHOD: GET | URI: /medicines/101
2026-02-17 23:04:47 [http-nio-8082-exec-3] DEBUG c.m.a.config.JwtAuthenticationFilter - Remote Address: 127.0.0.1
2026-02-17 23:04:47 [http-nio-8082-exec-3] DEBUG c.m.a.config.JwtAuthenticationFilter - ════════════════════════════════════════════════════════════════
2026-02-17 23:04:47 [http-nio-8082-exec-3] DEBUG c.m.a.config.JwtAuthenticationFilter - 🔍 [JWT FILTER] Reading Authorization header
2026-02-17 23:04:47 [http-nio-8082-exec-3] DEBUG c.m.a.config.JwtAuthenticationFilter - 📋 Header value: NULL
2026-02-17 23:04:47 [http-nio-8082-exec-3] WARN  c.m.a.config.JwtAuthenticationFilter - ⚠️  [JWT FILTER] Authorization header is NULL
2026-02-17 23:04:47 [http-nio-8082-exec-3] DEBUG c.m.a.config.JwtAuthenticationFilter - → Passing request to next filter WITHOUT authentication
2026-02-17 23:04:47 [http-nio-8082-exec-3] DEBUG o.s.web.servlet.DispatcherServlet - GET "/medicines/101", parameters={}
2026-02-17 23:04:47 [http-nio-8082-exec-3] DEBUG o.s.w.s.m.m.a.RequestMappingHandlerMapping - Mapped to com.medicart.admin.controller.MedicineController#getMedicineById(Long)
2026-02-17 23:04:47 [http-nio-8082-exec-3] INFO  c.m.admin.service.MedicineService - 🔍 Fetching medicine with id: 101
2026-02-17 23:04:47 [http-nio-8082-exec-2] DEBUG o.s.w.s.m.m.a.HttpEntityMethodProcessor - Using 'application/json', given [*/*] and supported [application/json, application/*+json, application/yaml]
2026-02-17 23:04:47 [http-nio-8082-exec-2] DEBUG o.s.w.s.m.m.a.HttpEntityMethodProcessor - Writing [MedicineDTO(id=104, name=Omeprazole 20mg, category=Gastro, price=8.75, sku=MED104, requiresRx=false, (truncated)...]
2026-02-17 23:04:47 [http-nio-8082-exec-2] DEBUG o.s.web.servlet.DispatcherServlet - Completed 200 OK
2026-02-17 23:04:47 [http-nio-8082-exec-7] DEBUG c.m.a.config.JwtAuthenticationFilter - ════════════════════════════════════════════════════════════════
2026-02-17 23:04:47 [http-nio-8082-exec-7] DEBUG c.m.a.config.JwtAuthenticationFilter - 📍 [JWT FILTER] START
2026-02-17 23:04:47 [http-nio-8082-exec-7] DEBUG c.m.a.config.JwtAuthenticationFilter - METHOD: GET | URI: /medicines/2
2026-02-17 23:04:47 [http-nio-8082-exec-7] DEBUG c.m.a.config.JwtAuthenticationFilter - Remote Address: 127.0.0.1
2026-02-17 23:04:47 [http-nio-8082-exec-7] DEBUG c.m.a.config.JwtAuthenticationFilter - ════════════════════════════════════════════════════════════════
2026-02-17 23:04:47 [http-nio-8082-exec-7] DEBUG c.m.a.config.JwtAuthenticationFilter - 🔍 [JWT FILTER] Reading Authorization header
2026-02-17 23:04:47 [http-nio-8082-exec-7] DEBUG c.m.a.config.JwtAuthenticationFilter - 📋 Header value: NULL
2026-02-17 23:04:47 [http-nio-8082-exec-7] WARN  c.m.a.config.JwtAuthenticationFilter - ⚠️  [JWT FILTER] Authorization header is NULL
2026-02-17 23:04:47 [http-nio-8082-exec-7] DEBUG c.m.a.config.JwtAuthenticationFilter - → Passing request to next filter WITHOUT authentication
2026-02-17 23:04:47 [http-nio-8082-exec-7] DEBUG o.s.web.servlet.DispatcherServlet - GET "/medicines/2", parameters={}
2026-02-17 23:04:47 [http-nio-8082-exec-7] DEBUG o.s.w.s.m.m.a.RequestMappingHandlerMapping - Mapped to com.medicart.admin.controller.MedicineController#getMedicineById(Long)
2026-02-17 23:04:47 [http-nio-8082-exec-7] INFO  c.m.admin.service.MedicineService - 🔍 Fetching medicine with id: 2
2026-02-17 23:04:47 [http-nio-8082-exec-3] DEBUG o.s.w.s.m.m.a.HttpEntityMethodProcessor - Using 'application/json', given [*/*] and supported [application/json, application/*+json, application/yaml]
2026-02-17 23:04:47 [http-nio-8082-exec-7] DEBUG o.s.w.s.m.m.a.HttpEntityMethodProcessor - Using 'application/json', given [*/*] and supported [application/json, application/*+json, application/yaml]
2026-02-17 23:04:47 [http-nio-8082-exec-3] DEBUG o.s.w.s.m.m.a.HttpEntityMethodProcessor - Writing [MedicineDTO(id=101, name=Paracetamol 500mg, category=Analgesic, price=5.5, sku=MED101, requiresRx=fa (truncated)...]
2026-02-17 23:04:47 [http-nio-8082-exec-7] DEBUG o.s.w.s.m.m.a.HttpEntityMethodProcessor - Writing [MedicineDTO(id=2, name=Benidril, category=Syrup, price=52.0, sku=BDRL, requiresRx=false, description (truncated)...]
2026-02-17 23:04:47 [http-nio-8082-exec-7] DEBUG o.s.web.servlet.DispatcherServlet - Completed 200 OK
2026-02-17 23:04:47 [http-nio-8082-exec-3] DEBUG o.s.web.servlet.DispatcherServlet - Completed 200 OK
2026-02-17 23:04:47 [http-nio-8082-exec-8] DEBUG c.m.a.config.JwtAuthenticationFilter - ════════════════════════════════════════════════════════════════
2026-02-17 23:04:47 [http-nio-8082-exec-4] DEBUG c.m.a.config.JwtAuthenticationFilter - ════════════════════════════════════════════════════════════════
2026-02-17 23:04:47 [http-nio-8082-exec-8] DEBUG c.m.a.config.JwtAuthenticationFilter - 📍 [JWT FILTER] START
2026-02-17 23:04:47 [http-nio-8082-exec-8] DEBUG c.m.a.config.JwtAuthenticationFilter - METHOD: GET | URI: /medicines/102
2026-02-17 23:04:47 [http-nio-8082-exec-8] DEBUG c.m.a.config.JwtAuthenticationFilter - Remote Address: 127.0.0.1
2026-02-17 23:04:47 [http-nio-8082-exec-8] DEBUG c.m.a.config.JwtAuthenticationFilter - ════════════════════════════════════════════════════════════════
2026-02-17 23:04:47 [http-nio-8082-exec-8] DEBUG c.m.a.config.JwtAuthenticationFilter - 🔍 [JWT FILTER] Reading Authorization header
2026-02-17 23:04:47 [http-nio-8082-exec-8] DEBUG c.m.a.config.JwtAuthenticationFilter - 📋 Header value: NULL
2026-02-17 23:04:47 [http-nio-8082-exec-4] DEBUG c.m.a.config.JwtAuthenticationFilter - 📍 [JWT FILTER] START
2026-02-17 23:04:47 [http-nio-8082-exec-8] WARN  c.m.a.config.JwtAuthenticationFilter - ⚠️  [JWT FILTER] Authorization header is NULL
2026-02-17 23:04:47 [http-nio-8082-exec-4] DEBUG c.m.a.config.JwtAuthenticationFilter - METHOD: GET | URI: /medicines/107
2026-02-17 23:04:47 [http-nio-8082-exec-8] DEBUG c.m.a.config.JwtAuthenticationFilter - → Passing request to next filter WITHOUT authentication
2026-02-17 23:04:47 [http-nio-8082-exec-4] DEBUG c.m.a.config.JwtAuthenticationFilter - Remote Address: 127.0.0.1
2026-02-17 23:04:47 [http-nio-8082-exec-8] DEBUG o.s.web.servlet.DispatcherServlet - GET "/medicines/102", parameters={}
2026-02-17 23:04:47 [http-nio-8082-exec-4] DEBUG c.m.a.config.JwtAuthenticationFilter - ════════════════════════════════════════════════════════════════
2026-02-17 23:04:47 [http-nio-8082-exec-4] DEBUG c.m.a.config.JwtAuthenticationFilter - 🔍 [JWT FILTER] Reading Authorization header
2026-02-17 23:04:47 [http-nio-8082-exec-8] DEBUG o.s.w.s.m.m.a.RequestMappingHandlerMapping - Mapped to com.medicart.admin.controller.MedicineController#getMedicineById(Long)
2026-02-17 23:04:47 [http-nio-8082-exec-4] DEBUG c.m.a.config.JwtAuthenticationFilter - 📋 Header value: NULL
2026-02-17 23:04:47 [http-nio-8082-exec-8] INFO  c.m.admin.service.MedicineService - 🔍 Fetching medicine with id: 102
2026-02-17 23:04:47 [http-nio-8082-exec-4] WARN  c.m.a.config.JwtAuthenticationFilter - ⚠️  [JWT FILTER] Authorization header is NULL
2026-02-17 23:04:47 [http-nio-8082-exec-4] DEBUG c.m.a.config.JwtAuthenticationFilter - → Passing request to next filter WITHOUT authentication
2026-02-17 23:04:47 [http-nio-8082-exec-4] DEBUG o.s.web.servlet.DispatcherServlet - GET "/medicines/107", parameters={}
2026-02-17 23:04:47 [http-nio-8082-exec-4] DEBUG o.s.w.s.m.m.a.RequestMappingHandlerMapping - Mapped to com.medicart.admin.controller.MedicineController#getMedicineById(Long)
2026-02-17 23:04:47 [http-nio-8082-exec-4] INFO  c.m.admin.service.MedicineService - 🔍 Fetching medicine with id: 107
2026-02-17 23:04:48 [http-nio-8082-exec-8] DEBUG o.s.w.s.m.m.a.HttpEntityMethodProcessor - Using 'application/json', given [*/*] and supported [application/json, application/*+json, application/yaml]
2026-02-17 23:04:48 [http-nio-8082-exec-8] DEBUG o.s.w.s.m.m.a.HttpEntityMethodProcessor - Writing [MedicineDTO(id=102, name=Amoxicillin 250mg, category=Antibiotic, price=12.0, sku=MED102, requiresRx= (truncated)...]
2026-02-17 23:04:48 [http-nio-8082-exec-8] DEBUG o.s.web.servlet.DispatcherServlet - Completed 200 OK
2026-02-17 23:04:48 [http-nio-8082-exec-9] DEBUG c.m.a.config.JwtAuthenticationFilter - ════════════════════════════════════════════════════════════════
2026-02-17 23:04:48 [http-nio-8082-exec-4] DEBUG o.s.w.s.m.m.a.HttpEntityMethodProcessor - Using 'application/json', given [*/*] and supported [application/json, application/*+json, application/yaml]
2026-02-17 23:04:48 [http-nio-8082-exec-9] DEBUG c.m.a.config.JwtAuthenticationFilter - 📍 [JWT FILTER] START
2026-02-17 23:04:48 [http-nio-8082-exec-9] DEBUG c.m.a.config.JwtAuthenticationFilter - METHOD: GET | URI: /medicines/103
2026-02-17 23:04:48 [http-nio-8082-exec-4] DEBUG o.s.w.s.m.m.a.HttpEntityMethodProcessor - Writing [MedicineDTO(id=107, name=Salbutamol Inhaler, category=Respiratory, price=220.0, sku=MED107, requires (truncated)...]
2026-02-17 23:04:48 [http-nio-8082-exec-9] DEBUG c.m.a.config.JwtAuthenticationFilter - Remote Address: 127.0.0.1
2026-02-17 23:04:48 [http-nio-8082-exec-9] DEBUG c.m.a.config.JwtAuthenticationFilter - ════════════════════════════════════════════════════════════════
2026-02-17 23:04:48 [http-nio-8082-exec-9] DEBUG c.m.a.config.JwtAuthenticationFilter - 🔍 [JWT FILTER] Reading Authorization header
2026-02-17 23:04:48 [http-nio-8082-exec-9] DEBUG c.m.a.config.JwtAuthenticationFilter - 📋 Header value: NULL
2026-02-17 23:04:48 [http-nio-8082-exec-9] WARN  c.m.a.config.JwtAuthenticationFilter - ⚠️  [JWT FILTER] Authorization header is NULL
2026-02-17 23:04:48 [http-nio-8082-exec-9] DEBUG c.m.a.config.JwtAuthenticationFilter - → Passing request to next filter WITHOUT authentication
2026-02-17 23:04:48 [http-nio-8082-exec-4] DEBUG o.s.web.servlet.DispatcherServlet - Completed 200 OK
2026-02-17 23:04:48 [http-nio-8082-exec-9] DEBUG o.s.web.servlet.DispatcherServlet - GET "/medicines/103", parameters={}
2026-02-17 23:04:48 [http-nio-8082-exec-9] DEBUG o.s.w.s.m.m.a.RequestMappingHandlerMapping - Mapped to com.medicart.admin.controller.MedicineController#getMedicineById(Long)
2026-02-17 23:04:48 [http-nio-8082-exec-9] INFO  c.m.admin.service.MedicineService - 🔍 Fetching medicine with id: 103
2026-02-17 23:04:48 [http-nio-8082-exec-10] DEBUG c.m.a.config.JwtAuthenticationFilter - ════════════════════════════════════════════════════════════════
2026-02-17 23:04:48 [http-nio-8082-exec-10] DEBUG c.m.a.config.JwtAuthenticationFilter - 📍 [JWT FILTER] START
2026-02-17 23:04:48 [http-nio-8082-exec-10] DEBUG c.m.a.config.JwtAuthenticationFilter - METHOD: GET | URI: /medicines/103
2026-02-17 23:04:48 [http-nio-8082-exec-10] DEBUG c.m.a.config.JwtAuthenticationFilter - Remote Address: 127.0.0.1
2026-02-17 23:04:48 [http-nio-8082-exec-10] DEBUG c.m.a.config.JwtAuthenticationFilter - ════════════════════════════════════════════════════════════════
2026-02-17 23:04:48 [http-nio-8082-exec-10] DEBUG c.m.a.config.JwtAuthenticationFilter - 🔍 [JWT FILTER] Reading Authorization header
2026-02-17 23:04:48 [http-nio-8082-exec-10] DEBUG c.m.a.config.JwtAuthenticationFilter - 📋 Header value: NULL
2026-02-17 23:04:48 [http-nio-8082-exec-10] WARN  c.m.a.config.JwtAuthenticationFilter - ⚠️  [JWT FILTER] Authorization header is NULL
2026-02-17 23:04:48 [http-nio-8082-exec-10] DEBUG c.m.a.config.JwtAuthenticationFilter - → Passing request to next filter WITHOUT authentication
2026-02-17 23:04:48 [http-nio-8082-exec-10] DEBUG o.s.web.servlet.DispatcherServlet - GET "/medicines/103", parameters={}
2026-02-17 23:04:48 [http-nio-8082-exec-10] DEBUG o.s.w.s.m.m.a.RequestMappingHandlerMapping - Mapped to com.medicart.admin.controller.MedicineController#getMedicineById(Long)
2026-02-17 23:04:48 [http-nio-8082-exec-10] INFO  c.m.admin.service.MedicineService - 🔍 Fetching medicine with id: 103
2026-02-17 23:04:48 [http-nio-8082-exec-9] DEBUG o.s.w.s.m.m.a.HttpEntityMethodProcessor - Using 'application/json', given [*/*] and supported [application/json, application/*+json, application/yaml]
2026-02-17 23:04:48 [http-nio-8082-exec-9] DEBUG o.s.w.s.m.m.a.HttpEntityMethodProcessor - Writing [MedicineDTO(id=103, name=Atorvastatin 10mg, category=Cardiac, price=18.5, sku=MED103, requiresRx=tru (truncated)...]
2026-02-17 23:04:48 [http-nio-8082-exec-9] DEBUG o.s.web.servlet.DispatcherServlet - Completed 200 OK
2026-02-17 23:04:48 [http-nio-8082-exec-5] DEBUG c.m.a.config.JwtAuthenticationFilter - ════════════════════════════════════════════════════════════════
2026-02-17 23:04:48 [http-nio-8082-exec-5] DEBUG c.m.a.config.JwtAuthenticationFilter - 📍 [JWT FILTER] START
2026-02-17 23:04:48 [http-nio-8082-exec-5] DEBUG c.m.a.config.JwtAuthenticationFilter - METHOD: GET | URI: /medicines/104
2026-02-17 23:04:48 [http-nio-8082-exec-5] DEBUG c.m.a.config.JwtAuthenticationFilter - Remote Address: 127.0.0.1
2026-02-17 23:04:48 [http-nio-8082-exec-5] DEBUG c.m.a.config.JwtAuthenticationFilter - ════════════════════════════════════════════════════════════════
2026-02-17 23:04:48 [http-nio-8082-exec-5] DEBUG c.m.a.config.JwtAuthenticationFilter - 🔍 [JWT FILTER] Reading Authorization header
2026-02-17 23:04:48 [http-nio-8082-exec-5] DEBUG c.m.a.config.JwtAuthenticationFilter - 📋 Header value: NULL
2026-02-17 23:04:48 [http-nio-8082-exec-5] WARN  c.m.a.config.JwtAuthenticationFilter - ⚠️  [JWT FILTER] Authorization header is NULL
2026-02-17 23:04:48 [http-nio-8082-exec-5] DEBUG c.m.a.config.JwtAuthenticationFilter - → Passing request to next filter WITHOUT authentication
2026-02-17 23:04:48 [http-nio-8082-exec-5] DEBUG o.s.web.servlet.DispatcherServlet - GET "/medicines/104", parameters={}
2026-02-17 23:04:48 [http-nio-8082-exec-10] DEBUG o.s.w.s.m.m.a.HttpEntityMethodProcessor - Using 'application/json', given [*/*] and supported [application/json, application/*+json, application/yaml]
2026-02-17 23:04:48 [http-nio-8082-exec-5] DEBUG o.s.w.s.m.m.a.RequestMappingHandlerMapping - Mapped to com.medicart.admin.controller.MedicineController#getMedicineById(Long)
2026-02-17 23:04:48 [http-nio-8082-exec-10] DEBUG o.s.w.s.m.m.a.HttpEntityMethodProcessor - Writing [MedicineDTO(id=103, name=Atorvastatin 10mg, category=Cardiac, price=18.5, sku=MED103, requiresRx=tru (truncated)...]
2026-02-17 23:04:48 [http-nio-8082-exec-5] INFO  c.m.admin.service.MedicineService - 🔍 Fetching medicine with id: 104
2026-02-17 23:04:48 [http-nio-8082-exec-10] DEBUG o.s.web.servlet.DispatcherServlet - Completed 200 OK
2026-02-17 23:04:48 [http-nio-8082-exec-6] DEBUG c.m.a.config.JwtAuthenticationFilter - ════════════════════════════════════════════════════════════════
2026-02-17 23:04:48 [http-nio-8082-exec-6] DEBUG c.m.a.config.JwtAuthenticationFilter - 📍 [JWT FILTER] START
2026-02-17 23:04:48 [http-nio-8082-exec-6] DEBUG c.m.a.config.JwtAuthenticationFilter - METHOD: GET | URI: /medicines/102
2026-02-17 23:04:48 [http-nio-8082-exec-6] DEBUG c.m.a.config.JwtAuthenticationFilter - Remote Address: 127.0.0.1
2026-02-17 23:04:48 [http-nio-8082-exec-6] DEBUG c.m.a.config.JwtAuthenticationFilter - ════════════════════════════════════════════════════════════════
2026-02-17 23:04:48 [http-nio-8082-exec-6] DEBUG c.m.a.config.JwtAuthenticationFilter - 🔍 [JWT FILTER] Reading Authorization header
2026-02-17 23:04:48 [http-nio-8082-exec-6] DEBUG c.m.a.config.JwtAuthenticationFilter - 📋 Header value: NULL
2026-02-17 23:04:48 [http-nio-8082-exec-6] WARN  c.m.a.config.JwtAuthenticationFilter - ⚠️  [JWT FILTER] Authorization header is NULL
2026-02-17 23:04:48 [http-nio-8082-exec-6] DEBUG c.m.a.config.JwtAuthenticationFilter - → Passing request to next filter WITHOUT authentication
2026-02-17 23:04:48 [http-nio-8082-exec-6] DEBUG o.s.web.servlet.DispatcherServlet - GET "/medicines/102", parameters={}
2026-02-17 23:04:48 [http-nio-8082-exec-6] DEBUG o.s.w.s.m.m.a.RequestMappingHandlerMapping - Mapped to com.medicart.admin.controller.MedicineController#getMedicineById(Long)
2026-02-17 23:04:48 [http-nio-8082-exec-6] INFO  c.m.admin.service.MedicineService - 🔍 Fetching medicine with id: 102
2026-02-17 23:04:48 [http-nio-8082-exec-5] DEBUG o.s.w.s.m.m.a.HttpEntityMethodProcessor - Using 'application/json', given [*/*] and supported [application/json, application/*+json, application/yaml]
2026-02-17 23:04:48 [http-nio-8082-exec-5] DEBUG o.s.w.s.m.m.a.HttpEntityMethodProcessor - Writing [MedicineDTO(id=104, name=Omeprazole 20mg, category=Gastro, price=8.75, sku=MED104, requiresRx=false, (truncated)...]
2026-02-17 23:04:48 [http-nio-8082-exec-5] DEBUG o.s.web.servlet.DispatcherServlet - Completed 200 OK
2026-02-17 23:04:48 [http-nio-8082-exec-1] DEBUG c.m.a.config.JwtAuthenticationFilter - ════════════════════════════════════════════════════════════════
2026-02-17 23:04:48 [http-nio-8082-exec-1] DEBUG c.m.a.config.JwtAuthenticationFilter - 📍 [JWT FILTER] START
2026-02-17 23:04:48 [http-nio-8082-exec-1] DEBUG c.m.a.config.JwtAuthenticationFilter - METHOD: GET | URI: /medicines/105
2026-02-17 23:04:48 [http-nio-8082-exec-1] DEBUG c.m.a.config.JwtAuthenticationFilter - Remote Address: 127.0.0.1
2026-02-17 23:04:48 [http-nio-8082-exec-1] DEBUG c.m.a.config.JwtAuthenticationFilter - ════════════════════════════════════════════════════════════════
2026-02-17 23:04:48 [http-nio-8082-exec-6] DEBUG o.s.w.s.m.m.a.HttpEntityMethodProcessor - Using 'application/json', given [*/*] and supported [application/json, application/*+json, application/yaml]
2026-02-17 23:04:48 [http-nio-8082-exec-1] DEBUG c.m.a.config.JwtAuthenticationFilter - 🔍 [JWT FILTER] Reading Authorization header
2026-02-17 23:04:48 [http-nio-8082-exec-1] DEBUG c.m.a.config.JwtAuthenticationFilter - 📋 Header value: NULL
2026-02-17 23:04:48 [http-nio-8082-exec-6] DEBUG o.s.w.s.m.m.a.HttpEntityMethodProcessor - Writing [MedicineDTO(id=102, name=Amoxicillin 250mg, category=Antibiotic, price=12.0, sku=MED102, requiresRx= (truncated)...]
2026-02-17 23:04:48 [http-nio-8082-exec-1] WARN  c.m.a.config.JwtAuthenticationFilter - ⚠️  [JWT FILTER] Authorization header is NULL
2026-02-17 23:04:48 [http-nio-8082-exec-1] DEBUG c.m.a.config.JwtAuthenticationFilter - → Passing request to next filter WITHOUT authentication
2026-02-17 23:04:48 [http-nio-8082-exec-1] DEBUG o.s.web.servlet.DispatcherServlet - GET "/medicines/105", parameters={}
2026-02-17 23:04:48 [http-nio-8082-exec-1] DEBUG o.s.w.s.m.m.a.RequestMappingHandlerMapping - Mapped to com.medicart.admin.controller.MedicineController#getMedicineById(Long)
2026-02-17 23:04:48 [http-nio-8082-exec-6] DEBUG o.s.web.servlet.DispatcherServlet - Completed 200 OK
2026-02-17 23:04:48 [http-nio-8082-exec-1] INFO  c.m.admin.service.MedicineService - 🔍 Fetching medicine with id: 105
2026-02-17 23:04:48 [http-nio-8082-exec-1] DEBUG o.s.w.s.m.m.a.HttpEntityMethodProcessor - Using 'application/json', given [*/*] and supported [application/json, application/*+json, application/yaml]
2026-02-17 23:04:48 [http-nio-8082-exec-1] DEBUG o.s.w.s.m.m.a.HttpEntityMethodProcessor - Writing [MedicineDTO(id=105, name=Hydrocortisone Cream 1%, category=Dermatology, price=6.25, sku=MED105, requ (truncated)...]
2026-02-17 23:04:48 [http-nio-8082-exec-1] DEBUG o.s.web.servlet.DispatcherServlet - Completed 200 OK
2026-02-17 23:04:48 [http-nio-8082-exec-2] DEBUG c.m.a.config.JwtAuthenticationFilter - ════════════════════════════════════════════════════════════════
2026-02-17 23:04:48 [http-nio-8082-exec-2] DEBUG c.m.a.config.JwtAuthenticationFilter - 📍 [JWT FILTER] START
2026-02-17 23:04:48 [http-nio-8082-exec-2] DEBUG c.m.a.config.JwtAuthenticationFilter - METHOD: GET | URI: /medicines/106
2026-02-17 23:04:48 [http-nio-8082-exec-2] DEBUG c.m.a.config.JwtAuthenticationFilter - Remote Address: 127.0.0.1
2026-02-17 23:04:48 [http-nio-8082-exec-2] DEBUG c.m.a.config.JwtAuthenticationFilter - ════════════════════════════════════════════════════════════════
2026-02-17 23:04:48 [http-nio-8082-exec-2] DEBUG c.m.a.config.JwtAuthenticationFilter - 🔍 [JWT FILTER] Reading Authorization header
2026-02-17 23:04:48 [http-nio-8082-exec-2] DEBUG c.m.a.config.JwtAuthenticationFilter - 📋 Header value: NULL
2026-02-17 23:04:48 [http-nio-8082-exec-2] WARN  c.m.a.config.JwtAuthenticationFilter - ⚠️  [JWT FILTER] Authorization header is NULL
2026-02-17 23:04:48 [http-nio-8082-exec-2] DEBUG c.m.a.config.JwtAuthenticationFilter - → Passing request to next filter WITHOUT authentication
2026-02-17 23:04:48 [http-nio-8082-exec-2] DEBUG o.s.web.servlet.DispatcherServlet - GET "/medicines/106", parameters={}
2026-02-17 23:04:48 [http-nio-8082-exec-2] DEBUG o.s.w.s.m.m.a.RequestMappingHandlerMapping - Mapped to com.medicart.admin.controller.MedicineController#getMedicineById(Long)
2026-02-17 23:04:48 [http-nio-8082-exec-2] INFO  c.m.admin.service.MedicineService - 🔍 Fetching medicine with id: 106
2026-02-17 23:04:48 [http-nio-8082-exec-2] DEBUG o.s.w.s.m.m.a.HttpEntityMethodProcessor - Using 'application/json', given [*/*] and supported [application/json, application/*+json, application/yaml]
2026-02-17 23:04:48 [http-nio-8082-exec-2] DEBUG o.s.w.s.m.m.a.HttpEntityMethodProcessor - Writing [MedicineDTO(id=106, name=Ibuprofen 200mg, category=Analgesic, price=7.0, sku=MED106, requiresRx=fals (truncated)...]
2026-02-17 23:04:48 [http-nio-8082-exec-2] DEBUG o.s.web.servlet.DispatcherServlet - Completed 200 OK
2026-02-17 23:04:48 [http-nio-8082-exec-7] DEBUG c.m.a.config.JwtAuthenticationFilter - ════════════════════════════════════════════════════════════════
2026-02-17 23:04:48 [http-nio-8082-exec-7] DEBUG c.m.a.config.JwtAuthenticationFilter - 📍 [JWT FILTER] START
2026-02-17 23:04:48 [http-nio-8082-exec-7] DEBUG c.m.a.config.JwtAuthenticationFilter - METHOD: GET | URI: /medicines/107
2026-02-17 23:04:48 [http-nio-8082-exec-7] DEBUG c.m.a.config.JwtAuthenticationFilter - Remote Address: 127.0.0.1
2026-02-17 23:04:48 [http-nio-8082-exec-7] DEBUG c.m.a.config.JwtAuthenticationFilter - ════════════════════════════════════════════════════════════════
2026-02-17 23:04:48 [http-nio-8082-exec-7] DEBUG c.m.a.config.JwtAuthenticationFilter - 🔍 [JWT FILTER] Reading Authorization header
2026-02-17 23:04:48 [http-nio-8082-exec-7] DEBUG c.m.a.config.JwtAuthenticationFilter - 📋 Header value: NULL
2026-02-17 23:04:48 [http-nio-8082-exec-7] WARN  c.m.a.config.JwtAuthenticationFilter - ⚠️  [JWT FILTER] Authorization header is NULL
2026-02-17 23:04:48 [http-nio-8082-exec-7] DEBUG c.m.a.config.JwtAuthenticationFilter - → Passing request to next filter WITHOUT authentication
2026-02-17 23:04:48 [http-nio-8082-exec-7] DEBUG o.s.web.servlet.DispatcherServlet - GET "/medicines/107", parameters={}
2026-02-17 23:04:48 [http-nio-8082-exec-7] DEBUG o.s.w.s.m.m.a.RequestMappingHandlerMapping - Mapped to com.medicart.admin.controller.MedicineController#getMedicineById(Long)
2026-02-17 23:04:48 [http-nio-8082-exec-7] INFO  c.m.admin.service.MedicineService - 🔍 Fetching medicine with id: 107
2026-02-17 23:04:48 [http-nio-8082-exec-7] DEBUG o.s.w.s.m.m.a.HttpEntityMethodProcessor - Using 'application/json', given [*/*] and supported [application/json, application/*+json, application/yaml]
2026-02-17 23:04:48 [http-nio-8082-exec-7] DEBUG o.s.w.s.m.m.a.HttpEntityMethodProcessor - Writing [MedicineDTO(id=107, name=Salbutamol Inhaler, category=Respiratory, price=220.0, sku=MED107, requires (truncated)...]
2026-02-17 23:04:48 [http-nio-8082-exec-7] DEBUG o.s.web.servlet.DispatcherServlet - Completed 200 OK
2026-02-17 23:04:48 [http-nio-8082-exec-3] DEBUG c.m.a.config.JwtAuthenticationFilter - ════════════════════════════════════════════════════════════════
2026-02-17 23:04:48 [http-nio-8082-exec-3] DEBUG c.m.a.config.JwtAuthenticationFilter - 📍 [JWT FILTER] START
2026-02-17 23:04:48 [http-nio-8082-exec-3] DEBUG c.m.a.config.JwtAuthenticationFilter - METHOD: GET | URI: /medicines/108
2026-02-17 23:04:48 [http-nio-8082-exec-3] DEBUG c.m.a.config.JwtAuthenticationFilter - Remote Address: 127.0.0.1
2026-02-17 23:04:48 [http-nio-8082-exec-3] DEBUG c.m.a.config.JwtAuthenticationFilter - ════════════════════════════════════════════════════════════════
2026-02-17 23:04:48 [http-nio-8082-exec-3] DEBUG c.m.a.config.JwtAuthenticationFilter - 🔍 [JWT FILTER] Reading Authorization header
2026-02-17 23:04:48 [http-nio-8082-exec-3] DEBUG c.m.a.config.JwtAuthenticationFilter - 📋 Header value: NULL
2026-02-17 23:04:48 [http-nio-8082-exec-3] WARN  c.m.a.config.JwtAuthenticationFilter - ⚠️  [JWT FILTER] Authorization header is NULL
2026-02-17 23:04:48 [http-nio-8082-exec-3] DEBUG c.m.a.config.JwtAuthenticationFilter - → Passing request to next filter WITHOUT authentication
2026-02-17 23:04:48 [http-nio-8082-exec-3] DEBUG o.s.web.servlet.DispatcherServlet - GET "/medicines/108", parameters={}
2026-02-17 23:04:48 [http-nio-8082-exec-3] DEBUG o.s.w.s.m.m.a.RequestMappingHandlerMapping - Mapped to com.medicart.admin.controller.MedicineController#getMedicineById(Long)
2026-02-17 23:04:48 [http-nio-8082-exec-3] INFO  c.m.admin.service.MedicineService - 🔍 Fetching medicine with id: 108
2026-02-17 23:04:48 [http-nio-8082-exec-3] DEBUG o.s.w.s.m.m.a.HttpEntityMethodProcessor - Using 'application/json', given [*/*] and supported [application/json, application/*+json, application/yaml]
2026-02-17 23:04:48 [http-nio-8082-exec-3] DEBUG o.s.w.s.m.m.a.HttpEntityMethodProcessor - Writing [MedicineDTO(id=108, name=Vitamin D 1000IU, category=Supplements, price=9.99, sku=MED108, requiresRx= (truncated)...]
2026-02-17 23:04:48 [http-nio-8082-exec-3] DEBUG o.s.web.servlet.DispatcherServlet - Completed 200 OK
2026-02-17 23:04:48 [http-nio-8082-exec-8] DEBUG c.m.a.config.JwtAuthenticationFilter - ════════════════════════════════════════════════════════════════
2026-02-17 23:04:48 [http-nio-8082-exec-8] DEBUG c.m.a.config.JwtAuthenticationFilter - 📍 [JWT FILTER] START
2026-02-17 23:04:48 [http-nio-8082-exec-8] DEBUG c.m.a.config.JwtAuthenticationFilter - METHOD: GET | URI: /medicines/109
2026-02-17 23:04:48 [http-nio-8082-exec-8] DEBUG c.m.a.config.JwtAuthenticationFilter - Remote Address: 127.0.0.1
2026-02-17 23:04:48 [http-nio-8082-exec-8] DEBUG c.m.a.config.JwtAuthenticationFilter - ════════════════════════════════════════════════════════════════
2026-02-17 23:04:48 [http-nio-8082-exec-8] DEBUG c.m.a.config.JwtAuthenticationFilter - 🔍 [JWT FILTER] Reading Authorization header
2026-02-17 23:04:48 [http-nio-8082-exec-8] DEBUG c.m.a.config.JwtAuthenticationFilter - 📋 Header value: NULL
2026-02-17 23:04:48 [http-nio-8082-exec-8] WARN  c.m.a.config.JwtAuthenticationFilter - ⚠️  [JWT FILTER] Authorization header is NULL
2026-02-17 23:04:48 [http-nio-8082-exec-8] DEBUG c.m.a.config.JwtAuthenticationFilter - → Passing request to next filter WITHOUT authentication
2026-02-17 23:04:48 [http-nio-8082-exec-8] DEBUG o.s.web.servlet.DispatcherServlet - GET "/medicines/109", parameters={}
2026-02-17 23:04:48 [http-nio-8082-exec-8] DEBUG o.s.w.s.m.m.a.RequestMappingHandlerMapping - Mapped to com.medicart.admin.controller.MedicineController#getMedicineById(Long)
2026-02-17 23:04:48 [http-nio-8082-exec-8] INFO  c.m.admin.service.MedicineService - 🔍 Fetching medicine with id: 109
2026-02-17 23:04:48 [http-nio-8082-exec-8] DEBUG o.s.w.s.m.m.a.HttpEntityMethodProcessor - Using 'application/json', given [*/*] and supported [application/json, application/*+json, application/yaml]
2026-02-17 23:04:48 [http-nio-8082-exec-8] DEBUG o.s.w.s.m.m.a.HttpEntityMethodProcessor - Writing [MedicineDTO(id=109, name=Cough Syrup 100ml, category=Analgesic, price=45.0, sku=MED109, requiresRx=f (truncated)...]
2026-02-17 23:04:48 [http-nio-8082-exec-8] DEBUG o.s.web.servlet.DispatcherServlet - Completed 200 OK
2026-02-17 23:04:48 [http-nio-8082-exec-4] DEBUG c.m.a.config.JwtAuthenticationFilter - ════════════════════════════════════════════════════════════════
2026-02-17 23:04:48 [http-nio-8082-exec-4] DEBUG c.m.a.config.JwtAuthenticationFilter - 📍 [JWT FILTER] START
2026-02-17 23:04:48 [http-nio-8082-exec-4] DEBUG c.m.a.config.JwtAuthenticationFilter - METHOD: GET | URI: /medicines/110
2026-02-17 23:04:48 [http-nio-8082-exec-4] DEBUG c.m.a.config.JwtAuthenticationFilter - Remote Address: 127.0.0.1
2026-02-17 23:04:48 [http-nio-8082-exec-4] DEBUG c.m.a.config.JwtAuthenticationFilter - ════════════════════════════════════════════════════════════════
2026-02-17 23:04:48 [http-nio-8082-exec-4] DEBUG c.m.a.config.JwtAuthenticationFilter - 🔍 [JWT FILTER] Reading Authorization header
2026-02-17 23:04:48 [http-nio-8082-exec-4] DEBUG c.m.a.config.JwtAuthenticationFilter - 📋 Header value: NULL
2026-02-17 23:04:48 [http-nio-8082-exec-4] WARN  c.m.a.config.JwtAuthenticationFilter - ⚠️  [JWT FILTER] Authorization header is NULL
2026-02-17 23:04:48 [http-nio-8082-exec-4] DEBUG c.m.a.config.JwtAuthenticationFilter - → Passing request to next filter WITHOUT authentication
2026-02-17 23:04:48 [http-nio-8082-exec-4] DEBUG o.s.web.servlet.DispatcherServlet - GET "/medicines/110", parameters={}
2026-02-17 23:04:48 [http-nio-8082-exec-4] DEBUG o.s.w.s.m.m.a.RequestMappingHandlerMapping - Mapped to com.medicart.admin.controller.MedicineController#getMedicineById(Long)
2026-02-17 23:04:48 [http-nio-8082-exec-4] INFO  c.m.admin.service.MedicineService - 🔍 Fetching medicine with id: 110
2026-02-17 23:04:48 [http-nio-8082-exec-4] DEBUG o.s.w.s.m.m.a.HttpEntityMethodProcessor - Using 'application/json', given [*/*] and supported [application/json, application/*+json, application/yaml]
2026-02-17 23:04:48 [http-nio-8082-exec-4] DEBUG o.s.w.s.m.m.a.HttpEntityMethodProcessor - Writing [MedicineDTO(id=110, name=Special Chemotherapy Drug, category=Oncology, price=1299.0, sku=MED110, req (truncated)...]
2026-02-17 23:04:48 [http-nio-8082-exec-4] DEBUG o.s.web.servlet.DispatcherServlet - Completed 200 OK
2026-02-17 23:04:48 [http-nio-8082-exec-9] DEBUG c.m.a.config.JwtAuthenticationFilter - ════════════════════════════════════════════════════════════════
2026-02-17 23:04:48 [http-nio-8082-exec-9] DEBUG c.m.a.config.JwtAuthenticationFilter - 📍 [JWT FILTER] START
2026-02-17 23:04:48 [http-nio-8082-exec-9] DEBUG c.m.a.config.JwtAuthenticationFilter - METHOD: GET | URI: /medicines/1
2026-02-17 23:04:48 [http-nio-8082-exec-9] DEBUG c.m.a.config.JwtAuthenticationFilter - Remote Address: 127.0.0.1
2026-02-17 23:04:48 [http-nio-8082-exec-9] DEBUG c.m.a.config.JwtAuthenticationFilter - ════════════════════════════════════════════════════════════════
2026-02-17 23:04:48 [http-nio-8082-exec-9] DEBUG c.m.a.config.JwtAuthenticationFilter - 🔍 [JWT FILTER] Reading Authorization header
2026-02-17 23:04:48 [http-nio-8082-exec-9] DEBUG c.m.a.config.JwtAuthenticationFilter - 📋 Header value: NULL
2026-02-17 23:04:48 [http-nio-8082-exec-9] WARN  c.m.a.config.JwtAuthenticationFilter - ⚠️  [JWT FILTER] Authorization header is NULL
2026-02-17 23:04:48 [http-nio-8082-exec-9] DEBUG c.m.a.config.JwtAuthenticationFilter - → Passing request to next filter WITHOUT authentication
2026-02-17 23:04:48 [http-nio-8082-exec-9] DEBUG o.s.web.servlet.DispatcherServlet - GET "/medicines/1", parameters={}
2026-02-17 23:04:48 [http-nio-8082-exec-9] DEBUG o.s.w.s.m.m.a.RequestMappingHandlerMapping - Mapped to com.medicart.admin.controller.MedicineController#getMedicineById(Long)
2026-02-17 23:04:48 [http-nio-8082-exec-9] INFO  c.m.admin.service.MedicineService - 🔍 Fetching medicine with id: 1
2026-02-17 23:04:48 [http-nio-8082-exec-9] DEBUG o.s.w.s.m.m.a.HttpEntityMethodProcessor - Using 'application/json', given [*/*] and supported [application/json, application/*+json, application/yaml]
2026-02-17 23:04:48 [http-nio-8082-exec-9] DEBUG o.s.w.s.m.m.a.HttpEntityMethodProcessor - Writing [MedicineDTO(id=1, name=Paracetamol, category=Tablet, price=12.0, sku=PCM, requiresRx=true, descripti (truncated)...]
2026-02-17 23:04:48 [http-nio-8082-exec-9] DEBUG o.s.web.servlet.DispatcherServlet - Completed 200 OK
2026-02-17 23:04:48 [http-nio-8082-exec-10] DEBUG c.m.a.config.JwtAuthenticationFilter - ════════════════════════════════════════════════════════════════
2026-02-17 23:04:48 [http-nio-8082-exec-10] DEBUG c.m.a.config.JwtAuthenticationFilter - 📍 [JWT FILTER] START
2026-02-17 23:04:48 [http-nio-8082-exec-10] DEBUG c.m.a.config.JwtAuthenticationFilter - METHOD: GET | URI: /medicines/3
2026-02-17 23:04:48 [http-nio-8082-exec-10] DEBUG c.m.a.config.JwtAuthenticationFilter - Remote Address: 127.0.0.1
2026-02-17 23:04:48 [http-nio-8082-exec-10] DEBUG c.m.a.config.JwtAuthenticationFilter - ════════════════════════════════════════════════════════════════
2026-02-17 23:04:48 [http-nio-8082-exec-10] DEBUG c.m.a.config.JwtAuthenticationFilter - 🔍 [JWT FILTER] Reading Authorization header
2026-02-17 23:04:48 [http-nio-8082-exec-10] DEBUG c.m.a.config.JwtAuthenticationFilter - 📋 Header value: NULL
2026-02-17 23:04:48 [http-nio-8082-exec-10] WARN  c.m.a.config.JwtAuthenticationFilter - ⚠️  [JWT FILTER] Authorization header is NULL
2026-02-17 23:04:48 [http-nio-8082-exec-10] DEBUG c.m.a.config.JwtAuthenticationFilter - → Passing request to next filter WITHOUT authentication
2026-02-17 23:04:48 [http-nio-8082-exec-10] DEBUG o.s.web.servlet.DispatcherServlet - GET "/medicines/3", parameters={}
2026-02-17 23:04:48 [http-nio-8082-exec-10] DEBUG o.s.w.s.m.m.a.RequestMappingHandlerMapping - Mapped to com.medicart.admin.controller.MedicineController#getMedicineById(Long)
2026-02-17 23:04:48 [http-nio-8082-exec-10] INFO  c.m.admin.service.MedicineService - 🔍 Fetching medicine with id: 3
2026-02-17 23:04:48 [http-nio-8082-exec-10] DEBUG o.s.w.s.m.m.a.HttpEntityMethodProcessor - Using 'application/json', given [*/*] and supported [application/json, application/*+json, application/yaml]
2026-02-17 23:04:48 [http-nio-8082-exec-10] DEBUG o.s.w.s.m.m.a.HttpEntityMethodProcessor - Writing [MedicineDTO(id=3, name=Dolo, category=Tablet, price=4.0, sku=TMC, requiresRx=false, description=Mild (truncated)...]
2026-02-17 23:04:48 [http-nio-8082-exec-10] DEBUG o.s.web.servlet.DispatcherServlet - Completed 200 OK
2026-02-17 23:05:07 [DiscoveryClient-CacheRefreshExecutor-%d] DEBUG o.s.web.client.RestTemplate - HTTP GET http://localhost:8761/eureka/apps/delta
2026-02-17 23:05:07 [DiscoveryClient-HeartbeatExecutor-%d] DEBUG o.s.web.client.RestTemplate - HTTP PUT http://localhost:8761/eureka/apps/ADMIN-CATALOGUE-SERVICE/LTIN656883.cts.com:admin-catalogue-service:8082?status=UP&lastDirtyTimestamp=1771349496883
2026-02-17 23:05:07 [DiscoveryClient-HeartbeatExecutor-%d] DEBUG o.s.web.client.RestTemplate - Accept=[application/json, application/yaml, application/*+json]
2026-02-17 23:05:07 [DiscoveryClient-CacheRefreshExecutor-%d] DEBUG o.s.web.client.RestTemplate - Accept=[application/json, application/yaml, application/*+json]
2026-02-17 23:05:07 [DiscoveryClient-HeartbeatExecutor-%d] DEBUG o.s.web.client.RestTemplate - Response 200 OK
2026-02-17 23:05:07 [DiscoveryClient-CacheRefreshExecutor-%d] DEBUG o.s.web.client.RestTemplate - Response 200 OK
2026-02-17 23:05:07 [DiscoveryClient-CacheRefreshExecutor-%d] DEBUG o.s.web.client.RestTemplate - Reading to [org.springframework.cloud.netflix.eureka.http.EurekaApplications]
2026-02-17 23:05:17 [http-nio-8082-exec-6] DEBUG c.m.a.config.JwtAuthenticationFilter - ════════════════════════════════════════════════════════════════
2026-02-17 23:05:17 [http-nio-8082-exec-5] DEBUG c.m.a.config.JwtAuthenticationFilter - ════════════════════════════════════════════════════════════════
2026-02-17 23:05:17 [http-nio-8082-exec-5] DEBUG c.m.a.config.JwtAuthenticationFilter - 📍 [JWT FILTER] START
2026-02-17 23:05:17 [http-nio-8082-exec-6] DEBUG c.m.a.config.JwtAuthenticationFilter - 📍 [JWT FILTER] START
2026-02-17 23:05:17 [http-nio-8082-exec-5] DEBUG c.m.a.config.JwtAuthenticationFilter - METHOD: GET | URI: /medicines/2
2026-02-17 23:05:17 [http-nio-8082-exec-5] DEBUG c.m.a.config.JwtAuthenticationFilter - Remote Address: 127.0.0.1
2026-02-17 23:05:17 [http-nio-8082-exec-5] DEBUG c.m.a.config.JwtAuthenticationFilter - ════════════════════════════════════════════════════════════════
2026-02-17 23:05:17 [http-nio-8082-exec-6] DEBUG c.m.a.config.JwtAuthenticationFilter - METHOD: GET | URI: /medicines/105
2026-02-17 23:05:17 [http-nio-8082-exec-6] DEBUG c.m.a.config.JwtAuthenticationFilter - Remote Address: 127.0.0.1
2026-02-17 23:05:17 [http-nio-8082-exec-5] DEBUG c.m.a.config.JwtAuthenticationFilter - 🔍 [JWT FILTER] Reading Authorization header
2026-02-17 23:05:17 [http-nio-8082-exec-5] DEBUG c.m.a.config.JwtAuthenticationFilter - 📋 Header value: NULL
2026-02-17 23:05:17 [http-nio-8082-exec-6] DEBUG c.m.a.config.JwtAuthenticationFilter - ════════════════════════════════════════════════════════════════
2026-02-17 23:05:17 [http-nio-8082-exec-5] WARN  c.m.a.config.JwtAuthenticationFilter - ⚠️  [JWT FILTER] Authorization header is NULL
2026-02-17 23:05:17 [http-nio-8082-exec-5] DEBUG c.m.a.config.JwtAuthenticationFilter - → Passing request to next filter WITHOUT authentication
2026-02-17 23:05:17 [http-nio-8082-exec-5] DEBUG o.s.web.servlet.DispatcherServlet - GET "/medicines/2", parameters={}
2026-02-17 23:05:17 [http-nio-8082-exec-6] DEBUG c.m.a.config.JwtAuthenticationFilter - 🔍 [JWT FILTER] Reading Authorization header
2026-02-17 23:05:17 [http-nio-8082-exec-6] DEBUG c.m.a.config.JwtAuthenticationFilter - 📋 Header value: NULL
2026-02-17 23:05:17 [http-nio-8082-exec-5] DEBUG o.s.w.s.m.m.a.RequestMappingHandlerMapping - Mapped to com.medicart.admin.controller.MedicineController#getMedicineById(Long)
2026-02-17 23:05:17 [http-nio-8082-exec-5] INFO  c.m.admin.service.MedicineService - 🔍 Fetching medicine with id: 2
2026-02-17 23:05:17 [http-nio-8082-exec-6] WARN  c.m.a.config.JwtAuthenticationFilter - ⚠️  [JWT FILTER] Authorization header is NULL
2026-02-17 23:05:17 [http-nio-8082-exec-6] DEBUG c.m.a.config.JwtAuthenticationFilter - → Passing request to next filter WITHOUT authentication
2026-02-17 23:05:17 [http-nio-8082-exec-6] DEBUG o.s.web.servlet.DispatcherServlet - GET "/medicines/105", parameters={}
2026-02-17 23:05:17 [http-nio-8082-exec-6] DEBUG o.s.w.s.m.m.a.RequestMappingHandlerMapping - Mapped to com.medicart.admin.controller.MedicineController#getMedicineById(Long)
2026-02-17 23:05:17 [http-nio-8082-exec-6] INFO  c.m.admin.service.MedicineService - 🔍 Fetching medicine with id: 105
2026-02-17 23:05:17 [http-nio-8082-exec-5] DEBUG o.s.w.s.m.m.a.HttpEntityMethodProcessor - Using 'application/json', given [*/*] and supported [application/json, application/*+json, application/yaml]
2026-02-17 23:05:17 [http-nio-8082-exec-5] DEBUG o.s.w.s.m.m.a.HttpEntityMethodProcessor - Writing [MedicineDTO(id=2, name=Benidril, category=Syrup, price=52.0, sku=BDRL, requiresRx=false, description (truncated)...]
2026-02-17 23:05:17 [http-nio-8082-exec-5] DEBUG o.s.web.servlet.DispatcherServlet - Completed 200 OK
2026-02-17 23:05:17 [http-nio-8082-exec-6] DEBUG o.s.w.s.m.m.a.HttpEntityMethodProcessor - Using 'application/json', given [*/*] and supported [application/json, application/*+json, application/yaml]
2026-02-17 23:05:17 [http-nio-8082-exec-1] DEBUG c.m.a.config.JwtAuthenticationFilter - ════════════════════════════════════════════════════════════════
2026-02-17 23:05:17 [http-nio-8082-exec-6] DEBUG o.s.w.s.m.m.a.HttpEntityMethodProcessor - Writing [MedicineDTO(id=105, name=Hydrocortisone Cream 1%, category=Dermatology, price=6.25, sku=MED105, requ (truncated)...]
2026-02-17 23:05:17 [http-nio-8082-exec-1] DEBUG c.m.a.config.JwtAuthenticationFilter - 📍 [JWT FILTER] START
2026-02-17 23:05:17 [http-nio-8082-exec-1] DEBUG c.m.a.config.JwtAuthenticationFilter - METHOD: GET | URI: /medicines/101
2026-02-17 23:05:17 [http-nio-8082-exec-1] DEBUG c.m.a.config.JwtAuthenticationFilter - Remote Address: 127.0.0.1
2026-02-17 23:05:17 [http-nio-8082-exec-1] DEBUG c.m.a.config.JwtAuthenticationFilter - ════════════════════════════════════════════════════════════════
2026-02-17 23:05:17 [http-nio-8082-exec-1] DEBUG c.m.a.config.JwtAuthenticationFilter - 🔍 [JWT FILTER] Reading Authorization header
2026-02-17 23:05:17 [http-nio-8082-exec-1] DEBUG c.m.a.config.JwtAuthenticationFilter - 📋 Header value: NULL
2026-02-17 23:05:17 [http-nio-8082-exec-1] WARN  c.m.a.config.JwtAuthenticationFilter - ⚠️  [JWT FILTER] Authorization header is NULL
2026-02-17 23:05:17 [http-nio-8082-exec-1] DEBUG c.m.a.config.JwtAuthenticationFilter - → Passing request to next filter WITHOUT authentication
2026-02-17 23:05:17 [http-nio-8082-exec-1] DEBUG o.s.web.servlet.DispatcherServlet - GET "/medicines/101", parameters={}
2026-02-17 23:05:17 [http-nio-8082-exec-1] DEBUG o.s.w.s.m.m.a.RequestMappingHandlerMapping - Mapped to com.medicart.admin.controller.MedicineController#getMedicineById(Long)
2026-02-17 23:05:17 [http-nio-8082-exec-1] INFO  c.m.admin.service.MedicineService - 🔍 Fetching medicine with id: 101
2026-02-17 23:05:17 [http-nio-8082-exec-6] DEBUG o.s.web.servlet.DispatcherServlet - Completed 200 OK
2026-02-17 23:05:17 [http-nio-8082-exec-2] DEBUG c.m.a.config.JwtAuthenticationFilter - ════════════════════════════════════════════════════════════════
2026-02-17 23:05:17 [http-nio-8082-exec-2] DEBUG c.m.a.config.JwtAuthenticationFilter - 📍 [JWT FILTER] START
2026-02-17 23:05:17 [http-nio-8082-exec-2] DEBUG c.m.a.config.JwtAuthenticationFilter - METHOD: GET | URI: /medicines/104
2026-02-17 23:05:17 [http-nio-8082-exec-2] DEBUG c.m.a.config.JwtAuthenticationFilter - Remote Address: 127.0.0.1
2026-02-17 23:05:17 [http-nio-8082-exec-2] DEBUG c.m.a.config.JwtAuthenticationFilter - ════════════════════════════════════════════════════════════════
2026-02-17 23:05:17 [http-nio-8082-exec-2] DEBUG c.m.a.config.JwtAuthenticationFilter - 🔍 [JWT FILTER] Reading Authorization header
2026-02-17 23:05:17 [http-nio-8082-exec-2] DEBUG c.m.a.config.JwtAuthenticationFilter - 📋 Header value: NULL
2026-02-17 23:05:17 [http-nio-8082-exec-2] WARN  c.m.a.config.JwtAuthenticationFilter - ⚠️  [JWT FILTER] Authorization header is NULL
2026-02-17 23:05:17 [http-nio-8082-exec-2] DEBUG c.m.a.config.JwtAuthenticationFilter - → Passing request to next filter WITHOUT authentication
2026-02-17 23:05:17 [http-nio-8082-exec-2] DEBUG o.s.web.servlet.DispatcherServlet - GET "/medicines/104", parameters={}
2026-02-17 23:05:17 [http-nio-8082-exec-2] DEBUG o.s.w.s.m.m.a.RequestMappingHandlerMapping - Mapped to com.medicart.admin.controller.MedicineController#getMedicineById(Long)
2026-02-17 23:05:17 [http-nio-8082-exec-2] INFO  c.m.admin.service.MedicineService - 🔍 Fetching medicine with id: 104
2026-02-17 23:05:17 [http-nio-8082-exec-1] DEBUG o.s.w.s.m.m.a.HttpEntityMethodProcessor - Using 'application/json', given [*/*] and supported [application/json, application/*+json, application/yaml]
2026-02-17 23:05:17 [http-nio-8082-exec-1] DEBUG o.s.w.s.m.m.a.HttpEntityMethodProcessor - Writing [MedicineDTO(id=101, name=Paracetamol 500mg, category=Analgesic, price=5.5, sku=MED101, requiresRx=fa (truncated)...]
2026-02-17 23:05:17 [http-nio-8082-exec-1] DEBUG o.s.web.servlet.DispatcherServlet - Completed 200 OK
2026-02-17 23:05:17 [http-nio-8082-exec-7] DEBUG c.m.a.config.JwtAuthenticationFilter - ════════════════════════════════════════════════════════════════
2026-02-17 23:05:17 [http-nio-8082-exec-7] DEBUG c.m.a.config.JwtAuthenticationFilter - 📍 [JWT FILTER] START
2026-02-17 23:05:17 [http-nio-8082-exec-7] DEBUG c.m.a.config.JwtAuthenticationFilter - METHOD: GET | URI: /medicines/102
2026-02-17 23:05:17 [http-nio-8082-exec-7] DEBUG c.m.a.config.JwtAuthenticationFilter - Remote Address: 127.0.0.1
2026-02-17 23:05:17 [http-nio-8082-exec-7] DEBUG c.m.a.config.JwtAuthenticationFilter - ════════════════════════════════════════════════════════════════
2026-02-17 23:05:17 [http-nio-8082-exec-7] DEBUG c.m.a.config.JwtAuthenticationFilter - 🔍 [JWT FILTER] Reading Authorization header
2026-02-17 23:05:17 [http-nio-8082-exec-7] DEBUG c.m.a.config.JwtAuthenticationFilter - 📋 Header value: NULL
2026-02-17 23:05:17 [http-nio-8082-exec-7] WARN  c.m.a.config.JwtAuthenticationFilter - ⚠️  [JWT FILTER] Authorization header is NULL
2026-02-17 23:05:17 [http-nio-8082-exec-7] DEBUG c.m.a.config.JwtAuthenticationFilter - → Passing request to next filter WITHOUT authentication
2026-02-17 23:05:17 [http-nio-8082-exec-7] DEBUG o.s.web.servlet.DispatcherServlet - GET "/medicines/102", parameters={}
2026-02-17 23:05:17 [http-nio-8082-exec-7] DEBUG o.s.w.s.m.m.a.RequestMappingHandlerMapping - Mapped to com.medicart.admin.controller.MedicineController#getMedicineById(Long)
2026-02-17 23:05:17 [http-nio-8082-exec-7] INFO  c.m.admin.service.MedicineService - 🔍 Fetching medicine with id: 102
2026-02-17 23:05:17 [http-nio-8082-exec-2] DEBUG o.s.w.s.m.m.a.HttpEntityMethodProcessor - Using 'application/json', given [*/*] and supported [application/json, application/*+json, application/yaml]
2026-02-17 23:05:17 [http-nio-8082-exec-2] DEBUG o.s.w.s.m.m.a.HttpEntityMethodProcessor - Writing [MedicineDTO(id=104, name=Omeprazole 20mg, category=Gastro, price=8.75, sku=MED104, requiresRx=false, (truncated)...]
2026-02-17 23:05:17 [http-nio-8082-exec-2] DEBUG o.s.web.servlet.DispatcherServlet - Completed 200 OK
2026-02-17 23:05:17 [http-nio-8082-exec-3] DEBUG c.m.a.config.JwtAuthenticationFilter - ════════════════════════════════════════════════════════════════
2026-02-17 23:05:17 [http-nio-8082-exec-3] DEBUG c.m.a.config.JwtAuthenticationFilter - 📍 [JWT FILTER] START
2026-02-17 23:05:17 [http-nio-8082-exec-3] DEBUG c.m.a.config.JwtAuthenticationFilter - METHOD: GET | URI: /medicines/2
2026-02-17 23:05:17 [http-nio-8082-exec-3] DEBUG c.m.a.config.JwtAuthenticationFilter - Remote Address: 127.0.0.1
2026-02-17 23:05:17 [http-nio-8082-exec-3] DEBUG c.m.a.config.JwtAuthenticationFilter - ════════════════════════════════════════════════════════════════
2026-02-17 23:05:17 [http-nio-8082-exec-3] DEBUG c.m.a.config.JwtAuthenticationFilter - 🔍 [JWT FILTER] Reading Authorization header
2026-02-17 23:05:17 [http-nio-8082-exec-3] DEBUG c.m.a.config.JwtAuthenticationFilter - 📋 Header value: NULL
2026-02-17 23:05:17 [http-nio-8082-exec-3] WARN  c.m.a.config.JwtAuthenticationFilter - ⚠️  [JWT FILTER] Authorization header is NULL
2026-02-17 23:05:17 [http-nio-8082-exec-3] DEBUG c.m.a.config.JwtAuthenticationFilter - → Passing request to next filter WITHOUT authentication
2026-02-17 23:05:17 [http-nio-8082-exec-3] DEBUG o.s.web.servlet.DispatcherServlet - GET "/medicines/2", parameters={}
2026-02-17 23:05:17 [http-nio-8082-exec-3] DEBUG o.s.w.s.m.m.a.RequestMappingHandlerMapping - Mapped to com.medicart.admin.controller.MedicineController#getMedicineById(Long)
2026-02-17 23:05:17 [http-nio-8082-exec-3] INFO  c.m.admin.service.MedicineService - 🔍 Fetching medicine with id: 2
2026-02-17 23:05:17 [http-nio-8082-exec-7] DEBUG o.s.w.s.m.m.a.HttpEntityMethodProcessor - Using 'application/json', given [*/*] and supported [application/json, application/*+json, application/yaml]
2026-02-17 23:05:17 [http-nio-8082-exec-7] DEBUG o.s.w.s.m.m.a.HttpEntityMethodProcessor - Writing [MedicineDTO(id=102, name=Amoxicillin 250mg, category=Antibiotic, price=12.0, sku=MED102, requiresRx= (truncated)...]
2026-02-17 23:05:17 [http-nio-8082-exec-7] DEBUG o.s.web.servlet.DispatcherServlet - Completed 200 OK
2026-02-17 23:05:17 [http-nio-8082-exec-8] DEBUG c.m.a.config.JwtAuthenticationFilter - ════════════════════════════════════════════════════════════════
2026-02-17 23:05:17 [http-nio-8082-exec-8] DEBUG c.m.a.config.JwtAuthenticationFilter - 📍 [JWT FILTER] START
2026-02-17 23:05:17 [http-nio-8082-exec-8] DEBUG c.m.a.config.JwtAuthenticationFilter - METHOD: GET | URI: /medicines/103
2026-02-17 23:05:17 [http-nio-8082-exec-8] DEBUG c.m.a.config.JwtAuthenticationFilter - Remote Address: 127.0.0.1
2026-02-17 23:05:17 [http-nio-8082-exec-8] DEBUG c.m.a.config.JwtAuthenticationFilter - ════════════════════════════════════════════════════════════════
2026-02-17 23:05:17 [http-nio-8082-exec-8] DEBUG c.m.a.config.JwtAuthenticationFilter - 🔍 [JWT FILTER] Reading Authorization header
2026-02-17 23:05:17 [http-nio-8082-exec-8] DEBUG c.m.a.config.JwtAuthenticationFilter - 📋 Header value: NULL
2026-02-17 23:05:17 [http-nio-8082-exec-8] WARN  c.m.a.config.JwtAuthenticationFilter - ⚠️  [JWT FILTER] Authorization header is NULL
2026-02-17 23:05:17 [http-nio-8082-exec-8] DEBUG c.m.a.config.JwtAuthenticationFilter - → Passing request to next filter WITHOUT authentication
2026-02-17 23:05:17 [http-nio-8082-exec-8] DEBUG o.s.web.servlet.DispatcherServlet - GET "/medicines/103", parameters={}
2026-02-17 23:05:17 [http-nio-8082-exec-8] DEBUG o.s.w.s.m.m.a.RequestMappingHandlerMapping - Mapped to com.medicart.admin.controller.MedicineController#getMedicineById(Long)
2026-02-17 23:05:17 [http-nio-8082-exec-8] INFO  c.m.admin.service.MedicineService - 🔍 Fetching medicine with id: 103
2026-02-17 23:05:17 [http-nio-8082-exec-3] DEBUG o.s.w.s.m.m.a.HttpEntityMethodProcessor - Using 'application/json', given [*/*] and supported [application/json, application/*+json, application/yaml]
2026-02-17 23:05:17 [http-nio-8082-exec-3] DEBUG o.s.w.s.m.m.a.HttpEntityMethodProcessor - Writing [MedicineDTO(id=2, name=Benidril, category=Syrup, price=52.0, sku=BDRL, requiresRx=false, description (truncated)...]
2026-02-17 23:05:17 [http-nio-8082-exec-3] DEBUG o.s.web.servlet.DispatcherServlet - Completed 200 OK
2026-02-17 23:05:17 [http-nio-8082-exec-4] DEBUG c.m.a.config.JwtAuthenticationFilter - ════════════════════════════════════════════════════════════════
2026-02-17 23:05:17 [http-nio-8082-exec-4] DEBUG c.m.a.config.JwtAuthenticationFilter - 📍 [JWT FILTER] START
2026-02-17 23:05:17 [http-nio-8082-exec-4] DEBUG c.m.a.config.JwtAuthenticationFilter - METHOD: GET | URI: /medicines/107
2026-02-17 23:05:17 [http-nio-8082-exec-4] DEBUG c.m.a.config.JwtAuthenticationFilter - Remote Address: 127.0.0.1
2026-02-17 23:05:17 [http-nio-8082-exec-4] DEBUG c.m.a.config.JwtAuthenticationFilter - ════════════════════════════════════════════════════════════════
2026-02-17 23:05:17 [http-nio-8082-exec-4] DEBUG c.m.a.config.JwtAuthenticationFilter - 🔍 [JWT FILTER] Reading Authorization header
2026-02-17 23:05:17 [http-nio-8082-exec-4] DEBUG c.m.a.config.JwtAuthenticationFilter - 📋 Header value: NULL
2026-02-17 23:05:17 [http-nio-8082-exec-4] WARN  c.m.a.config.JwtAuthenticationFilter - ⚠️  [JWT FILTER] Authorization header is NULL
2026-02-17 23:05:17 [http-nio-8082-exec-4] DEBUG c.m.a.config.JwtAuthenticationFilter - → Passing request to next filter WITHOUT authentication
2026-02-17 23:05:17 [http-nio-8082-exec-4] DEBUG o.s.web.servlet.DispatcherServlet - GET "/medicines/107", parameters={}
2026-02-17 23:05:17 [http-nio-8082-exec-4] DEBUG o.s.w.s.m.m.a.RequestMappingHandlerMapping - Mapped to com.medicart.admin.controller.MedicineController#getMedicineById(Long)
2026-02-17 23:05:17 [http-nio-8082-exec-4] INFO  c.m.admin.service.MedicineService - 🔍 Fetching medicine with id: 107
2026-02-17 23:05:17 [http-nio-8082-exec-8] DEBUG o.s.w.s.m.m.a.HttpEntityMethodProcessor - Using 'application/json', given [*/*] and supported [application/json, application/*+json, application/yaml]
2026-02-17 23:05:17 [http-nio-8082-exec-8] DEBUG o.s.w.s.m.m.a.HttpEntityMethodProcessor - Writing [MedicineDTO(id=103, name=Atorvastatin 10mg, category=Cardiac, price=18.5, sku=MED103, requiresRx=tru (truncated)...]
2026-02-17 23:05:17 [http-nio-8082-exec-8] DEBUG o.s.web.servlet.DispatcherServlet - Completed 200 OK
2026-02-17 23:05:17 [http-nio-8082-exec-9] DEBUG c.m.a.config.JwtAuthenticationFilter - ════════════════════════════════════════════════════════════════
2026-02-17 23:05:17 [http-nio-8082-exec-9] DEBUG c.m.a.config.JwtAuthenticationFilter - 📍 [JWT FILTER] START
2026-02-17 23:05:17 [http-nio-8082-exec-9] DEBUG c.m.a.config.JwtAuthenticationFilter - METHOD: GET | URI: /medicines/104
2026-02-17 23:05:17 [http-nio-8082-exec-9] DEBUG c.m.a.config.JwtAuthenticationFilter - Remote Address: 127.0.0.1
2026-02-17 23:05:17 [http-nio-8082-exec-9] DEBUG c.m.a.config.JwtAuthenticationFilter - ════════════════════════════════════════════════════════════════
2026-02-17 23:05:17 [http-nio-8082-exec-9] DEBUG c.m.a.config.JwtAuthenticationFilter - 🔍 [JWT FILTER] Reading Authorization header
2026-02-17 23:05:17 [http-nio-8082-exec-9] DEBUG c.m.a.config.JwtAuthenticationFilter - 📋 Header value: NULL
2026-02-17 23:05:17 [http-nio-8082-exec-9] WARN  c.m.a.config.JwtAuthenticationFilter - ⚠️  [JWT FILTER] Authorization header is NULL
2026-02-17 23:05:17 [http-nio-8082-exec-9] DEBUG c.m.a.config.JwtAuthenticationFilter - → Passing request to next filter WITHOUT authentication
2026-02-17 23:05:17 [http-nio-8082-exec-9] DEBUG o.s.web.servlet.DispatcherServlet - GET "/medicines/104", parameters={}
2026-02-17 23:05:17 [http-nio-8082-exec-9] DEBUG o.s.w.s.m.m.a.RequestMappingHandlerMapping - Mapped to com.medicart.admin.controller.MedicineController#getMedicineById(Long)
2026-02-17 23:05:17 [http-nio-8082-exec-9] INFO  c.m.admin.service.MedicineService - 🔍 Fetching medicine with id: 104
2026-02-17 23:05:17 [http-nio-8082-exec-4] DEBUG o.s.w.s.m.m.a.HttpEntityMethodProcessor - Using 'application/json', given [*/*] and supported [application/json, application/*+json, application/yaml]
2026-02-17 23:05:17 [http-nio-8082-exec-4] DEBUG o.s.w.s.m.m.a.HttpEntityMethodProcessor - Writing [MedicineDTO(id=107, name=Salbutamol Inhaler, category=Respiratory, price=220.0, sku=MED107, requires (truncated)...]
2026-02-17 23:05:17 [http-nio-8082-exec-4] DEBUG o.s.web.servlet.DispatcherServlet - Completed 200 OK
2026-02-17 23:05:17 [http-nio-8082-exec-10] DEBUG c.m.a.config.JwtAuthenticationFilter - ════════════════════════════════════════════════════════════════
2026-02-17 23:05:17 [http-nio-8082-exec-10] DEBUG c.m.a.config.JwtAuthenticationFilter - 📍 [JWT FILTER] START
2026-02-17 23:05:17 [http-nio-8082-exec-10] DEBUG c.m.a.config.JwtAuthenticationFilter - METHOD: GET | URI: /medicines/103
2026-02-17 23:05:17 [http-nio-8082-exec-10] DEBUG c.m.a.config.JwtAuthenticationFilter - Remote Address: 127.0.0.1
2026-02-17 23:05:17 [http-nio-8082-exec-10] DEBUG c.m.a.config.JwtAuthenticationFilter - ════════════════════════════════════════════════════════════════
2026-02-17 23:05:17 [http-nio-8082-exec-10] DEBUG c.m.a.config.JwtAuthenticationFilter - 🔍 [JWT FILTER] Reading Authorization header
2026-02-17 23:05:17 [http-nio-8082-exec-10] DEBUG c.m.a.config.JwtAuthenticationFilter - 📋 Header value: NULL
2026-02-17 23:05:17 [http-nio-8082-exec-10] WARN  c.m.a.config.JwtAuthenticationFilter - ⚠️  [JWT FILTER] Authorization header is NULL
2026-02-17 23:05:17 [http-nio-8082-exec-10] DEBUG c.m.a.config.JwtAuthenticationFilter - → Passing request to next filter WITHOUT authentication
2026-02-17 23:05:17 [http-nio-8082-exec-10] DEBUG o.s.web.servlet.DispatcherServlet - GET "/medicines/103", parameters={}
2026-02-17 23:05:18 [http-nio-8082-exec-10] DEBUG o.s.w.s.m.m.a.RequestMappingHandlerMapping - Mapped to com.medicart.admin.controller.MedicineController#getMedicineById(Long)
2026-02-17 23:05:18 [http-nio-8082-exec-10] INFO  c.m.admin.service.MedicineService - 🔍 Fetching medicine with id: 103
2026-02-17 23:05:18 [http-nio-8082-exec-9] DEBUG o.s.w.s.m.m.a.HttpEntityMethodProcessor - Using 'application/json', given [*/*] and supported [application/json, application/*+json, application/yaml]
2026-02-17 23:05:18 [http-nio-8082-exec-9] DEBUG o.s.w.s.m.m.a.HttpEntityMethodProcessor - Writing [MedicineDTO(id=104, name=Omeprazole 20mg, category=Gastro, price=8.75, sku=MED104, requiresRx=false, (truncated)...]
2026-02-17 23:05:18 [http-nio-8082-exec-9] DEBUG o.s.web.servlet.DispatcherServlet - Completed 200 OK
2026-02-17 23:05:18 [http-nio-8082-exec-5] DEBUG c.m.a.config.JwtAuthenticationFilter - ════════════════════════════════════════════════════════════════
2026-02-17 23:05:18 [http-nio-8082-exec-5] DEBUG c.m.a.config.JwtAuthenticationFilter - 📍 [JWT FILTER] START
2026-02-17 23:05:18 [http-nio-8082-exec-5] DEBUG c.m.a.config.JwtAuthenticationFilter - METHOD: GET | URI: /medicines/105
2026-02-17 23:05:18 [http-nio-8082-exec-5] DEBUG c.m.a.config.JwtAuthenticationFilter - Remote Address: 127.0.0.1
2026-02-17 23:05:18 [http-nio-8082-exec-5] DEBUG c.m.a.config.JwtAuthenticationFilter - ════════════════════════════════════════════════════════════════
2026-02-17 23:05:18 [http-nio-8082-exec-5] DEBUG c.m.a.config.JwtAuthenticationFilter - 🔍 [JWT FILTER] Reading Authorization header
2026-02-17 23:05:18 [http-nio-8082-exec-5] DEBUG c.m.a.config.JwtAuthenticationFilter - 📋 Header value: NULL
2026-02-17 23:05:18 [http-nio-8082-exec-5] WARN  c.m.a.config.JwtAuthenticationFilter - ⚠️  [JWT FILTER] Authorization header is NULL
2026-02-17 23:05:18 [http-nio-8082-exec-5] DEBUG c.m.a.config.JwtAuthenticationFilter - → Passing request to next filter WITHOUT authentication
2026-02-17 23:05:18 [http-nio-8082-exec-5] DEBUG o.s.web.servlet.DispatcherServlet - GET "/medicines/105", parameters={}
2026-02-17 23:05:18 [http-nio-8082-exec-5] DEBUG o.s.w.s.m.m.a.RequestMappingHandlerMapping - Mapped to com.medicart.admin.controller.MedicineController#getMedicineById(Long)
2026-02-17 23:05:18 [http-nio-8082-exec-5] INFO  c.m.admin.service.MedicineService - 🔍 Fetching medicine with id: 105
2026-02-17 23:05:18 [http-nio-8082-exec-10] DEBUG o.s.w.s.m.m.a.HttpEntityMethodProcessor - Using 'application/json', given [*/*] and supported [application/json, application/*+json, application/yaml]
2026-02-17 23:05:18 [http-nio-8082-exec-10] DEBUG o.s.w.s.m.m.a.HttpEntityMethodProcessor - Writing [MedicineDTO(id=103, name=Atorvastatin 10mg, category=Cardiac, price=18.5, sku=MED103, requiresRx=tru (truncated)...]
2026-02-17 23:05:18 [http-nio-8082-exec-10] DEBUG o.s.web.servlet.DispatcherServlet - Completed 200 OK
2026-02-17 23:05:18 [http-nio-8082-exec-6] DEBUG c.m.a.config.JwtAuthenticationFilter - ════════════════════════════════════════════════════════════════
2026-02-17 23:05:18 [http-nio-8082-exec-6] DEBUG c.m.a.config.JwtAuthenticationFilter - 📍 [JWT FILTER] START
2026-02-17 23:05:18 [http-nio-8082-exec-6] DEBUG c.m.a.config.JwtAuthenticationFilter - METHOD: GET | URI: /medicines/102
2026-02-17 23:05:18 [http-nio-8082-exec-6] DEBUG c.m.a.config.JwtAuthenticationFilter - Remote Address: 127.0.0.1
2026-02-17 23:05:18 [http-nio-8082-exec-6] DEBUG c.m.a.config.JwtAuthenticationFilter - ════════════════════════════════════════════════════════════════
2026-02-17 23:05:18 [http-nio-8082-exec-6] DEBUG c.m.a.config.JwtAuthenticationFilter - 🔍 [JWT FILTER] Reading Authorization header
2026-02-17 23:05:18 [http-nio-8082-exec-6] DEBUG c.m.a.config.JwtAuthenticationFilter - 📋 Header value: NULL
2026-02-17 23:05:18 [http-nio-8082-exec-6] WARN  c.m.a.config.JwtAuthenticationFilter - ⚠️  [JWT FILTER] Authorization header is NULL
2026-02-17 23:05:18 [http-nio-8082-exec-6] DEBUG c.m.a.config.JwtAuthenticationFilter - → Passing request to next filter WITHOUT authentication
2026-02-17 23:05:18 [http-nio-8082-exec-6] DEBUG o.s.web.servlet.DispatcherServlet - GET "/medicines/102", parameters={}
2026-02-17 23:05:18 [http-nio-8082-exec-6] DEBUG o.s.w.s.m.m.a.RequestMappingHandlerMapping - Mapped to com.medicart.admin.controller.MedicineController#getMedicineById(Long)
2026-02-17 23:05:18 [http-nio-8082-exec-6] INFO  c.m.admin.service.MedicineService - 🔍 Fetching medicine with id: 102
2026-02-17 23:05:18 [http-nio-8082-exec-5] DEBUG o.s.w.s.m.m.a.HttpEntityMethodProcessor - Using 'application/json', given [*/*] and supported [application/json, application/*+json, application/yaml]
2026-02-17 23:05:18 [http-nio-8082-exec-5] DEBUG o.s.w.s.m.m.a.HttpEntityMethodProcessor - Writing [MedicineDTO(id=105, name=Hydrocortisone Cream 1%, category=Dermatology, price=6.25, sku=MED105, requ (truncated)...]
2026-02-17 23:05:18 [http-nio-8082-exec-5] DEBUG o.s.web.servlet.DispatcherServlet - Completed 200 OK
2026-02-17 23:05:18 [http-nio-8082-exec-1] DEBUG c.m.a.config.JwtAuthenticationFilter - ════════════════════════════════════════════════════════════════
2026-02-17 23:05:18 [http-nio-8082-exec-1] DEBUG c.m.a.config.JwtAuthenticationFilter - 📍 [JWT FILTER] START
2026-02-17 23:05:18 [http-nio-8082-exec-1] DEBUG c.m.a.config.JwtAuthenticationFilter - METHOD: GET | URI: /medicines/106
2026-02-17 23:05:18 [http-nio-8082-exec-1] DEBUG c.m.a.config.JwtAuthenticationFilter - Remote Address: 127.0.0.1
2026-02-17 23:05:18 [http-nio-8082-exec-1] DEBUG c.m.a.config.JwtAuthenticationFilter - ════════════════════════════════════════════════════════════════
2026-02-17 23:05:18 [http-nio-8082-exec-1] DEBUG c.m.a.config.JwtAuthenticationFilter - 🔍 [JWT FILTER] Reading Authorization header
2026-02-17 23:05:18 [http-nio-8082-exec-1] DEBUG c.m.a.config.JwtAuthenticationFilter - 📋 Header value: NULL
2026-02-17 23:05:18 [http-nio-8082-exec-1] WARN  c.m.a.config.JwtAuthenticationFilter - ⚠️  [JWT FILTER] Authorization header is NULL
2026-02-17 23:05:18 [http-nio-8082-exec-1] DEBUG c.m.a.config.JwtAuthenticationFilter - → Passing request to next filter WITHOUT authentication
2026-02-17 23:05:18 [http-nio-8082-exec-1] DEBUG o.s.web.servlet.DispatcherServlet - GET "/medicines/106", parameters={}
2026-02-17 23:05:18 [http-nio-8082-exec-1] DEBUG o.s.w.s.m.m.a.RequestMappingHandlerMapping - Mapped to com.medicart.admin.controller.MedicineController#getMedicineById(Long)
2026-02-17 23:05:18 [http-nio-8082-exec-1] INFO  c.m.admin.service.MedicineService - 🔍 Fetching medicine with id: 106
2026-02-17 23:05:18 [http-nio-8082-exec-6] DEBUG o.s.w.s.m.m.a.HttpEntityMethodProcessor - Using 'application/json', given [*/*] and supported [application/json, application/*+json, application/yaml]
2026-02-17 23:05:18 [http-nio-8082-exec-6] DEBUG o.s.w.s.m.m.a.HttpEntityMethodProcessor - Writing [MedicineDTO(id=102, name=Amoxicillin 250mg, category=Antibiotic, price=12.0, sku=MED102, requiresRx= (truncated)...]
2026-02-17 23:05:18 [http-nio-8082-exec-6] DEBUG o.s.web.servlet.DispatcherServlet - Completed 200 OK
2026-02-17 23:05:18 [http-nio-8082-exec-1] DEBUG o.s.w.s.m.m.a.HttpEntityMethodProcessor - Using 'application/json', given [*/*] and supported [application/json, application/*+json, application/yaml]
2026-02-17 23:05:18 [http-nio-8082-exec-1] DEBUG o.s.w.s.m.m.a.HttpEntityMethodProcessor - Writing [MedicineDTO(id=106, name=Ibuprofen 200mg, category=Analgesic, price=7.0, sku=MED106, requiresRx=fals (truncated)...]
2026-02-17 23:05:18 [http-nio-8082-exec-1] DEBUG o.s.web.servlet.DispatcherServlet - Completed 200 OK
2026-02-17 23:05:18 [http-nio-8082-exec-2] DEBUG c.m.a.config.JwtAuthenticationFilter - ════════════════════════════════════════════════════════════════
2026-02-17 23:05:18 [http-nio-8082-exec-2] DEBUG c.m.a.config.JwtAuthenticationFilter - 📍 [JWT FILTER] START
2026-02-17 23:05:18 [http-nio-8082-exec-2] DEBUG c.m.a.config.JwtAuthenticationFilter - METHOD: GET | URI: /medicines/107
2026-02-17 23:05:18 [http-nio-8082-exec-2] DEBUG c.m.a.config.JwtAuthenticationFilter - Remote Address: 127.0.0.1
2026-02-17 23:05:18 [http-nio-8082-exec-2] DEBUG c.m.a.config.JwtAuthenticationFilter - ════════════════════════════════════════════════════════════════
2026-02-17 23:05:18 [http-nio-8082-exec-2] DEBUG c.m.a.config.JwtAuthenticationFilter - 🔍 [JWT FILTER] Reading Authorization header
2026-02-17 23:05:18 [http-nio-8082-exec-2] DEBUG c.m.a.config.JwtAuthenticationFilter - 📋 Header value: NULL
2026-02-17 23:05:18 [http-nio-8082-exec-2] WARN  c.m.a.config.JwtAuthenticationFilter - ⚠️  [JWT FILTER] Authorization header is NULL
2026-02-17 23:05:18 [http-nio-8082-exec-2] DEBUG c.m.a.config.JwtAuthenticationFilter - → Passing request to next filter WITHOUT authentication
2026-02-17 23:05:18 [http-nio-8082-exec-2] DEBUG o.s.web.servlet.DispatcherServlet - GET "/medicines/107", parameters={}
2026-02-17 23:05:18 [http-nio-8082-exec-2] DEBUG o.s.w.s.m.m.a.RequestMappingHandlerMapping - Mapped to com.medicart.admin.controller.MedicineController#getMedicineById(Long)
2026-02-17 23:05:18 [http-nio-8082-exec-2] INFO  c.m.admin.service.MedicineService - 🔍 Fetching medicine with id: 107
2026-02-17 23:05:18 [http-nio-8082-exec-2] DEBUG o.s.w.s.m.m.a.HttpEntityMethodProcessor - Using 'application/json', given [*/*] and supported [application/json, application/*+json, application/yaml]
2026-02-17 23:05:18 [http-nio-8082-exec-2] DEBUG o.s.w.s.m.m.a.HttpEntityMethodProcessor - Writing [MedicineDTO(id=107, name=Salbutamol Inhaler, category=Respiratory, price=220.0, sku=MED107, requires (truncated)...]
2026-02-17 23:05:18 [http-nio-8082-exec-2] DEBUG o.s.web.servlet.DispatcherServlet - Completed 200 OK
2026-02-17 23:05:18 [http-nio-8082-exec-7] DEBUG c.m.a.config.JwtAuthenticationFilter - ════════════════════════════════════════════════════════════════
2026-02-17 23:05:18 [http-nio-8082-exec-7] DEBUG c.m.a.config.JwtAuthenticationFilter - 📍 [JWT FILTER] START
2026-02-17 23:05:18 [http-nio-8082-exec-7] DEBUG c.m.a.config.JwtAuthenticationFilter - METHOD: GET | URI: /medicines/108
2026-02-17 23:05:18 [http-nio-8082-exec-7] DEBUG c.m.a.config.JwtAuthenticationFilter - Remote Address: 127.0.0.1
2026-02-17 23:05:18 [http-nio-8082-exec-7] DEBUG c.m.a.config.JwtAuthenticationFilter - ════════════════════════════════════════════════════════════════
2026-02-17 23:05:18 [http-nio-8082-exec-7] DEBUG c.m.a.config.JwtAuthenticationFilter - 🔍 [JWT FILTER] Reading Authorization header
2026-02-17 23:05:18 [http-nio-8082-exec-7] DEBUG c.m.a.config.JwtAuthenticationFilter - 📋 Header value: NULL
2026-02-17 23:05:18 [http-nio-8082-exec-7] WARN  c.m.a.config.JwtAuthenticationFilter - ⚠️  [JWT FILTER] Authorization header is NULL
2026-02-17 23:05:18 [http-nio-8082-exec-7] DEBUG c.m.a.config.JwtAuthenticationFilter - → Passing request to next filter WITHOUT authentication
2026-02-17 23:05:18 [http-nio-8082-exec-7] DEBUG o.s.web.servlet.DispatcherServlet - GET "/medicines/108", parameters={}
2026-02-17 23:05:18 [http-nio-8082-exec-7] DEBUG o.s.w.s.m.m.a.RequestMappingHandlerMapping - Mapped to com.medicart.admin.controller.MedicineController#getMedicineById(Long)
2026-02-17 23:05:18 [http-nio-8082-exec-7] INFO  c.m.admin.service.MedicineService - 🔍 Fetching medicine with id: 108
2026-02-17 23:05:18 [http-nio-8082-exec-7] DEBUG o.s.w.s.m.m.a.HttpEntityMethodProcessor - Using 'application/json', given [*/*] and supported [application/json, application/*+json, application/yaml]
2026-02-17 23:05:18 [http-nio-8082-exec-7] DEBUG o.s.w.s.m.m.a.HttpEntityMethodProcessor - Writing [MedicineDTO(id=108, name=Vitamin D 1000IU, category=Supplements, price=9.99, sku=MED108, requiresRx= (truncated)...]
2026-02-17 23:05:18 [http-nio-8082-exec-7] DEBUG o.s.web.servlet.DispatcherServlet - Completed 200 OK
2026-02-17 23:05:18 [http-nio-8082-exec-3] DEBUG c.m.a.config.JwtAuthenticationFilter - ════════════════════════════════════════════════════════════════
2026-02-17 23:05:18 [http-nio-8082-exec-3] DEBUG c.m.a.config.JwtAuthenticationFilter - 📍 [JWT FILTER] START
2026-02-17 23:05:18 [http-nio-8082-exec-3] DEBUG c.m.a.config.JwtAuthenticationFilter - METHOD: GET | URI: /medicines/109
2026-02-17 23:05:18 [http-nio-8082-exec-3] DEBUG c.m.a.config.JwtAuthenticationFilter - Remote Address: 127.0.0.1
2026-02-17 23:05:18 [http-nio-8082-exec-3] DEBUG c.m.a.config.JwtAuthenticationFilter - ════════════════════════════════════════════════════════════════
2026-02-17 23:05:18 [http-nio-8082-exec-3] DEBUG c.m.a.config.JwtAuthenticationFilter - 🔍 [JWT FILTER] Reading Authorization header
2026-02-17 23:05:18 [http-nio-8082-exec-3] DEBUG c.m.a.config.JwtAuthenticationFilter - 📋 Header value: NULL
2026-02-17 23:05:18 [http-nio-8082-exec-3] WARN  c.m.a.config.JwtAuthenticationFilter - ⚠️  [JWT FILTER] Authorization header is NULL
2026-02-17 23:05:18 [http-nio-8082-exec-3] DEBUG c.m.a.config.JwtAuthenticationFilter - → Passing request to next filter WITHOUT authentication
2026-02-17 23:05:18 [http-nio-8082-exec-3] DEBUG o.s.web.servlet.DispatcherServlet - GET "/medicines/109", parameters={}
2026-02-17 23:05:18 [http-nio-8082-exec-3] DEBUG o.s.w.s.m.m.a.RequestMappingHandlerMapping - Mapped to com.medicart.admin.controller.MedicineController#getMedicineById(Long)
2026-02-17 23:05:18 [http-nio-8082-exec-3] INFO  c.m.admin.service.MedicineService - 🔍 Fetching medicine with id: 109
2026-02-17 23:05:18 [http-nio-8082-exec-3] DEBUG o.s.w.s.m.m.a.HttpEntityMethodProcessor - Using 'application/json', given [*/*] and supported [application/json, application/*+json, application/yaml]
2026-02-17 23:05:18 [http-nio-8082-exec-3] DEBUG o.s.w.s.m.m.a.HttpEntityMethodProcessor - Writing [MedicineDTO(id=109, name=Cough Syrup 100ml, category=Analgesic, price=45.0, sku=MED109, requiresRx=f (truncated)...]
2026-02-17 23:05:18 [http-nio-8082-exec-3] DEBUG o.s.web.servlet.DispatcherServlet - Completed 200 OK
2026-02-17 23:05:18 [http-nio-8082-exec-8] DEBUG c.m.a.config.JwtAuthenticationFilter - ════════════════════════════════════════════════════════════════
2026-02-17 23:05:18 [http-nio-8082-exec-8] DEBUG c.m.a.config.JwtAuthenticationFilter - 📍 [JWT FILTER] START
2026-02-17 23:05:18 [http-nio-8082-exec-8] DEBUG c.m.a.config.JwtAuthenticationFilter - METHOD: GET | URI: /medicines/110
2026-02-17 23:05:18 [http-nio-8082-exec-8] DEBUG c.m.a.config.JwtAuthenticationFilter - Remote Address: 127.0.0.1
2026-02-17 23:05:18 [http-nio-8082-exec-8] DEBUG c.m.a.config.JwtAuthenticationFilter - ════════════════════════════════════════════════════════════════
2026-02-17 23:05:18 [http-nio-8082-exec-8] DEBUG c.m.a.config.JwtAuthenticationFilter - 🔍 [JWT FILTER] Reading Authorization header
2026-02-17 23:05:18 [http-nio-8082-exec-8] DEBUG c.m.a.config.JwtAuthenticationFilter - 📋 Header value: NULL
2026-02-17 23:05:18 [http-nio-8082-exec-8] WARN  c.m.a.config.JwtAuthenticationFilter - ⚠️  [JWT FILTER] Authorization header is NULL
2026-02-17 23:05:18 [http-nio-8082-exec-8] DEBUG c.m.a.config.JwtAuthenticationFilter - → Passing request to next filter WITHOUT authentication
2026-02-17 23:05:18 [http-nio-8082-exec-8] DEBUG o.s.web.servlet.DispatcherServlet - GET "/medicines/110", parameters={}
2026-02-17 23:05:18 [http-nio-8082-exec-8] DEBUG o.s.w.s.m.m.a.RequestMappingHandlerMapping - Mapped to com.medicart.admin.controller.MedicineController#getMedicineById(Long)
2026-02-17 23:05:18 [http-nio-8082-exec-8] INFO  c.m.admin.service.MedicineService - 🔍 Fetching medicine with id: 110
2026-02-17 23:05:18 [http-nio-8082-exec-8] DEBUG o.s.w.s.m.m.a.HttpEntityMethodProcessor - Using 'application/json', given [*/*] and supported [application/json, application/*+json, application/yaml]
2026-02-17 23:05:18 [http-nio-8082-exec-8] DEBUG o.s.w.s.m.m.a.HttpEntityMethodProcessor - Writing [MedicineDTO(id=110, name=Special Chemotherapy Drug, category=Oncology, price=1299.0, sku=MED110, req (truncated)...]
2026-02-17 23:05:18 [http-nio-8082-exec-8] DEBUG o.s.web.servlet.DispatcherServlet - Completed 200 OK
2026-02-17 23:05:18 [http-nio-8082-exec-4] DEBUG c.m.a.config.JwtAuthenticationFilter - ════════════════════════════════════════════════════════════════
2026-02-17 23:05:18 [http-nio-8082-exec-4] DEBUG c.m.a.config.JwtAuthenticationFilter - 📍 [JWT FILTER] START
2026-02-17 23:05:18 [http-nio-8082-exec-4] DEBUG c.m.a.config.JwtAuthenticationFilter - METHOD: GET | URI: /medicines/1
2026-02-17 23:05:18 [http-nio-8082-exec-4] DEBUG c.m.a.config.JwtAuthenticationFilter - Remote Address: 127.0.0.1
2026-02-17 23:05:18 [http-nio-8082-exec-4] DEBUG c.m.a.config.JwtAuthenticationFilter - ════════════════════════════════════════════════════════════════
2026-02-17 23:05:18 [http-nio-8082-exec-4] DEBUG c.m.a.config.JwtAuthenticationFilter - 🔍 [JWT FILTER] Reading Authorization header
2026-02-17 23:05:18 [http-nio-8082-exec-4] DEBUG c.m.a.config.JwtAuthenticationFilter - 📋 Header value: NULL
2026-02-17 23:05:18 [http-nio-8082-exec-4] WARN  c.m.a.config.JwtAuthenticationFilter - ⚠️  [JWT FILTER] Authorization header is NULL
2026-02-17 23:05:18 [http-nio-8082-exec-4] DEBUG c.m.a.config.JwtAuthenticationFilter - → Passing request to next filter WITHOUT authentication
2026-02-17 23:05:18 [http-nio-8082-exec-4] DEBUG o.s.web.servlet.DispatcherServlet - GET "/medicines/1", parameters={}
2026-02-17 23:05:18 [http-nio-8082-exec-4] DEBUG o.s.w.s.m.m.a.RequestMappingHandlerMapping - Mapped to com.medicart.admin.controller.MedicineController#getMedicineById(Long)
2026-02-17 23:05:18 [http-nio-8082-exec-4] INFO  c.m.admin.service.MedicineService - 🔍 Fetching medicine with id: 1
2026-02-17 23:05:18 [http-nio-8082-exec-4] DEBUG o.s.w.s.m.m.a.HttpEntityMethodProcessor - Using 'application/json', given [*/*] and supported [application/json, application/*+json, application/yaml]
2026-02-17 23:05:18 [http-nio-8082-exec-4] DEBUG o.s.w.s.m.m.a.HttpEntityMethodProcessor - Writing [MedicineDTO(id=1, name=Paracetamol, category=Tablet, price=12.0, sku=PCM, requiresRx=true, descripti (truncated)...]
2026-02-17 23:05:18 [http-nio-8082-exec-4] DEBUG o.s.web.servlet.DispatcherServlet - Completed 200 OK
2026-02-17 23:05:18 [http-nio-8082-exec-9] DEBUG c.m.a.config.JwtAuthenticationFilter - ════════════════════════════════════════════════════════════════
2026-02-17 23:05:18 [http-nio-8082-exec-9] DEBUG c.m.a.config.JwtAuthenticationFilter - 📍 [JWT FILTER] START
2026-02-17 23:05:18 [http-nio-8082-exec-9] DEBUG c.m.a.config.JwtAuthenticationFilter - METHOD: GET | URI: /medicines/3
2026-02-17 23:05:18 [http-nio-8082-exec-9] DEBUG c.m.a.config.JwtAuthenticationFilter - Remote Address: 127.0.0.1
2026-02-17 23:05:18 [http-nio-8082-exec-9] DEBUG c.m.a.config.JwtAuthenticationFilter - ════════════════════════════════════════════════════════════════
2026-02-17 23:05:18 [http-nio-8082-exec-9] DEBUG c.m.a.config.JwtAuthenticationFilter - 🔍 [JWT FILTER] Reading Authorization header
2026-02-17 23:05:18 [http-nio-8082-exec-9] DEBUG c.m.a.config.JwtAuthenticationFilter - 📋 Header value: NULL
2026-02-17 23:05:18 [http-nio-8082-exec-9] WARN  c.m.a.config.JwtAuthenticationFilter - ⚠️  [JWT FILTER] Authorization header is NULL
2026-02-17 23:05:18 [http-nio-8082-exec-9] DEBUG c.m.a.config.JwtAuthenticationFilter - → Passing request to next filter WITHOUT authentication
2026-02-17 23:05:18 [http-nio-8082-exec-9] DEBUG o.s.web.servlet.DispatcherServlet - GET "/medicines/3", parameters={}
2026-02-17 23:05:18 [http-nio-8082-exec-9] DEBUG o.s.w.s.m.m.a.RequestMappingHandlerMapping - Mapped to com.medicart.admin.controller.MedicineController#getMedicineById(Long)
2026-02-17 23:05:18 [http-nio-8082-exec-9] INFO  c.m.admin.service.MedicineService - 🔍 Fetching medicine with id: 3
2026-02-17 23:05:18 [http-nio-8082-exec-9] DEBUG o.s.w.s.m.m.a.HttpEntityMethodProcessor - Using 'application/json', given [*/*] and supported [application/json, application/*+json, application/yaml]
2026-02-17 23:05:18 [http-nio-8082-exec-9] DEBUG o.s.w.s.m.m.a.HttpEntityMethodProcessor - Writing [MedicineDTO(id=3, name=Dolo, category=Tablet, price=4.0, sku=TMC, requiresRx=false, description=Mild (truncated)...]
2026-02-17 23:05:18 [http-nio-8082-exec-9] DEBUG o.s.web.servlet.DispatcherServlet - Completed 200 OK
2026-02-17 23:05:37 [DiscoveryClient-CacheRefreshExecutor-%d] DEBUG o.s.web.client.RestTemplate - HTTP GET http://localhost:8761/eureka/apps/delta
2026-02-17 23:05:37 [DiscoveryClient-HeartbeatExecutor-%d] DEBUG o.s.web.client.RestTemplate - HTTP PUT http://localhost:8761/eureka/apps/ADMIN-CATALOGUE-SERVICE/LTIN656883.cts.com:admin-catalogue-service:8082?status=UP&lastDirtyTimestamp=1771349496883
2026-02-17 23:05:37 [DiscoveryClient-CacheRefreshExecutor-%d] DEBUG o.s.web.client.RestTemplate - Accept=[application/json, application/yaml, application/*+json]
2026-02-17 23:05:37 [DiscoveryClient-HeartbeatExecutor-%d] DEBUG o.s.web.client.RestTemplate - Accept=[application/json, application/yaml, application/*+json]
2026-02-17 23:05:37 [DiscoveryClient-CacheRefreshExecutor-%d] DEBUG o.s.web.client.RestTemplate - Response 200 OK
2026-02-17 23:05:37 [DiscoveryClient-HeartbeatExecutor-%d] DEBUG o.s.web.client.RestTemplate - Response 200 OK
2026-02-17 23:05:37 [DiscoveryClient-CacheRefreshExecutor-%d] DEBUG o.s.web.client.RestTemplate - Reading to [org.springframework.cloud.netflix.eureka.http.EurekaApplications]
2026-02-17 23:06:07 [DiscoveryClient-CacheRefreshExecutor-%d] DEBUG o.s.web.client.RestTemplate - HTTP GET http://localhost:8761/eureka/apps/delta
2026-02-17 23:06:07 [DiscoveryClient-HeartbeatExecutor-%d] DEBUG o.s.web.client.RestTemplate - HTTP PUT http://localhost:8761/eureka/apps/ADMIN-CATALOGUE-SERVICE/LTIN656883.cts.com:admin-catalogue-service:8082?status=UP&lastDirtyTimestamp=1771349496883
2026-02-17 23:06:07 [DiscoveryClient-CacheRefreshExecutor-%d] DEBUG o.s.web.client.RestTemplate - Accept=[application/json, application/yaml, application/*+json]
2026-02-17 23:06:07 [DiscoveryClient-HeartbeatExecutor-%d] DEBUG o.s.web.client.RestTemplate - Accept=[application/json, application/yaml, application/*+json]
2026-02-17 23:06:07 [DiscoveryClient-CacheRefreshExecutor-%d] DEBUG o.s.web.client.RestTemplate - Response 200 OK
2026-02-17 23:06:07 [DiscoveryClient-HeartbeatExecutor-%d] DEBUG o.s.web.client.RestTemplate - Response 200 OK
2026-02-17 23:06:07 [DiscoveryClient-CacheRefreshExecutor-%d] DEBUG o.s.web.client.RestTemplate - Reading to [org.springframework.cloud.netflix.eureka.http.EurekaApplications]
2026-02-17 23:06:36 [AsyncResolver-bootstrap-executor-%d] INFO  c.n.d.s.r.aws.ConfigClusterResolver - Resolving eureka endpoints via configuration
2026-02-17 23:06:37 [DiscoveryClient-CacheRefreshExecutor-%d] DEBUG o.s.web.client.RestTemplate - HTTP GET http://localhost:8761/eureka/apps/delta
2026-02-17 23:06:37 [DiscoveryClient-HeartbeatExecutor-%d] DEBUG o.s.web.client.RestTemplate - HTTP PUT http://localhost:8761/eureka/apps/ADMIN-CATALOGUE-SERVICE/LTIN656883.cts.com:admin-catalogue-service:8082?status=UP&lastDirtyTimestamp=1771349496883
2026-02-17 23:06:37 [DiscoveryClient-HeartbeatExecutor-%d] DEBUG o.s.web.client.RestTemplate - Accept=[application/json, application/yaml, application/*+json]
2026-02-17 23:06:37 [DiscoveryClient-CacheRefreshExecutor-%d] DEBUG o.s.web.client.RestTemplate - Accept=[application/json, application/yaml, application/*+json]
2026-02-17 23:06:37 [DiscoveryClient-HeartbeatExecutor-%d] DEBUG o.s.web.client.RestTemplate - Response 200 OK
2026-02-17 23:06:37 [DiscoveryClient-CacheRefreshExecutor-%d] DEBUG o.s.web.client.RestTemplate - Response 200 OK
2026-02-17 23:06:37 [DiscoveryClient-CacheRefreshExecutor-%d] DEBUG o.s.web.client.RestTemplate - Reading to [org.springframework.cloud.netflix.eureka.http.EurekaApplications]
2026-02-17 23:07:07 [DiscoveryClient-HeartbeatExecutor-%d] DEBUG o.s.web.client.RestTemplate - HTTP PUT http://localhost:8761/eureka/apps/ADMIN-CATALOGUE-SERVICE/LTIN656883.cts.com:admin-catalogue-service:8082?status=UP&lastDirtyTimestamp=1771349496883
2026-02-17 23:07:07 [DiscoveryClient-HeartbeatExecutor-%d] DEBUG o.s.web.client.RestTemplate - Accept=[application/json, application/yaml, application/*+json]
2026-02-17 23:07:07 [DiscoveryClient-CacheRefreshExecutor-%d] DEBUG o.s.web.client.RestTemplate - HTTP GET http://localhost:8761/eureka/apps/delta
2026-02-17 23:07:07 [DiscoveryClient-CacheRefreshExecutor-%d] DEBUG o.s.web.client.RestTemplate - Accept=[application/json, application/yaml, application/*+json]
2026-02-17 23:07:07 [DiscoveryClient-HeartbeatExecutor-%d] DEBUG o.s.web.client.RestTemplate - Response 200 OK
2026-02-17 23:07:07 [DiscoveryClient-CacheRefreshExecutor-%d] DEBUG o.s.web.client.RestTemplate - Response 200 OK
2026-02-17 23:07:07 [DiscoveryClient-CacheRefreshExecutor-%d] DEBUG o.s.web.client.RestTemplate - Reading to [org.springframework.cloud.netflix.eureka.http.EurekaApplications]
2026-02-17 23:07:37 [DiscoveryClient-HeartbeatExecutor-%d] DEBUG o.s.web.client.RestTemplate - HTTP PUT http://localhost:8761/eureka/apps/ADMIN-CATALOGUE-SERVICE/LTIN656883.cts.com:admin-catalogue-service:8082?status=UP&lastDirtyTimestamp=1771349496883
2026-02-17 23:07:37 [DiscoveryClient-HeartbeatExecutor-%d] DEBUG o.s.web.client.RestTemplate - Accept=[application/json, application/yaml, application/*+json]
2026-02-17 23:07:37 [DiscoveryClient-CacheRefreshExecutor-%d] DEBUG o.s.web.client.RestTemplate - HTTP GET http://localhost:8761/eureka/apps/delta
2026-02-17 23:07:37 [DiscoveryClient-CacheRefreshExecutor-%d] DEBUG o.s.web.client.RestTemplate - Accept=[application/json, application/yaml, application/*+json]
2026-02-17 23:07:37 [DiscoveryClient-HeartbeatExecutor-%d] DEBUG o.s.web.client.RestTemplate - Response 200 OK
2026-02-17 23:07:37 [DiscoveryClient-CacheRefreshExecutor-%d] DEBUG o.s.web.client.RestTemplate - Response 200 OK
2026-02-17 23:07:37 [DiscoveryClient-CacheRefreshExecutor-%d] DEBUG o.s.web.client.RestTemplate - Reading to [org.springframework.cloud.netflix.eureka.http.EurekaApplications]
2026-02-17 23:08:07 [DiscoveryClient-HeartbeatExecutor-%d] DEBUG o.s.web.client.RestTemplate - HTTP PUT http://localhost:8761/eureka/apps/ADMIN-CATALOGUE-SERVICE/LTIN656883.cts.com:admin-catalogue-service:8082?status=UP&lastDirtyTimestamp=1771349496883
2026-02-17 23:08:07 [DiscoveryClient-HeartbeatExecutor-%d] DEBUG o.s.web.client.RestTemplate - Accept=[application/json, application/yaml, application/*+json]
2026-02-17 23:08:07 [DiscoveryClient-CacheRefreshExecutor-%d] DEBUG o.s.web.client.RestTemplate - HTTP GET http://localhost:8761/eureka/apps/delta
2026-02-17 23:08:07 [DiscoveryClient-CacheRefreshExecutor-%d] DEBUG o.s.web.client.RestTemplate - Accept=[application/json, application/yaml, application/*+json]
2026-02-17 23:08:07 [DiscoveryClient-HeartbeatExecutor-%d] DEBUG o.s.web.client.RestTemplate - Response 200 OK
2026-02-17 23:08:07 [DiscoveryClient-CacheRefreshExecutor-%d] DEBUG o.s.web.client.RestTemplate - Response 200 OK
2026-02-17 23:08:07 [DiscoveryClient-CacheRefreshExecutor-%d] DEBUG o.s.web.client.RestTemplate - Reading to [org.springframework.cloud.netflix.eureka.http.EurekaApplications]
2026-02-17 23:08:37 [DiscoveryClient-HeartbeatExecutor-%d] DEBUG o.s.web.client.RestTemplate - HTTP PUT http://localhost:8761/eureka/apps/ADMIN-CATALOGUE-SERVICE/LTIN656883.cts.com:admin-catalogue-service:8082?status=UP&lastDirtyTimestamp=1771349496883
2026-02-17 23:08:37 [DiscoveryClient-HeartbeatExecutor-%d] DEBUG o.s.web.client.RestTemplate - Accept=[application/json, application/yaml, application/*+json]
2026-02-17 23:08:37 [DiscoveryClient-CacheRefreshExecutor-%d] DEBUG o.s.web.client.RestTemplate - HTTP GET http://localhost:8761/eureka/apps/delta
2026-02-17 23:08:37 [DiscoveryClient-CacheRefreshExecutor-%d] DEBUG o.s.web.client.RestTemplate - Accept=[application/json, application/yaml, application/*+json]
2026-02-17 23:08:37 [DiscoveryClient-HeartbeatExecutor-%d] DEBUG o.s.web.client.RestTemplate - Response 200 OK
2026-02-17 23:08:37 [DiscoveryClient-CacheRefreshExecutor-%d] DEBUG o.s.web.client.RestTemplate - Response 200 OK
2026-02-17 23:08:37 [DiscoveryClient-CacheRefreshExecutor-%d] DEBUG o.s.web.client.RestTemplate - Reading to [org.springframework.cloud.netflix.eureka.http.EurekaApplications]
2026-02-17 23:09:07 [DiscoveryClient-HeartbeatExecutor-%d] DEBUG o.s.web.client.RestTemplate - HTTP PUT http://localhost:8761/eureka/apps/ADMIN-CATALOGUE-SERVICE/LTIN656883.cts.com:admin-catalogue-service:8082?status=UP&lastDirtyTimestamp=1771349496883
2026-02-17 23:09:07 [DiscoveryClient-HeartbeatExecutor-%d] DEBUG o.s.web.client.RestTemplate - Accept=[application/json, application/yaml, application/*+json]
2026-02-17 23:09:07 [DiscoveryClient-CacheRefreshExecutor-%d] DEBUG o.s.web.client.RestTemplate - HTTP GET http://localhost:8761/eureka/apps/delta
2026-02-17 23:09:07 [DiscoveryClient-CacheRefreshExecutor-%d] DEBUG o.s.web.client.RestTemplate - Accept=[application/json, application/yaml, application/*+json]
2026-02-17 23:09:07 [DiscoveryClient-HeartbeatExecutor-%d] DEBUG o.s.web.client.RestTemplate - Response 200 OK
2026-02-17 23:09:07 [DiscoveryClient-CacheRefreshExecutor-%d] DEBUG o.s.web.client.RestTemplate - Response 200 OK
2026-02-17 23:09:07 [DiscoveryClient-CacheRefreshExecutor-%d] DEBUG o.s.web.client.RestTemplate - Reading to [org.springframework.cloud.netflix.eureka.http.EurekaApplications]
2026-02-17 23:09:37 [DiscoveryClient-HeartbeatExecutor-%d] DEBUG o.s.web.client.RestTemplate - HTTP PUT http://localhost:8761/eureka/apps/ADMIN-CATALOGUE-SERVICE/LTIN656883.cts.com:admin-catalogue-service:8082?status=UP&lastDirtyTimestamp=1771349496883
2026-02-17 23:09:37 [DiscoveryClient-HeartbeatExecutor-%d] DEBUG o.s.web.client.RestTemplate - Accept=[application/json, application/yaml, application/*+json]
2026-02-17 23:09:37 [DiscoveryClient-HeartbeatExecutor-%d] DEBUG o.s.web.client.RestTemplate - Response 200 OK
2026-02-17 23:09:37 [DiscoveryClient-CacheRefreshExecutor-%d] DEBUG o.s.web.client.RestTemplate - HTTP GET http://localhost:8761/eureka/apps/delta
2026-02-17 23:09:37 [DiscoveryClient-CacheRefreshExecutor-%d] DEBUG o.s.web.client.RestTemplate - Accept=[application/json, application/yaml, application/*+json]
2026-02-17 23:09:37 [DiscoveryClient-CacheRefreshExecutor-%d] DEBUG o.s.web.client.RestTemplate - Response 200 OK
2026-02-17 23:09:37 [DiscoveryClient-CacheRefreshExecutor-%d] DEBUG o.s.web.client.RestTemplate - Reading to [org.springframework.cloud.netflix.eureka.http.EurekaApplications]
2026-02-17 23:10:07 [DiscoveryClient-HeartbeatExecutor-%d] DEBUG o.s.web.client.RestTemplate - HTTP PUT http://localhost:8761/eureka/apps/ADMIN-CATALOGUE-SERVICE/LTIN656883.cts.com:admin-catalogue-service:8082?status=UP&lastDirtyTimestamp=1771349496883
2026-02-17 23:10:07 [DiscoveryClient-HeartbeatExecutor-%d] DEBUG o.s.web.client.RestTemplate - Accept=[application/json, application/yaml, application/*+json]
2026-02-17 23:10:07 [DiscoveryClient-HeartbeatExecutor-%d] DEBUG o.s.web.client.RestTemplate - Response 200 OK
2026-02-17 23:10:07 [DiscoveryClient-CacheRefreshExecutor-%d] DEBUG o.s.web.client.RestTemplate - HTTP GET http://localhost:8761/eureka/apps/delta
2026-02-17 23:10:07 [DiscoveryClient-CacheRefreshExecutor-%d] DEBUG o.s.web.client.RestTemplate - Accept=[application/json, application/yaml, application/*+json]
2026-02-17 23:10:07 [DiscoveryClient-CacheRefreshExecutor-%d] DEBUG o.s.web.client.RestTemplate - Response 200 OK
2026-02-17 23:10:07 [DiscoveryClient-CacheRefreshExecutor-%d] DEBUG o.s.web.client.RestTemplate - Reading to [org.springframework.cloud.netflix.eureka.http.EurekaApplications]
2026-02-17 23:10:37 [DiscoveryClient-HeartbeatExecutor-%d] DEBUG o.s.web.client.RestTemplate - HTTP PUT http://localhost:8761/eureka/apps/ADMIN-CATALOGUE-SERVICE/LTIN656883.cts.com:admin-catalogue-service:8082?status=UP&lastDirtyTimestamp=1771349496883
2026-02-17 23:10:37 [DiscoveryClient-HeartbeatExecutor-%d] DEBUG o.s.web.client.RestTemplate - Accept=[application/json, application/yaml, application/*+json]
2026-02-17 23:10:37 [DiscoveryClient-CacheRefreshExecutor-%d] DEBUG o.s.web.client.RestTemplate - HTTP GET http://localhost:8761/eureka/apps/delta
2026-02-17 23:10:37 [DiscoveryClient-CacheRefreshExecutor-%d] DEBUG o.s.web.client.RestTemplate - Accept=[application/json, application/yaml, application/*+json]
2026-02-17 23:10:37 [DiscoveryClient-HeartbeatExecutor-%d] DEBUG o.s.web.client.RestTemplate - Response 200 OK
2026-02-17 23:10:37 [DiscoveryClient-CacheRefreshExecutor-%d] DEBUG o.s.web.client.RestTemplate - Response 200 OK
2026-02-17 23:10:37 [DiscoveryClient-CacheRefreshExecutor-%d] DEBUG o.s.web.client.RestTemplate - Reading to [org.springframework.cloud.netflix.eureka.http.EurekaApplications]
2026-02-17 23:11:07 [DiscoveryClient-HeartbeatExecutor-%d] DEBUG o.s.web.client.RestTemplate - HTTP PUT http://localhost:8761/eureka/apps/ADMIN-CATALOGUE-SERVICE/LTIN656883.cts.com:admin-catalogue-service:8082?status=UP&lastDirtyTimestamp=1771349496883
2026-02-17 23:11:07 [DiscoveryClient-HeartbeatExecutor-%d] DEBUG o.s.web.client.RestTemplate - Accept=[application/json, application/yaml, application/*+json]
2026-02-17 23:11:07 [DiscoveryClient-CacheRefreshExecutor-%d] DEBUG o.s.web.client.RestTemplate - HTTP GET http://localhost:8761/eureka/apps/delta
2026-02-17 23:11:07 [DiscoveryClient-CacheRefreshExecutor-%d] DEBUG o.s.web.client.RestTemplate - Accept=[application/json, application/yaml, application/*+json]
2026-02-17 23:11:07 [DiscoveryClient-HeartbeatExecutor-%d] DEBUG o.s.web.client.RestTemplate - Response 200 OK
2026-02-17 23:11:07 [DiscoveryClient-CacheRefreshExecutor-%d] DEBUG o.s.web.client.RestTemplate - Response 200 OK
2026-02-17 23:11:07 [DiscoveryClient-CacheRefreshExecutor-%d] DEBUG o.s.web.client.RestTemplate - Reading to [org.springframework.cloud.netflix.eureka.http.EurekaApplications]
2026-02-17 23:11:36 [AsyncResolver-bootstrap-executor-%d] INFO  c.n.d.s.r.aws.ConfigClusterResolver - Resolving eureka endpoints via configuration
2026-02-17 23:11:37 [DiscoveryClient-HeartbeatExecutor-%d] DEBUG o.s.web.client.RestTemplate - HTTP PUT http://localhost:8761/eureka/apps/ADMIN-CATALOGUE-SERVICE/LTIN656883.cts.com:admin-catalogue-service:8082?status=UP&lastDirtyTimestamp=1771349496883
2026-02-17 23:11:37 [DiscoveryClient-HeartbeatExecutor-%d] DEBUG o.s.web.client.RestTemplate - Accept=[application/json, application/yaml, application/*+json]
2026-02-17 23:11:37 [DiscoveryClient-CacheRefreshExecutor-%d] DEBUG o.s.web.client.RestTemplate - HTTP GET http://localhost:8761/eureka/apps/delta
2026-02-17 23:11:37 [DiscoveryClient-CacheRefreshExecutor-%d] DEBUG o.s.web.client.RestTemplate - Accept=[application/json, application/yaml, application/*+json]
2026-02-17 23:11:37 [DiscoveryClient-HeartbeatExecutor-%d] DEBUG o.s.web.client.RestTemplate - Response 200 OK
2026-02-17 23:11:37 [DiscoveryClient-CacheRefreshExecutor-%d] DEBUG o.s.web.client.RestTemplate - Response 200 OK
2026-02-17 23:11:37 [DiscoveryClient-CacheRefreshExecutor-%d] DEBUG o.s.web.client.RestTemplate - Reading to [org.springframework.cloud.netflix.eureka.http.EurekaApplications]
2026-02-17 23:12:07 [DiscoveryClient-HeartbeatExecutor-%d] DEBUG o.s.web.client.RestTemplate - HTTP PUT http://localhost:8761/eureka/apps/ADMIN-CATALOGUE-SERVICE/LTIN656883.cts.com:admin-catalogue-service:8082?status=UP&lastDirtyTimestamp=1771349496883
2026-02-17 23:12:07 [DiscoveryClient-HeartbeatExecutor-%d] DEBUG o.s.web.client.RestTemplate - Accept=[application/json, application/yaml, application/*+json]
2026-02-17 23:12:07 [DiscoveryClient-CacheRefreshExecutor-%d] DEBUG o.s.web.client.RestTemplate - HTTP GET http://localhost:8761/eureka/apps/delta
2026-02-17 23:12:07 [DiscoveryClient-CacheRefreshExecutor-%d] DEBUG o.s.web.client.RestTemplate - Accept=[application/json, application/yaml, application/*+json]
2026-02-17 23:12:07 [DiscoveryClient-HeartbeatExecutor-%d] DEBUG o.s.web.client.RestTemplate - Response 200 OK
2026-02-17 23:12:07 [DiscoveryClient-CacheRefreshExecutor-%d] DEBUG o.s.web.client.RestTemplate - Response 200 OK
2026-02-17 23:12:07 [DiscoveryClient-CacheRefreshExecutor-%d] DEBUG o.s.web.client.RestTemplate - Reading to [org.springframework.cloud.netflix.eureka.http.EurekaApplications]
2026-02-17 23:12:37 [DiscoveryClient-HeartbeatExecutor-%d] DEBUG o.s.web.client.RestTemplate - HTTP PUT http://localhost:8761/eureka/apps/ADMIN-CATALOGUE-SERVICE/LTIN656883.cts.com:admin-catalogue-service:8082?status=UP&lastDirtyTimestamp=1771349496883
2026-02-17 23:12:37 [DiscoveryClient-HeartbeatExecutor-%d] DEBUG o.s.web.client.RestTemplate - Accept=[application/json, application/yaml, application/*+json]
2026-02-17 23:12:37 [DiscoveryClient-CacheRefreshExecutor-%d] DEBUG o.s.web.client.RestTemplate - HTTP GET http://localhost:8761/eureka/apps/delta
2026-02-17 23:12:37 [DiscoveryClient-CacheRefreshExecutor-%d] DEBUG o.s.web.client.RestTemplate - Accept=[application/json, application/yaml, application/*+json]
2026-02-17 23:12:37 [DiscoveryClient-HeartbeatExecutor-%d] DEBUG o.s.web.client.RestTemplate - Response 200 OK
2026-02-17 23:12:37 [DiscoveryClient-CacheRefreshExecutor-%d] DEBUG o.s.web.client.RestTemplate - Response 200 OK
2026-02-17 23:12:37 [DiscoveryClient-CacheRefreshExecutor-%d] DEBUG o.s.web.client.RestTemplate - Reading to [org.springframework.cloud.netflix.eureka.http.EurekaApplications]
2026-02-17 23:13:07 [DiscoveryClient-HeartbeatExecutor-%d] DEBUG o.s.web.client.RestTemplate - HTTP PUT http://localhost:8761/eureka/apps/ADMIN-CATALOGUE-SERVICE/LTIN656883.cts.com:admin-catalogue-service:8082?status=UP&lastDirtyTimestamp=1771349496883
2026-02-17 23:13:07 [DiscoveryClient-HeartbeatExecutor-%d] DEBUG o.s.web.client.RestTemplate - Accept=[application/json, application/yaml, application/*+json]
2026-02-17 23:13:07 [DiscoveryClient-CacheRefreshExecutor-%d] DEBUG o.s.web.client.RestTemplate - HTTP GET http://localhost:8761/eureka/apps/delta
2026-02-17 23:13:07 [DiscoveryClient-CacheRefreshExecutor-%d] DEBUG o.s.web.client.RestTemplate - Accept=[application/json, application/yaml, application/*+json]
2026-02-17 23:13:07 [DiscoveryClient-HeartbeatExecutor-%d] DEBUG o.s.web.client.RestTemplate - Response 200 OK
2026-02-17 23:13:07 [DiscoveryClient-CacheRefreshExecutor-%d] DEBUG o.s.web.client.RestTemplate - Response 200 OK
2026-02-17 23:13:07 [DiscoveryClient-CacheRefreshExecutor-%d] DEBUG o.s.web.client.RestTemplate - Reading to [org.springframework.cloud.netflix.eureka.http.EurekaApplications]
2026-02-17 23:13:37 [DiscoveryClient-HeartbeatExecutor-%d] DEBUG o.s.web.client.RestTemplate - HTTP PUT http://localhost:8761/eureka/apps/ADMIN-CATALOGUE-SERVICE/LTIN656883.cts.com:admin-catalogue-service:8082?status=UP&lastDirtyTimestamp=1771349496883
2026-02-17 23:13:37 [DiscoveryClient-HeartbeatExecutor-%d] DEBUG o.s.web.client.RestTemplate - Accept=[application/json, application/yaml, application/*+json]
2026-02-17 23:13:37 [DiscoveryClient-CacheRefreshExecutor-%d] DEBUG o.s.web.client.RestTemplate - HTTP GET http://localhost:8761/eureka/apps/delta
2026-02-17 23:13:37 [DiscoveryClient-CacheRefreshExecutor-%d] DEBUG o.s.web.client.RestTemplate - Accept=[application/json, application/yaml, application/*+json]
2026-02-17 23:13:37 [DiscoveryClient-HeartbeatExecutor-%d] DEBUG o.s.web.client.RestTemplate - Response 200 OK
2026-02-17 23:13:37 [DiscoveryClient-CacheRefreshExecutor-%d] DEBUG o.s.web.client.RestTemplate - Response 200 OK
2026-02-17 23:13:37 [DiscoveryClient-CacheRefreshExecutor-%d] DEBUG o.s.web.client.RestTemplate - Reading to [org.springframework.cloud.netflix.eureka.http.EurekaApplications]
2026-02-17 23:14:07 [DiscoveryClient-CacheRefreshExecutor-%d] DEBUG o.s.web.client.RestTemplate - HTTP GET http://localhost:8761/eureka/apps/delta
2026-02-17 23:14:07 [DiscoveryClient-HeartbeatExecutor-%d] DEBUG o.s.web.client.RestTemplate - HTTP PUT http://localhost:8761/eureka/apps/ADMIN-CATALOGUE-SERVICE/LTIN656883.cts.com:admin-catalogue-service:8082?status=UP&lastDirtyTimestamp=1771349496883
2026-02-17 23:14:07 [DiscoveryClient-CacheRefreshExecutor-%d] DEBUG o.s.web.client.RestTemplate - Accept=[application/json, application/yaml, application/*+json]
2026-02-17 23:14:07 [DiscoveryClient-HeartbeatExecutor-%d] DEBUG o.s.web.client.RestTemplate - Accept=[application/json, application/yaml, application/*+json]
2026-02-17 23:14:07 [DiscoveryClient-HeartbeatExecutor-%d] DEBUG o.s.web.client.RestTemplate - Response 200 OK
2026-02-17 23:14:07 [DiscoveryClient-CacheRefreshExecutor-%d] DEBUG o.s.web.client.RestTemplate - Response 200 OK
2026-02-17 23:14:07 [DiscoveryClient-CacheRefreshExecutor-%d] DEBUG o.s.web.client.RestTemplate - Reading to [org.springframework.cloud.netflix.eureka.http.EurekaApplications]
2026-02-17 23:14:37 [DiscoveryClient-CacheRefreshExecutor-%d] DEBUG o.s.web.client.RestTemplate - HTTP GET http://localhost:8761/eureka/apps/delta
2026-02-17 23:14:37 [DiscoveryClient-HeartbeatExecutor-%d] DEBUG o.s.web.client.RestTemplate - HTTP PUT http://localhost:8761/eureka/apps/ADMIN-CATALOGUE-SERVICE/LTIN656883.cts.com:admin-catalogue-service:8082?status=UP&lastDirtyTimestamp=1771349496883
2026-02-17 23:14:37 [DiscoveryClient-CacheRefreshExecutor-%d] DEBUG o.s.web.client.RestTemplate - Accept=[application/json, application/yaml, application/*+json]
2026-02-17 23:14:37 [DiscoveryClient-HeartbeatExecutor-%d] DEBUG o.s.web.client.RestTemplate - Accept=[application/json, application/yaml, application/*+json]
2026-02-17 23:14:37 [DiscoveryClient-CacheRefreshExecutor-%d] DEBUG o.s.web.client.RestTemplate - Response 200 OK
2026-02-17 23:14:37 [DiscoveryClient-CacheRefreshExecutor-%d] DEBUG o.s.web.client.RestTemplate - Reading to [org.springframework.cloud.netflix.eureka.http.EurekaApplications]
2026-02-17 23:14:37 [DiscoveryClient-HeartbeatExecutor-%d] DEBUG o.s.web.client.RestTemplate - Response 200 OK
2026-02-17 23:15:07 [DiscoveryClient-CacheRefreshExecutor-%d] DEBUG o.s.web.client.RestTemplate - HTTP GET http://localhost:8761/eureka/apps/delta
2026-02-17 23:15:07 [DiscoveryClient-HeartbeatExecutor-%d] DEBUG o.s.web.client.RestTemplate - HTTP PUT http://localhost:8761/eureka/apps/ADMIN-CATALOGUE-SERVICE/LTIN656883.cts.com:admin-catalogue-service:8082?status=UP&lastDirtyTimestamp=1771349496883
2026-02-17 23:15:07 [DiscoveryClient-CacheRefreshExecutor-%d] DEBUG o.s.web.client.RestTemplate - Accept=[application/json, application/yaml, application/*+json]
2026-02-17 23:15:07 [DiscoveryClient-HeartbeatExecutor-%d] DEBUG o.s.web.client.RestTemplate - Accept=[application/json, application/yaml, application/*+json]
2026-02-17 23:15:07 [DiscoveryClient-HeartbeatExecutor-%d] DEBUG o.s.web.client.RestTemplate - Response 200 OK
2026-02-17 23:15:07 [DiscoveryClient-CacheRefreshExecutor-%d] DEBUG o.s.web.client.RestTemplate - Response 200 OK
2026-02-17 23:15:07 [DiscoveryClient-CacheRefreshExecutor-%d] DEBUG o.s.web.client.RestTemplate - Reading to [org.springframework.cloud.netflix.eureka.http.EurekaApplications]
2026-02-17 23:15:37 [DiscoveryClient-CacheRefreshExecutor-%d] DEBUG o.s.web.client.RestTemplate - HTTP GET http://localhost:8761/eureka/apps/delta
2026-02-17 23:15:37 [DiscoveryClient-HeartbeatExecutor-%d] DEBUG o.s.web.client.RestTemplate - HTTP PUT http://localhost:8761/eureka/apps/ADMIN-CATALOGUE-SERVICE/LTIN656883.cts.com:admin-catalogue-service:8082?status=UP&lastDirtyTimestamp=1771349496883
2026-02-17 23:15:37 [DiscoveryClient-HeartbeatExecutor-%d] DEBUG o.s.web.client.RestTemplate - Accept=[application/json, application/yaml, application/*+json]
2026-02-17 23:15:37 [DiscoveryClient-CacheRefreshExecutor-%d] DEBUG o.s.web.client.RestTemplate - Accept=[application/json, application/yaml, application/*+json]
2026-02-17 23:15:37 [DiscoveryClient-CacheRefreshExecutor-%d] DEBUG o.s.web.client.RestTemplate - Response 200 OK
2026-02-17 23:15:37 [DiscoveryClient-HeartbeatExecutor-%d] DEBUG o.s.web.client.RestTemplate - Response 200 OK
2026-02-17 23:15:37 [DiscoveryClient-CacheRefreshExecutor-%d] DEBUG o.s.web.client.RestTemplate - Reading to [org.springframework.cloud.netflix.eureka.http.EurekaApplications]
2026-02-17 23:16:07 [DiscoveryClient-CacheRefreshExecutor-%d] DEBUG o.s.web.client.RestTemplate - HTTP GET http://localhost:8761/eureka/apps/delta
2026-02-17 23:16:07 [DiscoveryClient-HeartbeatExecutor-%d] DEBUG o.s.web.client.RestTemplate - HTTP PUT http://localhost:8761/eureka/apps/ADMIN-CATALOGUE-SERVICE/LTIN656883.cts.com:admin-catalogue-service:8082?status=UP&lastDirtyTimestamp=1771349496883
2026-02-17 23:16:07 [DiscoveryClient-CacheRefreshExecutor-%d] DEBUG o.s.web.client.RestTemplate - Accept=[application/json, application/yaml, application/*+json]
2026-02-17 23:16:07 [DiscoveryClient-HeartbeatExecutor-%d] DEBUG o.s.web.client.RestTemplate - Accept=[application/json, application/yaml, application/*+json]
2026-02-17 23:16:07 [DiscoveryClient-HeartbeatExecutor-%d] DEBUG o.s.web.client.RestTemplate - Response 200 OK
2026-02-17 23:16:07 [DiscoveryClient-CacheRefreshExecutor-%d] DEBUG o.s.web.client.RestTemplate - Response 200 OK
2026-02-17 23:16:07 [DiscoveryClient-CacheRefreshExecutor-%d] DEBUG o.s.web.client.RestTemplate - Reading to [org.springframework.cloud.netflix.eureka.http.EurekaApplications]
2026-02-17 23:16:36 [AsyncResolver-bootstrap-executor-%d] INFO  c.n.d.s.r.aws.ConfigClusterResolver - Resolving eureka endpoints via configuration
2026-02-17 23:16:37 [DiscoveryClient-CacheRefreshExecutor-%d] DEBUG o.s.web.client.RestTemplate - HTTP GET http://localhost:8761/eureka/apps/delta
2026-02-17 23:16:37 [DiscoveryClient-HeartbeatExecutor-%d] DEBUG o.s.web.client.RestTemplate - HTTP PUT http://localhost:8761/eureka/apps/ADMIN-CATALOGUE-SERVICE/LTIN656883.cts.com:admin-catalogue-service:8082?status=UP&lastDirtyTimestamp=1771349496883
2026-02-17 23:16:37 [DiscoveryClient-CacheRefreshExecutor-%d] DEBUG o.s.web.client.RestTemplate - Accept=[application/json, application/yaml, application/*+json]
2026-02-17 23:16:37 [DiscoveryClient-HeartbeatExecutor-%d] DEBUG o.s.web.client.RestTemplate - Accept=[application/json, application/yaml, application/*+json]
2026-02-17 23:16:37 [DiscoveryClient-CacheRefreshExecutor-%d] DEBUG o.s.web.client.RestTemplate - Response 200 OK
2026-02-17 23:16:37 [DiscoveryClient-HeartbeatExecutor-%d] DEBUG o.s.web.client.RestTemplate - Response 200 OK
2026-02-17 23:16:37 [DiscoveryClient-CacheRefreshExecutor-%d] DEBUG o.s.web.client.RestTemplate - Reading to [org.springframework.cloud.netflix.eureka.http.EurekaApplications]
2026-02-17 23:17:07 [DiscoveryClient-CacheRefreshExecutor-%d] DEBUG o.s.web.client.RestTemplate - HTTP GET http://localhost:8761/eureka/apps/delta
2026-02-17 23:17:07 [DiscoveryClient-HeartbeatExecutor-%d] DEBUG o.s.web.client.RestTemplate - HTTP PUT http://localhost:8761/eureka/apps/ADMIN-CATALOGUE-SERVICE/LTIN656883.cts.com:admin-catalogue-service:8082?status=UP&lastDirtyTimestamp=1771349496883
2026-02-17 23:17:07 [DiscoveryClient-CacheRefreshExecutor-%d] DEBUG o.s.web.client.RestTemplate - Accept=[application/json, application/yaml, application/*+json]
2026-02-17 23:17:07 [DiscoveryClient-HeartbeatExecutor-%d] DEBUG o.s.web.client.RestTemplate - Accept=[application/json, application/yaml, application/*+json]
2026-02-17 23:17:07 [DiscoveryClient-HeartbeatExecutor-%d] DEBUG o.s.web.client.RestTemplate - Response 200 OK
2026-02-17 23:17:07 [DiscoveryClient-CacheRefreshExecutor-%d] DEBUG o.s.web.client.RestTemplate - Response 200 OK
2026-02-17 23:17:07 [DiscoveryClient-CacheRefreshExecutor-%d] DEBUG o.s.web.client.RestTemplate - Reading to [org.springframework.cloud.netflix.eureka.http.EurekaApplications]
2026-02-17 23:17:37 [DiscoveryClient-CacheRefreshExecutor-%d] DEBUG o.s.web.client.RestTemplate - HTTP GET http://localhost:8761/eureka/apps/delta
2026-02-17 23:17:37 [DiscoveryClient-HeartbeatExecutor-%d] DEBUG o.s.web.client.RestTemplate - HTTP PUT http://localhost:8761/eureka/apps/ADMIN-CATALOGUE-SERVICE/LTIN656883.cts.com:admin-catalogue-service:8082?status=UP&lastDirtyTimestamp=1771349496883
2026-02-17 23:17:37 [DiscoveryClient-CacheRefreshExecutor-%d] DEBUG o.s.web.client.RestTemplate - Accept=[application/json, application/yaml, application/*+json]
2026-02-17 23:17:37 [DiscoveryClient-HeartbeatExecutor-%d] DEBUG o.s.web.client.RestTemplate - Accept=[application/json, application/yaml, application/*+json]
2026-02-17 23:17:37 [DiscoveryClient-HeartbeatExecutor-%d] DEBUG o.s.web.client.RestTemplate - Response 200 OK
2026-02-17 23:17:37 [DiscoveryClient-CacheRefreshExecutor-%d] DEBUG o.s.web.client.RestTemplate - Response 200 OK
2026-02-17 23:17:37 [DiscoveryClient-CacheRefreshExecutor-%d] DEBUG o.s.web.client.RestTemplate - Reading to [org.springframework.cloud.netflix.eureka.http.EurekaApplications]
2026-02-17 23:18:07 [DiscoveryClient-CacheRefreshExecutor-%d] DEBUG o.s.web.client.RestTemplate - HTTP GET http://localhost:8761/eureka/apps/delta
2026-02-17 23:18:07 [DiscoveryClient-HeartbeatExecutor-%d] DEBUG o.s.web.client.RestTemplate - HTTP PUT http://localhost:8761/eureka/apps/ADMIN-CATALOGUE-SERVICE/LTIN656883.cts.com:admin-catalogue-service:8082?status=UP&lastDirtyTimestamp=1771349496883
2026-02-17 23:18:07 [DiscoveryClient-CacheRefreshExecutor-%d] DEBUG o.s.web.client.RestTemplate - Accept=[application/json, application/yaml, application/*+json]
2026-02-17 23:18:07 [DiscoveryClient-HeartbeatExecutor-%d] DEBUG o.s.web.client.RestTemplate - Accept=[application/json, application/yaml, application/*+json]
2026-02-17 23:18:07 [DiscoveryClient-CacheRefreshExecutor-%d] DEBUG o.s.web.client.RestTemplate - Response 200 OK
2026-02-17 23:18:07 [DiscoveryClient-HeartbeatExecutor-%d] DEBUG o.s.web.client.RestTemplate - Response 200 OK
2026-02-17 23:18:07 [DiscoveryClient-CacheRefreshExecutor-%d] DEBUG o.s.web.client.RestTemplate - Reading to [org.springframework.cloud.netflix.eureka.http.EurekaApplications]
2026-02-17 23:18:37 [DiscoveryClient-CacheRefreshExecutor-%d] DEBUG o.s.web.client.RestTemplate - HTTP GET http://localhost:8761/eureka/apps/delta
2026-02-17 23:18:37 [DiscoveryClient-HeartbeatExecutor-%d] DEBUG o.s.web.client.RestTemplate - HTTP PUT http://localhost:8761/eureka/apps/ADMIN-CATALOGUE-SERVICE/LTIN656883.cts.com:admin-catalogue-service:8082?status=UP&lastDirtyTimestamp=1771349496883
2026-02-17 23:18:37 [DiscoveryClient-CacheRefreshExecutor-%d] DEBUG o.s.web.client.RestTemplate - Accept=[application/json, application/yaml, application/*+json]
2026-02-17 23:18:37 [DiscoveryClient-HeartbeatExecutor-%d] DEBUG o.s.web.client.RestTemplate - Accept=[application/json, application/yaml, application/*+json]
2026-02-17 23:18:37 [DiscoveryClient-HeartbeatExecutor-%d] DEBUG o.s.web.client.RestTemplate - Response 200 OK
2026-02-17 23:18:37 [DiscoveryClient-CacheRefreshExecutor-%d] DEBUG o.s.web.client.RestTemplate - Response 200 OK
2026-02-17 23:18:37 [DiscoveryClient-CacheRefreshExecutor-%d] DEBUG o.s.web.client.RestTemplate - Reading to [org.springframework.cloud.netflix.eureka.http.EurekaApplications]
2026-02-17 23:19:07 [DiscoveryClient-CacheRefreshExecutor-%d] DEBUG o.s.web.client.RestTemplate - HTTP GET http://localhost:8761/eureka/apps/delta
2026-02-17 23:19:07 [DiscoveryClient-HeartbeatExecutor-%d] DEBUG o.s.web.client.RestTemplate - HTTP PUT http://localhost:8761/eureka/apps/ADMIN-CATALOGUE-SERVICE/LTIN656883.cts.com:admin-catalogue-service:8082?status=UP&lastDirtyTimestamp=1771349496883
2026-02-17 23:19:07 [DiscoveryClient-CacheRefreshExecutor-%d] DEBUG o.s.web.client.RestTemplate - Accept=[application/json, application/yaml, application/*+json]
2026-02-17 23:19:07 [DiscoveryClient-HeartbeatExecutor-%d] DEBUG o.s.web.client.RestTemplate - Accept=[application/json, application/yaml, application/*+json]
2026-02-17 23:19:07 [DiscoveryClient-CacheRefreshExecutor-%d] DEBUG o.s.web.client.RestTemplate - Response 200 OK
2026-02-17 23:19:07 [DiscoveryClient-HeartbeatExecutor-%d] DEBUG o.s.web.client.RestTemplate - Response 200 OK
2026-02-17 23:19:07 [DiscoveryClient-CacheRefreshExecutor-%d] DEBUG o.s.web.client.RestTemplate - Reading to [org.springframework.cloud.netflix.eureka.http.EurekaApplications]
2026-02-17 23:19:37 [DiscoveryClient-HeartbeatExecutor-%d] DEBUG o.s.web.client.RestTemplate - HTTP PUT http://localhost:8761/eureka/apps/ADMIN-CATALOGUE-SERVICE/LTIN656883.cts.com:admin-catalogue-service:8082?status=UP&lastDirtyTimestamp=1771349496883
2026-02-17 23:19:37 [DiscoveryClient-CacheRefreshExecutor-%d] DEBUG o.s.web.client.RestTemplate - HTTP GET http://localhost:8761/eureka/apps/delta
2026-02-17 23:19:37 [DiscoveryClient-HeartbeatExecutor-%d] DEBUG o.s.web.client.RestTemplate - Accept=[application/json, application/yaml, application/*+json]
2026-02-17 23:19:37 [DiscoveryClient-CacheRefreshExecutor-%d] DEBUG o.s.web.client.RestTemplate - Accept=[application/json, application/yaml, application/*+json]
2026-02-17 23:19:37 [DiscoveryClient-HeartbeatExecutor-%d] DEBUG o.s.web.client.RestTemplate - Response 200 OK
2026-02-17 23:19:37 [DiscoveryClient-CacheRefreshExecutor-%d] DEBUG o.s.web.client.RestTemplate - Response 200 OK
2026-02-17 23:19:37 [DiscoveryClient-CacheRefreshExecutor-%d] DEBUG o.s.web.client.RestTemplate - Reading to [org.springframework.cloud.netflix.eureka.http.EurekaApplications]
2026-02-17 23:20:07 [DiscoveryClient-HeartbeatExecutor-%d] DEBUG o.s.web.client.RestTemplate - HTTP PUT http://localhost:8761/eureka/apps/ADMIN-CATALOGUE-SERVICE/LTIN656883.cts.com:admin-catalogue-service:8082?status=UP&lastDirtyTimestamp=1771349496883
2026-02-17 23:20:07 [DiscoveryClient-HeartbeatExecutor-%d] DEBUG o.s.web.client.RestTemplate - Accept=[application/json, application/yaml, application/*+json]
2026-02-17 23:20:07 [DiscoveryClient-CacheRefreshExecutor-%d] DEBUG o.s.web.client.RestTemplate - HTTP GET http://localhost:8761/eureka/apps/delta
2026-02-17 23:20:07 [DiscoveryClient-CacheRefreshExecutor-%d] DEBUG o.s.web.client.RestTemplate - Accept=[application/json, application/yaml, application/*+json]
2026-02-17 23:20:07 [DiscoveryClient-HeartbeatExecutor-%d] DEBUG o.s.web.client.RestTemplate - Response 200 OK
2026-02-17 23:20:07 [DiscoveryClient-CacheRefreshExecutor-%d] DEBUG o.s.web.client.RestTemplate - Response 200 OK
2026-02-17 23:20:07 [DiscoveryClient-CacheRefreshExecutor-%d] DEBUG o.s.web.client.RestTemplate - Reading to [org.springframework.cloud.netflix.eureka.http.EurekaApplications]
2026-02-17 23:20:37 [DiscoveryClient-HeartbeatExecutor-%d] DEBUG o.s.web.client.RestTemplate - HTTP PUT http://localhost:8761/eureka/apps/ADMIN-CATALOGUE-SERVICE/LTIN656883.cts.com:admin-catalogue-service:8082?status=UP&lastDirtyTimestamp=1771349496883
2026-02-17 23:20:37 [DiscoveryClient-HeartbeatExecutor-%d] DEBUG o.s.web.client.RestTemplate - Accept=[application/json, application/yaml, application/*+json]
2026-02-17 23:20:37 [DiscoveryClient-CacheRefreshExecutor-%d] DEBUG o.s.web.client.RestTemplate - HTTP GET http://localhost:8761/eureka/apps/delta
2026-02-17 23:20:37 [DiscoveryClient-CacheRefreshExecutor-%d] DEBUG o.s.web.client.RestTemplate - Accept=[application/json, application/yaml, application/*+json]
2026-02-17 23:20:37 [DiscoveryClient-HeartbeatExecutor-%d] DEBUG o.s.web.client.RestTemplate - Response 200 OK
2026-02-17 23:20:37 [DiscoveryClient-CacheRefreshExecutor-%d] DEBUG o.s.web.client.RestTemplate - Response 200 OK
2026-02-17 23:20:37 [DiscoveryClient-CacheRefreshExecutor-%d] DEBUG o.s.web.client.RestTemplate - Reading to [org.springframework.cloud.netflix.eureka.http.EurekaApplications]
2026-02-17 23:21:18 [background-preinit] INFO  o.h.validator.internal.util.Version - HV000001: Hibernate Validator 8.0.2.Final
2026-02-17 23:21:18 [main] INFO  c.m.a.AdminCatalogueServiceApplication - Starting AdminCatalogueServiceApplication using Java 21.0.6 with PID 19980 (C:\Users\2460680\Downloads\Medicart full stack\Medicart full stack\microservices\admin-catalogue-service\target\classes started by 2460680 in C:\Users\2460680\Downloads\Medicart full stack\Medicart full stack)
2026-02-17 23:21:18 [main] DEBUG c.m.a.AdminCatalogueServiceApplication - Running with Spring Boot v3.4.2, Spring v6.2.2
2026-02-17 23:21:18 [main] INFO  c.m.a.AdminCatalogueServiceApplication - The following 1 profile is active: "dev"
2026-02-17 23:21:22 [main] INFO  o.s.d.r.c.RepositoryConfigurationDelegate - Bootstrapping Spring Data JPA repositories in DEFAULT mode.
2026-02-17 23:21:23 [main] INFO  o.s.d.r.c.RepositoryConfigurationDelegate - Finished Spring Data repository scanning in 627 ms. Found 2 JPA repository interfaces.
2026-02-17 23:21:24 [main] INFO  o.s.cloud.context.scope.GenericScope - BeanFactory id=65be4b18-2837-3db6-97ba-fe1d06199f13
2026-02-17 23:21:25 [main] INFO  o.s.b.w.e.tomcat.TomcatWebServer - Tomcat initialized with port 8082 (http)
2026-02-17 23:21:25 [main] INFO  o.a.coyote.http11.Http11NioProtocol - Initializing ProtocolHandler ["http-nio-8082"]
2026-02-17 23:21:25 [main] INFO  o.a.catalina.core.StandardService - Starting service [Tomcat]
2026-02-17 23:21:25 [main] INFO  o.a.catalina.core.StandardEngine - Starting Servlet engine: [Apache Tomcat/10.1.34]
2026-02-17 23:21:26 [main] INFO  o.a.c.c.C.[Tomcat].[localhost].[/] - Initializing Spring embedded WebApplicationContext
2026-02-17 23:21:26 [main] INFO  o.s.b.w.s.c.ServletWebServerApplicationContext - Root WebApplicationContext: initialization completed in 7710 ms
2026-02-17 23:21:26 [main] DEBUG c.m.a.config.JwtAuthenticationFilter - Filter 'jwtAuthenticationFilter' configured for use
2026-02-17 23:21:26 [main] INFO  o.h.jpa.internal.util.LogHelper - HHH000204: Processing PersistenceUnitInfo [name: default]
2026-02-17 23:21:26 [main] INFO  org.hibernate.Version - HHH000412: Hibernate ORM core version 6.6.5.Final
2026-02-17 23:21:27 [main] INFO  o.h.c.i.RegionFactoryInitiator - HHH000026: Second-level cache disabled
2026-02-17 23:21:27 [main] INFO  o.s.o.j.p.SpringPersistenceUnitInfo - No LoadTimeWeaver setup: ignoring JPA class transformer
2026-02-17 23:21:28 [main] INFO  com.zaxxer.hikari.HikariDataSource - HikariPool-1 - Starting...
2026-02-17 23:21:28 [main] INFO  com.zaxxer.hikari.pool.HikariPool - HikariPool-1 - Added connection com.mysql.cj.jdbc.ConnectionImpl@60ee7a51
2026-02-17 23:21:28 [main] INFO  com.zaxxer.hikari.HikariDataSource - HikariPool-1 - Start completed.
2026-02-17 23:21:28 [main] WARN  org.hibernate.orm.deprecation - HHH90000025: MySQL8Dialect does not need to be specified explicitly using 'hibernate.dialect' (remove the property setting and it will be selected by default)
2026-02-17 23:21:28 [main] WARN  org.hibernate.orm.deprecation - HHH90000026: MySQL8Dialect has been deprecated; use org.hibernate.dialect.MySQLDialect instead
2026-02-17 23:21:28 [main] INFO  o.hibernate.orm.connections.pooling - HHH10001005: Database info:
	Database JDBC URL [Connecting through datasource 'HikariDataSource (HikariPool-1)']
	Database driver: undefined/unknown
	Database version: 8.0
	Autocommit mode: undefined/unknown
	Isolation level: undefined/unknown
	Minimum pool size: undefined/unknown
	Maximum pool size: undefined/unknown
2026-02-17 23:21:30 [main] INFO  o.h.e.t.j.p.i.JtaPlatformInitiator - HHH000489: No JTA platform available (set 'hibernate.transaction.jta.platform' to enable JTA platform integration)
2026-02-17 23:21:30 [main] INFO  o.s.o.j.LocalContainerEntityManagerFactoryBean - Initialized JPA EntityManagerFactory for persistence unit 'default'
2026-02-17 23:21:31 [main] INFO  o.s.d.j.r.query.QueryEnhancerFactory - Hibernate is in classpath; If applicable, HQL parser will be used.
2026-02-17 23:21:32 [main] WARN  o.s.b.a.o.j.JpaBaseConfiguration$JpaWebConfiguration - spring.jpa.open-in-view is enabled by default. Therefore, database queries may be performed during view rendering. Explicitly configure spring.jpa.open-in-view to disable this warning
2026-02-17 23:21:32 [main] WARN  o.s.b.a.s.s.UserDetailsServiceAutoConfiguration - 

Using generated security password: 3f529292-99a6-4100-9f4f-8b41aadf1dd3

This generated password is for development use only. Your security configuration must be updated before running your application in production.

2026-02-17 23:21:32 [main] INFO  o.s.s.c.a.a.c.InitializeUserDetailsBeanManagerConfigurer$InitializeUserDetailsManagerConfigurer - Global AuthenticationManager configured with UserDetailsService bean with name inMemoryUserDetailsManager
2026-02-17 23:21:33 [main] DEBUG o.s.w.s.m.m.a.RequestMappingHandlerMapping - 23 mappings in 'requestMappingHandlerMapping'
2026-02-17 23:21:33 [main] DEBUG o.s.w.s.h.SimpleUrlHandlerMapping - Patterns [/webjars/**, /**, /swagger-ui*/*swagger-initializer.js, /swagger-ui*/**] in 'resourceHandlerMapping'
2026-02-17 23:21:33 [main] DEBUG o.s.w.s.m.m.a.RequestMappingHandlerAdapter - ControllerAdvice beans: 0 @ModelAttribute, 0 @InitBinder, 1 RequestBodyAdvice, 1 ResponseBodyAdvice
2026-02-17 23:21:33 [main] DEBUG o.s.w.s.m.m.a.ExceptionHandlerExceptionResolver - ControllerAdvice beans: 1 @ExceptionHandler, 1 ResponseBodyAdvice
2026-02-17 23:21:34 [main] INFO  o.s.c.n.e.c.DiscoveryClientOptionalArgsConfiguration - Eureka HTTP Client uses RestTemplate.
2026-02-17 23:21:34 [main] WARN  o.s.c.l.c.LoadBalancerCacheAutoConfiguration$LoadBalancerCaffeineWarnLogger - Spring Cloud LoadBalancer is currently working with the default cache. While this cache implementation is useful for development and tests, it's recommended to use Caffeine cache in production.You can switch to using Caffeine cache, by adding it and org.springframework.cache.caffeine.CaffeineCacheManager to the classpath.
2026-02-17 23:21:34 [main] INFO  o.s.c.n.eureka.InstanceInfoFactory - Setting initial instance status as: STARTING
2026-02-17 23:21:34 [main] INFO  c.netflix.discovery.DiscoveryClient - Initializing Eureka in region us-east-1
2026-02-17 23:21:34 [main] INFO  c.n.d.s.r.aws.ConfigClusterResolver - Resolving eureka endpoints via configuration
2026-02-17 23:21:34 [main] INFO  c.netflix.discovery.DiscoveryClient - Disable delta property : false
2026-02-17 23:21:34 [main] INFO  c.netflix.discovery.DiscoveryClient - Single vip registry refresh property : null
2026-02-17 23:21:34 [main] INFO  c.netflix.discovery.DiscoveryClient - Force full registry fetch : false
2026-02-17 23:21:34 [main] INFO  c.netflix.discovery.DiscoveryClient - Application is null : false
2026-02-17 23:21:34 [main] INFO  c.netflix.discovery.DiscoveryClient - Registered Applications size is zero : true
2026-02-17 23:21:34 [main] INFO  c.netflix.discovery.DiscoveryClient - Application version is -1: true
2026-02-17 23:21:34 [main] INFO  c.netflix.discovery.DiscoveryClient - Getting all instance registry info from the eureka server
2026-02-17 23:21:34 [main] DEBUG o.s.web.client.RestTemplate - HTTP GET http://localhost:8761/eureka/apps/
2026-02-17 23:21:35 [main] DEBUG o.s.web.client.RestTemplate - Accept=[application/json, application/yaml, application/*+json]
2026-02-17 23:21:35 [main] DEBUG o.s.web.client.RestTemplate - Response 200 OK
2026-02-17 23:21:35 [main] DEBUG o.s.web.client.RestTemplate - Reading to [org.springframework.cloud.netflix.eureka.http.EurekaApplications]
2026-02-17 23:21:35 [main] INFO  c.netflix.discovery.DiscoveryClient - The response status is 200
2026-02-17 23:21:35 [main] INFO  c.netflix.discovery.DiscoveryClient - Starting heartbeat executor: renew interval is: 30
2026-02-17 23:21:35 [main] INFO  c.n.discovery.InstanceInfoReplicator - InstanceInfoReplicator onDemand update allowed rate per min is 4
2026-02-17 23:21:35 [main] INFO  c.netflix.discovery.DiscoveryClient - Discovery Client initialized at timestamp 1771350695323 with initial instances count: 6
2026-02-17 23:21:35 [main] INFO  o.s.c.n.e.s.EurekaServiceRegistry - Registering application ADMIN-CATALOGUE-SERVICE with eureka with status UP
2026-02-17 23:21:35 [main] INFO  c.netflix.discovery.DiscoveryClient - Saw local status change event StatusChangeEvent [timestamp=1771350695337, current=UP, previous=STARTING]
2026-02-17 23:21:35 [main] INFO  o.a.coyote.http11.Http11NioProtocol - Starting ProtocolHandler ["http-nio-8082"]
2026-02-17 23:21:35 [DiscoveryClient-InstanceInfoReplicator-%d] INFO  c.netflix.discovery.DiscoveryClient - DiscoveryClient_ADMIN-CATALOGUE-SERVICE/LTIN656883.cts.com:admin-catalogue-service:8082: registering service...
2026-02-17 23:21:35 [DiscoveryClient-InstanceInfoReplicator-%d] DEBUG o.s.web.client.RestTemplate - HTTP POST http://localhost:8761/eureka/apps/ADMIN-CATALOGUE-SERVICE
2026-02-17 23:21:35 [DiscoveryClient-InstanceInfoReplicator-%d] DEBUG o.s.web.client.RestTemplate - Accept=[application/json, application/yaml, application/*+json]
2026-02-17 23:21:35 [main] INFO  o.s.b.w.e.tomcat.TomcatWebServer - Tomcat started on port 8082 (http) with context path '/'
2026-02-17 23:21:35 [main] INFO  o.s.c.n.e.s.EurekaAutoServiceRegistration - Updating port to 8082
2026-02-17 23:21:35 [DiscoveryClient-InstanceInfoReplicator-%d] DEBUG o.s.web.client.RestTemplate - Writing [InstanceInfo [instanceId = LTIN656883.cts.com:admin-catalogue-service:8082, appName = ADMIN-CATALOGUE-SERVICE, hostName = localhost, status = UP, ipAddr = 192.168.1.107, port = 8082, securePort = 443, dataCenterInfo = com.netflix.appinfo.MyDataCenterInfo@2a01d4aa] as "application/json"
2026-02-17 23:21:35 [main] INFO  c.m.a.AdminCatalogueServiceApplication - Started AdminCatalogueServiceApplication in 19.1 seconds (process running for 20.967)
2026-02-17 23:21:35 [DiscoveryClient-InstanceInfoReplicator-%d] DEBUG o.s.web.client.RestTemplate - Response 204 NO_CONTENT
2026-02-17 23:21:35 [DiscoveryClient-InstanceInfoReplicator-%d] INFO  c.netflix.discovery.DiscoveryClient - DiscoveryClient_ADMIN-CATALOGUE-SERVICE/LTIN656883.cts.com:admin-catalogue-service:8082 - registration status: 204
2026-02-17 23:22:03 [http-nio-8082-exec-1] INFO  o.a.c.c.C.[Tomcat].[localhost].[/] - Initializing Spring DispatcherServlet 'dispatcherServlet'
2026-02-17 23:22:03 [http-nio-8082-exec-1] INFO  o.s.web.servlet.DispatcherServlet - Initializing Servlet 'dispatcherServlet'
2026-02-17 23:22:03 [http-nio-8082-exec-1] DEBUG o.s.web.servlet.DispatcherServlet - Detected StandardServletMultipartResolver
2026-02-17 23:22:03 [http-nio-8082-exec-1] DEBUG o.s.web.servlet.DispatcherServlet - Detected AcceptHeaderLocaleResolver
2026-02-17 23:22:03 [http-nio-8082-exec-1] DEBUG o.s.web.servlet.DispatcherServlet - Detected FixedThemeResolver
2026-02-17 23:22:03 [http-nio-8082-exec-1] DEBUG o.s.web.servlet.DispatcherServlet - Detected org.springframework.web.servlet.view.DefaultRequestToViewNameTranslator@3dc455f6
2026-02-17 23:22:03 [http-nio-8082-exec-1] DEBUG o.s.web.servlet.DispatcherServlet - Detected org.springframework.web.servlet.support.SessionFlashMapManager@47d1798c
2026-02-17 23:22:03 [http-nio-8082-exec-1] DEBUG o.s.web.servlet.DispatcherServlet - enableLoggingRequestDetails='false': request parameters and headers will be masked to prevent unsafe logging of potentially sensitive data
2026-02-17 23:22:03 [http-nio-8082-exec-1] INFO  o.s.web.servlet.DispatcherServlet - Completed initialization in 0 ms
2026-02-17 23:22:03 [http-nio-8082-exec-1] DEBUG c.m.a.config.JwtAuthenticationFilter - ════════════════════════════════════════════════════════════════
2026-02-17 23:22:03 [http-nio-8082-exec-1] DEBUG c.m.a.config.JwtAuthenticationFilter - 📍 [JWT FILTER] START
2026-02-17 23:22:03 [http-nio-8082-exec-1] DEBUG c.m.a.config.JwtAuthenticationFilter - METHOD: GET | URI: /medicines
2026-02-17 23:22:03 [http-nio-8082-exec-1] DEBUG c.m.a.config.JwtAuthenticationFilter - Remote Address: 127.0.0.1
2026-02-17 23:22:03 [http-nio-8082-exec-1] DEBUG c.m.a.config.JwtAuthenticationFilter - ════════════════════════════════════════════════════════════════
2026-02-17 23:22:03 [http-nio-8082-exec-1] DEBUG c.m.a.config.JwtAuthenticationFilter - 🔍 [JWT FILTER] Reading Authorization header
2026-02-17 23:22:03 [http-nio-8082-exec-1] DEBUG c.m.a.config.JwtAuthenticationFilter - 📋 Header value: NULL
2026-02-17 23:22:03 [http-nio-8082-exec-1] WARN  c.m.a.config.JwtAuthenticationFilter - ⚠️  [JWT FILTER] Authorization header is NULL
2026-02-17 23:22:03 [http-nio-8082-exec-1] DEBUG c.m.a.config.JwtAuthenticationFilter - → Passing request to next filter WITHOUT authentication
2026-02-17 23:22:03 [http-nio-8082-exec-1] DEBUG o.s.web.servlet.DispatcherServlet - GET "/medicines", parameters={}
2026-02-17 23:22:03 [http-nio-8082-exec-1] DEBUG o.s.w.s.m.m.a.RequestMappingHandlerMapping - Mapped to com.medicart.admin.controller.MedicineController#getAllMedicines(int, int)
2026-02-17 23:22:03 [http-nio-8082-exec-1] INFO  c.m.admin.service.MedicineService - 📚 Fetching all medicines...
2026-02-17 23:22:03 [http-nio-8082-exec-1] INFO  c.m.admin.service.MedicineService - ✅ Returning 14 medicines
2026-02-17 23:22:03 [http-nio-8082-exec-1] DEBUG o.s.w.s.m.m.a.HttpEntityMethodProcessor - Using 'application/json', given [*/*] and supported [application/json, application/*+json, application/yaml]
2026-02-17 23:22:03 [http-nio-8082-exec-1] DEBUG o.s.w.s.m.m.a.HttpEntityMethodProcessor - Writing [[MedicineDTO(id=1, name=Paracetamol, category=Tablet, price=12.0, sku=PCM, requiresRx=true, descript (truncated)...]
2026-02-17 23:22:03 [http-nio-8082-exec-1] DEBUG o.s.web.servlet.DispatcherServlet - Completed 200 OK
2026-02-17 23:22:05 [DiscoveryClient-CacheRefreshExecutor-%d] DEBUG o.s.web.client.RestTemplate - HTTP GET http://localhost:8761/eureka/apps/delta
2026-02-17 23:22:05 [DiscoveryClient-HeartbeatExecutor-%d] DEBUG o.s.web.client.RestTemplate - HTTP PUT http://localhost:8761/eureka/apps/ADMIN-CATALOGUE-SERVICE/LTIN656883.cts.com:admin-catalogue-service:8082?status=UP&lastDirtyTimestamp=1771350695337
2026-02-17 23:22:05 [DiscoveryClient-CacheRefreshExecutor-%d] DEBUG o.s.web.client.RestTemplate - Accept=[application/json, application/yaml, application/*+json]
2026-02-17 23:22:05 [DiscoveryClient-HeartbeatExecutor-%d] DEBUG o.s.web.client.RestTemplate - Accept=[application/json, application/yaml, application/*+json]
2026-02-17 23:22:05 [DiscoveryClient-HeartbeatExecutor-%d] DEBUG o.s.web.client.RestTemplate - Response 200 OK
2026-02-17 23:22:05 [DiscoveryClient-CacheRefreshExecutor-%d] DEBUG o.s.web.client.RestTemplate - Response 200 OK
2026-02-17 23:22:05 [DiscoveryClient-CacheRefreshExecutor-%d] DEBUG o.s.web.client.RestTemplate - Reading to [org.springframework.cloud.netflix.eureka.http.EurekaApplications]
2026-02-17 23:22:35 [DiscoveryClient-HeartbeatExecutor-%d] DEBUG o.s.web.client.RestTemplate - HTTP PUT http://localhost:8761/eureka/apps/ADMIN-CATALOGUE-SERVICE/LTIN656883.cts.com:admin-catalogue-service:8082?status=UP&lastDirtyTimestamp=1771350695337
2026-02-17 23:22:35 [DiscoveryClient-HeartbeatExecutor-%d] DEBUG o.s.web.client.RestTemplate - Accept=[application/json, application/yaml, application/*+json]
2026-02-17 23:22:35 [DiscoveryClient-CacheRefreshExecutor-%d] DEBUG o.s.web.client.RestTemplate - HTTP GET http://localhost:8761/eureka/apps/delta
2026-02-17 23:22:35 [DiscoveryClient-CacheRefreshExecutor-%d] DEBUG o.s.web.client.RestTemplate - Accept=[application/json, application/yaml, application/*+json]
2026-02-17 23:22:35 [DiscoveryClient-HeartbeatExecutor-%d] DEBUG o.s.web.client.RestTemplate - Response 200 OK
2026-02-17 23:22:35 [DiscoveryClient-CacheRefreshExecutor-%d] DEBUG o.s.web.client.RestTemplate - Response 200 OK
2026-02-17 23:22:35 [DiscoveryClient-CacheRefreshExecutor-%d] DEBUG o.s.web.client.RestTemplate - Reading to [org.springframework.cloud.netflix.eureka.http.EurekaApplications]
2026-02-17 23:23:05 [DiscoveryClient-CacheRefreshExecutor-%d] DEBUG o.s.web.client.RestTemplate - HTTP GET http://localhost:8761/eureka/apps/delta
2026-02-17 23:23:05 [DiscoveryClient-CacheRefreshExecutor-%d] DEBUG o.s.web.client.RestTemplate - Accept=[application/json, application/yaml, application/*+json]
2026-02-17 23:23:05 [DiscoveryClient-HeartbeatExecutor-%d] DEBUG o.s.web.client.RestTemplate - HTTP PUT http://localhost:8761/eureka/apps/ADMIN-CATALOGUE-SERVICE/LTIN656883.cts.com:admin-catalogue-service:8082?status=UP&lastDirtyTimestamp=1771350695337
2026-02-17 23:23:05 [DiscoveryClient-HeartbeatExecutor-%d] DEBUG o.s.web.client.RestTemplate - Accept=[application/json, application/yaml, application/*+json]
2026-02-17 23:23:05 [DiscoveryClient-CacheRefreshExecutor-%d] DEBUG o.s.web.client.RestTemplate - Response 200 OK
2026-02-17 23:23:05 [DiscoveryClient-HeartbeatExecutor-%d] DEBUG o.s.web.client.RestTemplate - Response 200 OK
2026-02-17 23:23:05 [DiscoveryClient-CacheRefreshExecutor-%d] DEBUG o.s.web.client.RestTemplate - Reading to [org.springframework.cloud.netflix.eureka.http.EurekaApplications]
2026-02-17 23:23:35 [DiscoveryClient-CacheRefreshExecutor-%d] DEBUG o.s.web.client.RestTemplate - HTTP GET http://localhost:8761/eureka/apps/delta
2026-02-17 23:23:35 [DiscoveryClient-CacheRefreshExecutor-%d] DEBUG o.s.web.client.RestTemplate - Accept=[application/json, application/yaml, application/*+json]
2026-02-17 23:23:35 [DiscoveryClient-HeartbeatExecutor-%d] DEBUG o.s.web.client.RestTemplate - HTTP PUT http://localhost:8761/eureka/apps/ADMIN-CATALOGUE-SERVICE/LTIN656883.cts.com:admin-catalogue-service:8082?status=UP&lastDirtyTimestamp=1771350695337
2026-02-17 23:23:35 [DiscoveryClient-HeartbeatExecutor-%d] DEBUG o.s.web.client.RestTemplate - Accept=[application/json, application/yaml, application/*+json]
2026-02-17 23:23:35 [DiscoveryClient-HeartbeatExecutor-%d] DEBUG o.s.web.client.RestTemplate - Response 200 OK
2026-02-17 23:23:35 [DiscoveryClient-CacheRefreshExecutor-%d] DEBUG o.s.web.client.RestTemplate - Response 200 OK
2026-02-17 23:23:35 [DiscoveryClient-CacheRefreshExecutor-%d] DEBUG o.s.web.client.RestTemplate - Reading to [org.springframework.cloud.netflix.eureka.http.EurekaApplications]
2026-02-17 23:24:05 [DiscoveryClient-HeartbeatExecutor-%d] DEBUG o.s.web.client.RestTemplate - HTTP PUT http://localhost:8761/eureka/apps/ADMIN-CATALOGUE-SERVICE/LTIN656883.cts.com:admin-catalogue-service:8082?status=UP&lastDirtyTimestamp=1771350695337
2026-02-17 23:24:05 [DiscoveryClient-HeartbeatExecutor-%d] DEBUG o.s.web.client.RestTemplate - Accept=[application/json, application/yaml, application/*+json]
2026-02-17 23:24:05 [DiscoveryClient-CacheRefreshExecutor-%d] DEBUG o.s.web.client.RestTemplate - HTTP GET http://localhost:8761/eureka/apps/delta
2026-02-17 23:24:05 [DiscoveryClient-CacheRefreshExecutor-%d] DEBUG o.s.web.client.RestTemplate - Accept=[application/json, application/yaml, application/*+json]
2026-02-17 23:24:05 [DiscoveryClient-HeartbeatExecutor-%d] DEBUG o.s.web.client.RestTemplate - Response 200 OK
2026-02-17 23:24:05 [DiscoveryClient-CacheRefreshExecutor-%d] DEBUG o.s.web.client.RestTemplate - Response 200 OK
2026-02-17 23:24:05 [DiscoveryClient-CacheRefreshExecutor-%d] DEBUG o.s.web.client.RestTemplate - Reading to [org.springframework.cloud.netflix.eureka.http.EurekaApplications]
2026-02-17 23:24:35 [DiscoveryClient-HeartbeatExecutor-%d] DEBUG o.s.web.client.RestTemplate - HTTP PUT http://localhost:8761/eureka/apps/ADMIN-CATALOGUE-SERVICE/LTIN656883.cts.com:admin-catalogue-service:8082?status=UP&lastDirtyTimestamp=1771350695337
2026-02-17 23:24:35 [DiscoveryClient-HeartbeatExecutor-%d] DEBUG o.s.web.client.RestTemplate - Accept=[application/json, application/yaml, application/*+json]
2026-02-17 23:24:35 [DiscoveryClient-CacheRefreshExecutor-%d] DEBUG o.s.web.client.RestTemplate - HTTP GET http://localhost:8761/eureka/apps/delta
2026-02-17 23:24:35 [DiscoveryClient-CacheRefreshExecutor-%d] DEBUG o.s.web.client.RestTemplate - Accept=[application/json, application/yaml, application/*+json]
2026-02-17 23:24:35 [DiscoveryClient-HeartbeatExecutor-%d] DEBUG o.s.web.client.RestTemplate - Response 200 OK
2026-02-17 23:24:35 [DiscoveryClient-CacheRefreshExecutor-%d] DEBUG o.s.web.client.RestTemplate - Response 200 OK
2026-02-17 23:24:35 [DiscoveryClient-CacheRefreshExecutor-%d] DEBUG o.s.web.client.RestTemplate - Reading to [org.springframework.cloud.netflix.eureka.http.EurekaApplications]
2026-02-17 23:25:05 [DiscoveryClient-CacheRefreshExecutor-%d] DEBUG o.s.web.client.RestTemplate - HTTP GET http://localhost:8761/eureka/apps/delta
2026-02-17 23:25:05 [DiscoveryClient-HeartbeatExecutor-%d] DEBUG o.s.web.client.RestTemplate - HTTP PUT http://localhost:8761/eureka/apps/ADMIN-CATALOGUE-SERVICE/LTIN656883.cts.com:admin-catalogue-service:8082?status=UP&lastDirtyTimestamp=1771350695337
2026-02-17 23:25:05 [DiscoveryClient-HeartbeatExecutor-%d] DEBUG o.s.web.client.RestTemplate - Accept=[application/json, application/yaml, application/*+json]
2026-02-17 23:25:05 [DiscoveryClient-CacheRefreshExecutor-%d] DEBUG o.s.web.client.RestTemplate - Accept=[application/json, application/yaml, application/*+json]
2026-02-17 23:25:05 [DiscoveryClient-CacheRefreshExecutor-%d] DEBUG o.s.web.client.RestTemplate - Response 200 OK
2026-02-17 23:25:05 [DiscoveryClient-HeartbeatExecutor-%d] DEBUG o.s.web.client.RestTemplate - Response 200 OK
2026-02-17 23:25:05 [DiscoveryClient-CacheRefreshExecutor-%d] DEBUG o.s.web.client.RestTemplate - Reading to [org.springframework.cloud.netflix.eureka.http.EurekaApplications]
2026-02-17 23:25:35 [DiscoveryClient-HeartbeatExecutor-%d] DEBUG o.s.web.client.RestTemplate - HTTP PUT http://localhost:8761/eureka/apps/ADMIN-CATALOGUE-SERVICE/LTIN656883.cts.com:admin-catalogue-service:8082?status=UP&lastDirtyTimestamp=1771350695337
2026-02-17 23:25:35 [DiscoveryClient-CacheRefreshExecutor-%d] DEBUG o.s.web.client.RestTemplate - HTTP GET http://localhost:8761/eureka/apps/delta
2026-02-17 23:25:35 [DiscoveryClient-HeartbeatExecutor-%d] DEBUG o.s.web.client.RestTemplate - Accept=[application/json, application/yaml, application/*+json]
2026-02-17 23:25:35 [DiscoveryClient-CacheRefreshExecutor-%d] DEBUG o.s.web.client.RestTemplate - Accept=[application/json, application/yaml, application/*+json]
2026-02-17 23:25:35 [DiscoveryClient-CacheRefreshExecutor-%d] DEBUG o.s.web.client.RestTemplate - Response 200 OK
2026-02-17 23:25:35 [DiscoveryClient-HeartbeatExecutor-%d] DEBUG o.s.web.client.RestTemplate - Response 200 OK
2026-02-17 23:25:35 [DiscoveryClient-CacheRefreshExecutor-%d] DEBUG o.s.web.client.RestTemplate - Reading to [org.springframework.cloud.netflix.eureka.http.EurekaApplications]
2026-02-17 23:26:05 [DiscoveryClient-HeartbeatExecutor-%d] DEBUG o.s.web.client.RestTemplate - HTTP PUT http://localhost:8761/eureka/apps/ADMIN-CATALOGUE-SERVICE/LTIN656883.cts.com:admin-catalogue-service:8082?status=UP&lastDirtyTimestamp=1771350695337
2026-02-17 23:26:05 [DiscoveryClient-CacheRefreshExecutor-%d] DEBUG o.s.web.client.RestTemplate - HTTP GET http://localhost:8761/eureka/apps/delta
2026-02-17 23:26:05 [DiscoveryClient-HeartbeatExecutor-%d] DEBUG o.s.web.client.RestTemplate - Accept=[application/json, application/yaml, application/*+json]
2026-02-17 23:26:05 [DiscoveryClient-CacheRefreshExecutor-%d] DEBUG o.s.web.client.RestTemplate - Accept=[application/json, application/yaml, application/*+json]
2026-02-17 23:26:05 [DiscoveryClient-CacheRefreshExecutor-%d] DEBUG o.s.web.client.RestTemplate - Response 200 OK
2026-02-17 23:26:05 [DiscoveryClient-HeartbeatExecutor-%d] DEBUG o.s.web.client.RestTemplate - Response 200 OK
2026-02-17 23:26:05 [DiscoveryClient-CacheRefreshExecutor-%d] DEBUG o.s.web.client.RestTemplate - Reading to [org.springframework.cloud.netflix.eureka.http.EurekaApplications]
2026-02-17 23:26:34 [AsyncResolver-bootstrap-executor-%d] INFO  c.n.d.s.r.aws.ConfigClusterResolver - Resolving eureka endpoints via configuration
2026-02-17 23:26:35 [DiscoveryClient-CacheRefreshExecutor-%d] DEBUG o.s.web.client.RestTemplate - HTTP GET http://localhost:8761/eureka/apps/delta
2026-02-17 23:26:35 [DiscoveryClient-HeartbeatExecutor-%d] DEBUG o.s.web.client.RestTemplate - HTTP PUT http://localhost:8761/eureka/apps/ADMIN-CATALOGUE-SERVICE/LTIN656883.cts.com:admin-catalogue-service:8082?status=UP&lastDirtyTimestamp=1771350695337
2026-02-17 23:26:35 [DiscoveryClient-CacheRefreshExecutor-%d] DEBUG o.s.web.client.RestTemplate - Accept=[application/json, application/yaml, application/*+json]
2026-02-17 23:26:35 [DiscoveryClient-HeartbeatExecutor-%d] DEBUG o.s.web.client.RestTemplate - Accept=[application/json, application/yaml, application/*+json]
2026-02-17 23:26:35 [DiscoveryClient-HeartbeatExecutor-%d] DEBUG o.s.web.client.RestTemplate - Response 200 OK
2026-02-17 23:26:35 [DiscoveryClient-CacheRefreshExecutor-%d] DEBUG o.s.web.client.RestTemplate - Response 200 OK
2026-02-17 23:26:35 [DiscoveryClient-CacheRefreshExecutor-%d] DEBUG o.s.web.client.RestTemplate - Reading to [org.springframework.cloud.netflix.eureka.http.EurekaApplications]
2026-02-17 23:27:05 [DiscoveryClient-CacheRefreshExecutor-%d] DEBUG o.s.web.client.RestTemplate - HTTP GET http://localhost:8761/eureka/apps/delta
2026-02-17 23:27:05 [DiscoveryClient-HeartbeatExecutor-%d] DEBUG o.s.web.client.RestTemplate - HTTP PUT http://localhost:8761/eureka/apps/ADMIN-CATALOGUE-SERVICE/LTIN656883.cts.com:admin-catalogue-service:8082?status=UP&lastDirtyTimestamp=1771350695337
2026-02-17 23:27:05 [DiscoveryClient-HeartbeatExecutor-%d] DEBUG o.s.web.client.RestTemplate - Accept=[application/json, application/yaml, application/*+json]
2026-02-17 23:27:05 [DiscoveryClient-CacheRefreshExecutor-%d] DEBUG o.s.web.client.RestTemplate - Accept=[application/json, application/yaml, application/*+json]
2026-02-17 23:27:05 [DiscoveryClient-CacheRefreshExecutor-%d] DEBUG o.s.web.client.RestTemplate - Response 200 OK
2026-02-17 23:27:05 [DiscoveryClient-HeartbeatExecutor-%d] DEBUG o.s.web.client.RestTemplate - Response 200 OK
2026-02-17 23:27:05 [DiscoveryClient-CacheRefreshExecutor-%d] DEBUG o.s.web.client.RestTemplate - Reading to [org.springframework.cloud.netflix.eureka.http.EurekaApplications]
2026-02-17 23:27:35 [DiscoveryClient-CacheRefreshExecutor-%d] DEBUG o.s.web.client.RestTemplate - HTTP GET http://localhost:8761/eureka/apps/delta
2026-02-17 23:27:35 [DiscoveryClient-HeartbeatExecutor-%d] DEBUG o.s.web.client.RestTemplate - HTTP PUT http://localhost:8761/eureka/apps/ADMIN-CATALOGUE-SERVICE/LTIN656883.cts.com:admin-catalogue-service:8082?status=UP&lastDirtyTimestamp=1771350695337
2026-02-17 23:27:35 [DiscoveryClient-CacheRefreshExecutor-%d] DEBUG o.s.web.client.RestTemplate - Accept=[application/json, application/yaml, application/*+json]
2026-02-17 23:27:35 [DiscoveryClient-HeartbeatExecutor-%d] DEBUG o.s.web.client.RestTemplate - Accept=[application/json, application/yaml, application/*+json]
2026-02-17 23:27:35 [DiscoveryClient-CacheRefreshExecutor-%d] DEBUG o.s.web.client.RestTemplate - Response 200 OK
2026-02-17 23:27:35 [DiscoveryClient-HeartbeatExecutor-%d] DEBUG o.s.web.client.RestTemplate - Response 200 OK
2026-02-17 23:27:35 [DiscoveryClient-CacheRefreshExecutor-%d] DEBUG o.s.web.client.RestTemplate - Reading to [org.springframework.cloud.netflix.eureka.http.EurekaApplications]
2026-02-17 23:28:05 [DiscoveryClient-CacheRefreshExecutor-%d] DEBUG o.s.web.client.RestTemplate - HTTP GET http://localhost:8761/eureka/apps/delta
2026-02-17 23:28:05 [DiscoveryClient-HeartbeatExecutor-%d] DEBUG o.s.web.client.RestTemplate - HTTP PUT http://localhost:8761/eureka/apps/ADMIN-CATALOGUE-SERVICE/LTIN656883.cts.com:admin-catalogue-service:8082?status=UP&lastDirtyTimestamp=1771350695337
2026-02-17 23:28:05 [DiscoveryClient-CacheRefreshExecutor-%d] DEBUG o.s.web.client.RestTemplate - Accept=[application/json, application/yaml, application/*+json]
2026-02-17 23:28:05 [DiscoveryClient-HeartbeatExecutor-%d] DEBUG o.s.web.client.RestTemplate - Accept=[application/json, application/yaml, application/*+json]
2026-02-17 23:28:05 [DiscoveryClient-CacheRefreshExecutor-%d] DEBUG o.s.web.client.RestTemplate - Response 200 OK
2026-02-17 23:28:05 [DiscoveryClient-HeartbeatExecutor-%d] DEBUG o.s.web.client.RestTemplate - Response 200 OK
2026-02-17 23:28:05 [DiscoveryClient-CacheRefreshExecutor-%d] DEBUG o.s.web.client.RestTemplate - Reading to [org.springframework.cloud.netflix.eureka.http.EurekaApplications]
2026-02-17 23:28:35 [DiscoveryClient-CacheRefreshExecutor-%d] DEBUG o.s.web.client.RestTemplate - HTTP GET http://localhost:8761/eureka/apps/delta
2026-02-17 23:28:35 [DiscoveryClient-HeartbeatExecutor-%d] DEBUG o.s.web.client.RestTemplate - HTTP PUT http://localhost:8761/eureka/apps/ADMIN-CATALOGUE-SERVICE/LTIN656883.cts.com:admin-catalogue-service:8082?status=UP&lastDirtyTimestamp=1771350695337
2026-02-17 23:28:35 [DiscoveryClient-CacheRefreshExecutor-%d] DEBUG o.s.web.client.RestTemplate - Accept=[application/json, application/yaml, application/*+json]
2026-02-17 23:28:35 [DiscoveryClient-HeartbeatExecutor-%d] DEBUG o.s.web.client.RestTemplate - Accept=[application/json, application/yaml, application/*+json]
2026-02-17 23:28:35 [DiscoveryClient-CacheRefreshExecutor-%d] DEBUG o.s.web.client.RestTemplate - Response 200 OK
2026-02-17 23:28:35 [DiscoveryClient-HeartbeatExecutor-%d] DEBUG o.s.web.client.RestTemplate - Response 200 OK
2026-02-17 23:28:35 [DiscoveryClient-CacheRefreshExecutor-%d] DEBUG o.s.web.client.RestTemplate - Reading to [org.springframework.cloud.netflix.eureka.http.EurekaApplications]
2026-02-17 23:29:05 [DiscoveryClient-HeartbeatExecutor-%d] DEBUG o.s.web.client.RestTemplate - HTTP PUT http://localhost:8761/eureka/apps/ADMIN-CATALOGUE-SERVICE/LTIN656883.cts.com:admin-catalogue-service:8082?status=UP&lastDirtyTimestamp=1771350695337
2026-02-17 23:29:05 [DiscoveryClient-CacheRefreshExecutor-%d] DEBUG o.s.web.client.RestTemplate - HTTP GET http://localhost:8761/eureka/apps/delta
2026-02-17 23:29:05 [DiscoveryClient-HeartbeatExecutor-%d] DEBUG o.s.web.client.RestTemplate - Accept=[application/json, application/yaml, application/*+json]
2026-02-17 23:29:05 [DiscoveryClient-CacheRefreshExecutor-%d] DEBUG o.s.web.client.RestTemplate - Accept=[application/json, application/yaml, application/*+json]
2026-02-17 23:29:05 [DiscoveryClient-HeartbeatExecutor-%d] DEBUG o.s.web.client.RestTemplate - Response 200 OK
2026-02-17 23:29:05 [DiscoveryClient-CacheRefreshExecutor-%d] DEBUG o.s.web.client.RestTemplate - Response 200 OK
2026-02-17 23:29:05 [DiscoveryClient-CacheRefreshExecutor-%d] DEBUG o.s.web.client.RestTemplate - Reading to [org.springframework.cloud.netflix.eureka.http.EurekaApplications]
2026-02-17 23:29:35 [DiscoveryClient-CacheRefreshExecutor-%d] DEBUG o.s.web.client.RestTemplate - HTTP GET http://localhost:8761/eureka/apps/delta
2026-02-17 23:29:35 [DiscoveryClient-HeartbeatExecutor-%d] DEBUG o.s.web.client.RestTemplate - HTTP PUT http://localhost:8761/eureka/apps/ADMIN-CATALOGUE-SERVICE/LTIN656883.cts.com:admin-catalogue-service:8082?status=UP&lastDirtyTimestamp=1771350695337
2026-02-17 23:29:35 [DiscoveryClient-CacheRefreshExecutor-%d] DEBUG o.s.web.client.RestTemplate - Accept=[application/json, application/yaml, application/*+json]
2026-02-17 23:29:35 [DiscoveryClient-HeartbeatExecutor-%d] DEBUG o.s.web.client.RestTemplate - Accept=[application/json, application/yaml, application/*+json]
2026-02-17 23:29:35 [DiscoveryClient-HeartbeatExecutor-%d] DEBUG o.s.web.client.RestTemplate - Response 200 OK
2026-02-17 23:29:35 [DiscoveryClient-CacheRefreshExecutor-%d] DEBUG o.s.web.client.RestTemplate - Response 200 OK
2026-02-17 23:29:35 [DiscoveryClient-CacheRefreshExecutor-%d] DEBUG o.s.web.client.RestTemplate - Reading to [org.springframework.cloud.netflix.eureka.http.EurekaApplications]
2026-02-17 23:30:05 [DiscoveryClient-CacheRefreshExecutor-%d] DEBUG o.s.web.client.RestTemplate - HTTP GET http://localhost:8761/eureka/apps/delta
2026-02-17 23:30:05 [DiscoveryClient-HeartbeatExecutor-%d] DEBUG o.s.web.client.RestTemplate - HTTP PUT http://localhost:8761/eureka/apps/ADMIN-CATALOGUE-SERVICE/LTIN656883.cts.com:admin-catalogue-service:8082?status=UP&lastDirtyTimestamp=1771350695337
2026-02-17 23:30:05 [DiscoveryClient-CacheRefreshExecutor-%d] DEBUG o.s.web.client.RestTemplate - Accept=[application/json, application/yaml, application/*+json]
2026-02-17 23:30:05 [DiscoveryClient-HeartbeatExecutor-%d] DEBUG o.s.web.client.RestTemplate - Accept=[application/json, application/yaml, application/*+json]
2026-02-17 23:30:05 [DiscoveryClient-CacheRefreshExecutor-%d] DEBUG o.s.web.client.RestTemplate - Response 200 OK
2026-02-17 23:30:05 [DiscoveryClient-CacheRefreshExecutor-%d] DEBUG o.s.web.client.RestTemplate - Reading to [org.springframework.cloud.netflix.eureka.http.EurekaApplications]
2026-02-17 23:30:05 [DiscoveryClient-HeartbeatExecutor-%d] DEBUG o.s.web.client.RestTemplate - Response 200 OK
2026-02-17 23:30:35 [DiscoveryClient-CacheRefreshExecutor-%d] DEBUG o.s.web.client.RestTemplate - HTTP GET http://localhost:8761/eureka/apps/delta
2026-02-17 23:30:35 [DiscoveryClient-HeartbeatExecutor-%d] DEBUG o.s.web.client.RestTemplate - HTTP PUT http://localhost:8761/eureka/apps/ADMIN-CATALOGUE-SERVICE/LTIN656883.cts.com:admin-catalogue-service:8082?status=UP&lastDirtyTimestamp=1771350695337
2026-02-17 23:30:35 [DiscoveryClient-HeartbeatExecutor-%d] DEBUG o.s.web.client.RestTemplate - Accept=[application/json, application/yaml, application/*+json]
2026-02-17 23:30:35 [DiscoveryClient-CacheRefreshExecutor-%d] DEBUG o.s.web.client.RestTemplate - Accept=[application/json, application/yaml, application/*+json]
2026-02-17 23:30:35 [DiscoveryClient-HeartbeatExecutor-%d] DEBUG o.s.web.client.RestTemplate - Response 200 OK
2026-02-17 23:30:35 [DiscoveryClient-CacheRefreshExecutor-%d] DEBUG o.s.web.client.RestTemplate - Response 200 OK
2026-02-17 23:30:35 [DiscoveryClient-CacheRefreshExecutor-%d] DEBUG o.s.web.client.RestTemplate - Reading to [org.springframework.cloud.netflix.eureka.http.EurekaApplications]
2026-02-17 23:31:05 [DiscoveryClient-CacheRefreshExecutor-%d] DEBUG o.s.web.client.RestTemplate - HTTP GET http://localhost:8761/eureka/apps/delta
2026-02-17 23:31:05 [DiscoveryClient-HeartbeatExecutor-%d] DEBUG o.s.web.client.RestTemplate - HTTP PUT http://localhost:8761/eureka/apps/ADMIN-CATALOGUE-SERVICE/LTIN656883.cts.com:admin-catalogue-service:8082?status=UP&lastDirtyTimestamp=1771350695337
2026-02-17 23:31:05 [DiscoveryClient-CacheRefreshExecutor-%d] DEBUG o.s.web.client.RestTemplate - Accept=[application/json, application/yaml, application/*+json]
2026-02-17 23:31:05 [DiscoveryClient-HeartbeatExecutor-%d] DEBUG o.s.web.client.RestTemplate - Accept=[application/json, application/yaml, application/*+json]
2026-02-17 23:31:05 [DiscoveryClient-HeartbeatExecutor-%d] DEBUG o.s.web.client.RestTemplate - Response 200 OK
2026-02-17 23:31:05 [DiscoveryClient-CacheRefreshExecutor-%d] DEBUG o.s.web.client.RestTemplate - Response 200 OK
2026-02-17 23:31:05 [DiscoveryClient-CacheRefreshExecutor-%d] DEBUG o.s.web.client.RestTemplate - Reading to [org.springframework.cloud.netflix.eureka.http.EurekaApplications]
2026-02-17 23:31:34 [AsyncResolver-bootstrap-executor-%d] INFO  c.n.d.s.r.aws.ConfigClusterResolver - Resolving eureka endpoints via configuration
2026-02-17 23:31:35 [DiscoveryClient-CacheRefreshExecutor-%d] DEBUG o.s.web.client.RestTemplate - HTTP GET http://localhost:8761/eureka/apps/delta
2026-02-17 23:31:35 [DiscoveryClient-HeartbeatExecutor-%d] DEBUG o.s.web.client.RestTemplate - HTTP PUT http://localhost:8761/eureka/apps/ADMIN-CATALOGUE-SERVICE/LTIN656883.cts.com:admin-catalogue-service:8082?status=UP&lastDirtyTimestamp=1771350695337
2026-02-17 23:31:35 [DiscoveryClient-HeartbeatExecutor-%d] DEBUG o.s.web.client.RestTemplate - Accept=[application/json, application/yaml, application/*+json]
2026-02-17 23:31:35 [DiscoveryClient-CacheRefreshExecutor-%d] DEBUG o.s.web.client.RestTemplate - Accept=[application/json, application/yaml, application/*+json]
2026-02-17 23:31:35 [DiscoveryClient-CacheRefreshExecutor-%d] DEBUG o.s.web.client.RestTemplate - Response 200 OK
2026-02-17 23:31:35 [DiscoveryClient-HeartbeatExecutor-%d] DEBUG o.s.web.client.RestTemplate - Response 200 OK
2026-02-17 23:31:35 [DiscoveryClient-CacheRefreshExecutor-%d] DEBUG o.s.web.client.RestTemplate - Reading to [org.springframework.cloud.netflix.eureka.http.EurekaApplications]
2026-02-17 23:32:07 [DiscoveryClient-HeartbeatExecutor-%d] DEBUG o.s.web.client.RestTemplate - HTTP PUT http://localhost:8761/eureka/apps/ADMIN-CATALOGUE-SERVICE/LTIN656883.cts.com:admin-catalogue-service:8082?status=UP&lastDirtyTimestamp=1771350695337
2026-02-17 23:32:07 [DiscoveryClient-HeartbeatExecutor-%d] DEBUG o.s.web.client.RestTemplate - Accept=[application/json, application/yaml, application/*+json]
2026-02-17 23:32:07 [DiscoveryClient-CacheRefreshExecutor-%d] DEBUG o.s.web.client.RestTemplate - HTTP GET http://localhost:8761/eureka/apps/delta
2026-02-17 23:32:07 [DiscoveryClient-HeartbeatExecutor-%d] DEBUG o.s.web.client.RestTemplate - Response 200 OK
2026-02-17 23:32:07 [DiscoveryClient-CacheRefreshExecutor-%d] DEBUG o.s.web.client.RestTemplate - Accept=[application/json, application/yaml, application/*+json]
2026-02-17 23:32:07 [DiscoveryClient-CacheRefreshExecutor-%d] DEBUG o.s.web.client.RestTemplate - Response 200 OK
2026-02-17 23:32:07 [DiscoveryClient-CacheRefreshExecutor-%d] DEBUG o.s.web.client.RestTemplate - Reading to [org.springframework.cloud.netflix.eureka.http.EurekaApplications]
2026-02-17 23:32:37 [DiscoveryClient-HeartbeatExecutor-%d] DEBUG o.s.web.client.RestTemplate - HTTP PUT http://localhost:8761/eureka/apps/ADMIN-CATALOGUE-SERVICE/LTIN656883.cts.com:admin-catalogue-service:8082?status=UP&lastDirtyTimestamp=1771350695337
2026-02-17 23:32:37 [DiscoveryClient-HeartbeatExecutor-%d] DEBUG o.s.web.client.RestTemplate - Accept=[application/json, application/yaml, application/*+json]
2026-02-17 23:32:37 [DiscoveryClient-CacheRefreshExecutor-%d] DEBUG o.s.web.client.RestTemplate - HTTP GET http://localhost:8761/eureka/apps/delta
2026-02-17 23:32:37 [DiscoveryClient-CacheRefreshExecutor-%d] DEBUG o.s.web.client.RestTemplate - Accept=[application/json, application/yaml, application/*+json]
2026-02-17 23:32:37 [DiscoveryClient-HeartbeatExecutor-%d] DEBUG o.s.web.client.RestTemplate - Response 200 OK
2026-02-17 23:32:37 [DiscoveryClient-CacheRefreshExecutor-%d] DEBUG o.s.web.client.RestTemplate - Response 200 OK
2026-02-17 23:32:37 [DiscoveryClient-CacheRefreshExecutor-%d] DEBUG o.s.web.client.RestTemplate - Reading to [org.springframework.cloud.netflix.eureka.http.EurekaApplications]
2026-02-17 23:33:07 [DiscoveryClient-HeartbeatExecutor-%d] DEBUG o.s.web.client.RestTemplate - HTTP PUT http://localhost:8761/eureka/apps/ADMIN-CATALOGUE-SERVICE/LTIN656883.cts.com:admin-catalogue-service:8082?status=UP&lastDirtyTimestamp=1771350695337
2026-02-17 23:33:07 [DiscoveryClient-HeartbeatExecutor-%d] DEBUG o.s.web.client.RestTemplate - Accept=[application/json, application/yaml, application/*+json]
2026-02-17 23:33:07 [DiscoveryClient-CacheRefreshExecutor-%d] DEBUG o.s.web.client.RestTemplate - HTTP GET http://localhost:8761/eureka/apps/delta
2026-02-17 23:33:07 [DiscoveryClient-CacheRefreshExecutor-%d] DEBUG o.s.web.client.RestTemplate - Accept=[application/json, application/yaml, application/*+json]
2026-02-17 23:33:07 [DiscoveryClient-HeartbeatExecutor-%d] DEBUG o.s.web.client.RestTemplate - Response 200 OK
2026-02-17 23:33:07 [DiscoveryClient-CacheRefreshExecutor-%d] DEBUG o.s.web.client.RestTemplate - Response 200 OK
2026-02-17 23:33:07 [DiscoveryClient-CacheRefreshExecutor-%d] DEBUG o.s.web.client.RestTemplate - Reading to [org.springframework.cloud.netflix.eureka.http.EurekaApplications]
2026-02-17 23:33:37 [DiscoveryClient-HeartbeatExecutor-%d] DEBUG o.s.web.client.RestTemplate - HTTP PUT http://localhost:8761/eureka/apps/ADMIN-CATALOGUE-SERVICE/LTIN656883.cts.com:admin-catalogue-service:8082?status=UP&lastDirtyTimestamp=1771350695337
2026-02-17 23:33:37 [DiscoveryClient-HeartbeatExecutor-%d] DEBUG o.s.web.client.RestTemplate - Accept=[application/json, application/yaml, application/*+json]
2026-02-17 23:33:37 [DiscoveryClient-CacheRefreshExecutor-%d] DEBUG o.s.web.client.RestTemplate - HTTP GET http://localhost:8761/eureka/apps/delta
2026-02-17 23:33:37 [DiscoveryClient-CacheRefreshExecutor-%d] DEBUG o.s.web.client.RestTemplate - Accept=[application/json, application/yaml, application/*+json]
2026-02-17 23:33:37 [DiscoveryClient-HeartbeatExecutor-%d] DEBUG o.s.web.client.RestTemplate - Response 200 OK
2026-02-17 23:33:37 [DiscoveryClient-CacheRefreshExecutor-%d] DEBUG o.s.web.client.RestTemplate - Response 200 OK
2026-02-17 23:33:37 [DiscoveryClient-CacheRefreshExecutor-%d] DEBUG o.s.web.client.RestTemplate - Reading to [org.springframework.cloud.netflix.eureka.http.EurekaApplications]
2026-02-17 23:51:49 [DiscoveryClient-CacheRefreshExecutor-%d] DEBUG o.s.web.client.RestTemplate - HTTP GET http://localhost:8761/eureka/apps/delta
2026-02-17 23:51:49 [DiscoveryClient-CacheRefreshExecutor-%d] DEBUG o.s.web.client.RestTemplate - Accept=[application/json, application/yaml, application/*+json]
2026-02-17 23:51:49 [DiscoveryClient-HeartbeatExecutor-%d] DEBUG o.s.web.client.RestTemplate - HTTP PUT http://localhost:8761/eureka/apps/ADMIN-CATALOGUE-SERVICE/LTIN656883.cts.com:admin-catalogue-service:8082?status=UP&lastDirtyTimestamp=1771350695337
2026-02-17 23:51:49 [DiscoveryClient-CacheRefreshExecutor-%d] DEBUG o.s.web.client.RestTemplate - Response 200 OK
2026-02-17 23:51:50 [DiscoveryClient-HeartbeatExecutor-%d] DEBUG o.s.web.client.RestTemplate - Accept=[application/json, application/yaml, application/*+json]
2026-02-17 23:51:50 [DiscoveryClient-CacheRefreshExecutor-%d] DEBUG o.s.web.client.RestTemplate - Reading to [org.springframework.cloud.netflix.eureka.http.EurekaApplications]
2026-02-17 23:51:50 [DiscoveryClient-HeartbeatExecutor-%d] DEBUG o.s.web.client.RestTemplate - Response 200 OK
2026-02-17 23:52:12 [HikariPool-1 housekeeper] WARN  com.zaxxer.hikari.pool.HikariPool - HikariPool-1 - Thread starvation or clock leap detected (housekeeper delta=18m12s614ms491µs).
2026-02-17 23:52:20 [DiscoveryClient-CacheRefreshExecutor-%d] DEBUG o.s.web.client.RestTemplate - HTTP GET http://localhost:8761/eureka/apps/delta
2026-02-17 23:52:20 [DiscoveryClient-HeartbeatExecutor-%d] DEBUG o.s.web.client.RestTemplate - HTTP PUT http://localhost:8761/eureka/apps/ADMIN-CATALOGUE-SERVICE/LTIN656883.cts.com:admin-catalogue-service:8082?status=UP&lastDirtyTimestamp=1771350695337
2026-02-17 23:52:20 [DiscoveryClient-HeartbeatExecutor-%d] DEBUG o.s.web.client.RestTemplate - Accept=[application/json, application/yaml, application/*+json]
2026-02-17 23:52:20 [DiscoveryClient-CacheRefreshExecutor-%d] DEBUG o.s.web.client.RestTemplate - Accept=[application/json, application/yaml, application/*+json]
2026-02-17 23:52:20 [DiscoveryClient-HeartbeatExecutor-%d] DEBUG o.s.web.client.RestTemplate - Response 200 OK
2026-02-17 23:52:20 [DiscoveryClient-CacheRefreshExecutor-%d] DEBUG o.s.web.client.RestTemplate - Response 200 OK
2026-02-17 23:52:20 [DiscoveryClient-CacheRefreshExecutor-%d] DEBUG o.s.web.client.RestTemplate - Reading to [org.springframework.cloud.netflix.eureka.http.EurekaApplications]
2026-02-17 23:52:50 [DiscoveryClient-CacheRefreshExecutor-%d] DEBUG o.s.web.client.RestTemplate - HTTP GET http://localhost:8761/eureka/apps/delta
2026-02-17 23:52:50 [DiscoveryClient-HeartbeatExecutor-%d] DEBUG o.s.web.client.RestTemplate - HTTP PUT http://localhost:8761/eureka/apps/ADMIN-CATALOGUE-SERVICE/LTIN656883.cts.com:admin-catalogue-service:8082?status=UP&lastDirtyTimestamp=1771350695337
2026-02-17 23:52:50 [DiscoveryClient-HeartbeatExecutor-%d] DEBUG o.s.web.client.RestTemplate - Accept=[application/json, application/yaml, application/*+json]
2026-02-17 23:52:50 [DiscoveryClient-CacheRefreshExecutor-%d] DEBUG o.s.web.client.RestTemplate - Accept=[application/json, application/yaml, application/*+json]
2026-02-17 23:52:50 [DiscoveryClient-HeartbeatExecutor-%d] DEBUG o.s.web.client.RestTemplate - Response 200 OK
2026-02-17 23:52:50 [DiscoveryClient-CacheRefreshExecutor-%d] DEBUG o.s.web.client.RestTemplate - Response 200 OK
2026-02-17 23:52:50 [DiscoveryClient-CacheRefreshExecutor-%d] DEBUG o.s.web.client.RestTemplate - Reading to [org.springframework.cloud.netflix.eureka.http.EurekaApplications]
2026-02-17 23:53:20 [DiscoveryClient-CacheRefreshExecutor-%d] DEBUG o.s.web.client.RestTemplate - HTTP GET http://localhost:8761/eureka/apps/delta
2026-02-17 23:53:20 [DiscoveryClient-HeartbeatExecutor-%d] DEBUG o.s.web.client.RestTemplate - HTTP PUT http://localhost:8761/eureka/apps/ADMIN-CATALOGUE-SERVICE/LTIN656883.cts.com:admin-catalogue-service:8082?status=UP&lastDirtyTimestamp=1771350695337
2026-02-17 23:53:20 [DiscoveryClient-HeartbeatExecutor-%d] DEBUG o.s.web.client.RestTemplate - Accept=[application/json, application/yaml, application/*+json]
2026-02-17 23:53:20 [DiscoveryClient-CacheRefreshExecutor-%d] DEBUG o.s.web.client.RestTemplate - Accept=[application/json, application/yaml, application/*+json]
2026-02-17 23:53:20 [DiscoveryClient-HeartbeatExecutor-%d] DEBUG o.s.web.client.RestTemplate - Response 200 OK
2026-02-17 23:53:20 [DiscoveryClient-CacheRefreshExecutor-%d] DEBUG o.s.web.client.RestTemplate - Response 200 OK
2026-02-17 23:53:20 [DiscoveryClient-CacheRefreshExecutor-%d] DEBUG o.s.web.client.RestTemplate - Reading to [org.springframework.cloud.netflix.eureka.http.EurekaApplications]
2026-02-17 23:53:50 [DiscoveryClient-HeartbeatExecutor-%d] DEBUG o.s.web.client.RestTemplate - HTTP PUT http://localhost:8761/eureka/apps/ADMIN-CATALOGUE-SERVICE/LTIN656883.cts.com:admin-catalogue-service:8082?status=UP&lastDirtyTimestamp=1771350695337
2026-02-17 23:53:50 [DiscoveryClient-HeartbeatExecutor-%d] DEBUG o.s.web.client.RestTemplate - Accept=[application/json, application/yaml, application/*+json]
2026-02-17 23:53:50 [DiscoveryClient-HeartbeatExecutor-%d] DEBUG o.s.web.client.RestTemplate - Response 200 OK
2026-02-17 23:53:50 [DiscoveryClient-CacheRefreshExecutor-%d] DEBUG o.s.web.client.RestTemplate - HTTP GET http://localhost:8761/eureka/apps/delta
2026-02-17 23:53:50 [DiscoveryClient-CacheRefreshExecutor-%d] DEBUG o.s.web.client.RestTemplate - Accept=[application/json, application/yaml, application/*+json]
2026-02-17 23:53:50 [DiscoveryClient-CacheRefreshExecutor-%d] DEBUG o.s.web.client.RestTemplate - Response 200 OK
2026-02-17 23:53:50 [DiscoveryClient-CacheRefreshExecutor-%d] DEBUG o.s.web.client.RestTemplate - Reading to [org.springframework.cloud.netflix.eureka.http.EurekaApplications]
2026-02-17 23:54:18 [AsyncResolver-bootstrap-executor-%d] INFO  c.n.d.s.r.aws.ConfigClusterResolver - Resolving eureka endpoints via configuration
2026-02-17 23:54:20 [DiscoveryClient-HeartbeatExecutor-%d] DEBUG o.s.web.client.RestTemplate - HTTP PUT http://localhost:8761/eureka/apps/ADMIN-CATALOGUE-SERVICE/LTIN656883.cts.com:admin-catalogue-service:8082?status=UP&lastDirtyTimestamp=1771350695337
2026-02-17 23:54:20 [DiscoveryClient-HeartbeatExecutor-%d] DEBUG o.s.web.client.RestTemplate - Accept=[application/json, application/yaml, application/*+json]
2026-02-17 23:54:20 [DiscoveryClient-HeartbeatExecutor-%d] DEBUG o.s.web.client.RestTemplate - Response 200 OK
2026-02-17 23:54:20 [DiscoveryClient-CacheRefreshExecutor-%d] DEBUG o.s.web.client.RestTemplate - HTTP GET http://localhost:8761/eureka/apps/delta
2026-02-17 23:54:20 [DiscoveryClient-CacheRefreshExecutor-%d] DEBUG o.s.web.client.RestTemplate - Accept=[application/json, application/yaml, application/*+json]
2026-02-17 23:54:20 [DiscoveryClient-CacheRefreshExecutor-%d] DEBUG o.s.web.client.RestTemplate - Response 200 OK
2026-02-17 23:54:20 [DiscoveryClient-CacheRefreshExecutor-%d] DEBUG o.s.web.client.RestTemplate - Reading to [org.springframework.cloud.netflix.eureka.http.EurekaApplications]
2026-02-17 23:54:50 [DiscoveryClient-HeartbeatExecutor-%d] DEBUG o.s.web.client.RestTemplate - HTTP PUT http://localhost:8761/eureka/apps/ADMIN-CATALOGUE-SERVICE/LTIN656883.cts.com:admin-catalogue-service:8082?status=UP&lastDirtyTimestamp=1771350695337
2026-02-17 23:54:50 [DiscoveryClient-HeartbeatExecutor-%d] DEBUG o.s.web.client.RestTemplate - Accept=[application/json, application/yaml, application/*+json]
2026-02-17 23:54:50 [DiscoveryClient-CacheRefreshExecutor-%d] DEBUG o.s.web.client.RestTemplate - HTTP GET http://localhost:8761/eureka/apps/delta
2026-02-17 23:54:50 [DiscoveryClient-CacheRefreshExecutor-%d] DEBUG o.s.web.client.RestTemplate - Accept=[application/json, application/yaml, application/*+json]
2026-02-17 23:54:50 [DiscoveryClient-HeartbeatExecutor-%d] DEBUG o.s.web.client.RestTemplate - Response 200 OK
2026-02-17 23:54:50 [DiscoveryClient-CacheRefreshExecutor-%d] DEBUG o.s.web.client.RestTemplate - Response 200 OK
2026-02-17 23:54:50 [DiscoveryClient-CacheRefreshExecutor-%d] DEBUG o.s.web.client.RestTemplate - Reading to [org.springframework.cloud.netflix.eureka.http.EurekaApplications]
2026-02-17 23:55:14 [http-nio-8082-exec-3] DEBUG c.m.a.config.JwtAuthenticationFilter - ════════════════════════════════════════════════════════════════
2026-02-17 23:55:14 [http-nio-8082-exec-3] DEBUG c.m.a.config.JwtAuthenticationFilter - 📍 [JWT FILTER] START
2026-02-17 23:55:14 [http-nio-8082-exec-3] DEBUG c.m.a.config.JwtAuthenticationFilter - METHOD: GET | URI: /medicines
2026-02-17 23:55:14 [http-nio-8082-exec-3] DEBUG c.m.a.config.JwtAuthenticationFilter - Remote Address: 127.0.0.1
2026-02-17 23:55:14 [http-nio-8082-exec-3] DEBUG c.m.a.config.JwtAuthenticationFilter - ════════════════════════════════════════════════════════════════
2026-02-17 23:55:14 [http-nio-8082-exec-3] DEBUG c.m.a.config.JwtAuthenticationFilter - 🔍 [JWT FILTER] Reading Authorization header
2026-02-17 23:55:14 [http-nio-8082-exec-3] DEBUG c.m.a.config.JwtAuthenticationFilter - 📋 Header value: NULL
2026-02-17 23:55:14 [http-nio-8082-exec-3] WARN  c.m.a.config.JwtAuthenticationFilter - ⚠️  [JWT FILTER] Authorization header is NULL
2026-02-17 23:55:14 [http-nio-8082-exec-3] DEBUG c.m.a.config.JwtAuthenticationFilter - → Passing request to next filter WITHOUT authentication
2026-02-17 23:55:14 [http-nio-8082-exec-3] DEBUG o.s.web.servlet.DispatcherServlet - GET "/medicines", parameters={}
2026-02-17 23:55:14 [http-nio-8082-exec-3] DEBUG o.s.w.s.m.m.a.RequestMappingHandlerMapping - Mapped to com.medicart.admin.controller.MedicineController#getAllMedicines(int, int)
2026-02-17 23:55:14 [http-nio-8082-exec-3] INFO  c.m.admin.service.MedicineService - 📚 Fetching all medicines...
2026-02-17 23:55:14 [http-nio-8082-exec-3] INFO  c.m.admin.service.MedicineService - ✅ Returning 14 medicines
2026-02-17 23:55:14 [http-nio-8082-exec-3] DEBUG o.s.w.s.m.m.a.HttpEntityMethodProcessor - Using 'application/json', given [*/*] and supported [application/json, application/*+json, application/yaml]
2026-02-17 23:55:14 [http-nio-8082-exec-3] DEBUG o.s.w.s.m.m.a.HttpEntityMethodProcessor - Writing [[MedicineDTO(id=1, name=Paracetamol, category=Tablet, price=12.0, sku=PCM, requiresRx=true, descript (truncated)...]
2026-02-17 23:55:14 [http-nio-8082-exec-3] DEBUG o.s.web.servlet.DispatcherServlet - Completed 200 OK
2026-02-17 23:55:20 [DiscoveryClient-HeartbeatExecutor-%d] DEBUG o.s.web.client.RestTemplate - HTTP PUT http://localhost:8761/eureka/apps/ADMIN-CATALOGUE-SERVICE/LTIN656883.cts.com:admin-catalogue-service:8082?status=UP&lastDirtyTimestamp=1771350695337
2026-02-17 23:55:20 [DiscoveryClient-HeartbeatExecutor-%d] DEBUG o.s.web.client.RestTemplate - Accept=[application/json, application/yaml, application/*+json]
2026-02-17 23:55:20 [DiscoveryClient-CacheRefreshExecutor-%d] DEBUG o.s.web.client.RestTemplate - HTTP GET http://localhost:8761/eureka/apps/delta
2026-02-17 23:55:20 [DiscoveryClient-CacheRefreshExecutor-%d] DEBUG o.s.web.client.RestTemplate - Accept=[application/json, application/yaml, application/*+json]
2026-02-17 23:55:20 [DiscoveryClient-HeartbeatExecutor-%d] DEBUG o.s.web.client.RestTemplate - Response 200 OK
2026-02-17 23:55:20 [DiscoveryClient-CacheRefreshExecutor-%d] DEBUG o.s.web.client.RestTemplate - Response 200 OK
2026-02-17 23:55:20 [DiscoveryClient-CacheRefreshExecutor-%d] DEBUG o.s.web.client.RestTemplate - Reading to [org.springframework.cloud.netflix.eureka.http.EurekaApplications]
2026-02-17 23:55:50 [DiscoveryClient-HeartbeatExecutor-%d] DEBUG o.s.web.client.RestTemplate - HTTP PUT http://localhost:8761/eureka/apps/ADMIN-CATALOGUE-SERVICE/LTIN656883.cts.com:admin-catalogue-service:8082?status=UP&lastDirtyTimestamp=1771350695337
2026-02-17 23:55:50 [DiscoveryClient-HeartbeatExecutor-%d] DEBUG o.s.web.client.RestTemplate - Accept=[application/json, application/yaml, application/*+json]
2026-02-17 23:55:50 [DiscoveryClient-CacheRefreshExecutor-%d] DEBUG o.s.web.client.RestTemplate - HTTP GET http://localhost:8761/eureka/apps/delta
2026-02-17 23:55:50 [DiscoveryClient-CacheRefreshExecutor-%d] DEBUG o.s.web.client.RestTemplate - Accept=[application/json, application/yaml, application/*+json]
2026-02-17 23:55:50 [DiscoveryClient-HeartbeatExecutor-%d] DEBUG o.s.web.client.RestTemplate - Response 200 OK
2026-02-17 23:55:50 [DiscoveryClient-CacheRefreshExecutor-%d] DEBUG o.s.web.client.RestTemplate - Response 200 OK
2026-02-17 23:55:50 [DiscoveryClient-CacheRefreshExecutor-%d] DEBUG o.s.web.client.RestTemplate - Reading to [org.springframework.cloud.netflix.eureka.http.EurekaApplications]
2026-02-17 23:56:20 [DiscoveryClient-HeartbeatExecutor-%d] DEBUG o.s.web.client.RestTemplate - HTTP PUT http://localhost:8761/eureka/apps/ADMIN-CATALOGUE-SERVICE/LTIN656883.cts.com:admin-catalogue-service:8082?status=UP&lastDirtyTimestamp=1771350695337
2026-02-17 23:56:20 [DiscoveryClient-HeartbeatExecutor-%d] DEBUG o.s.web.client.RestTemplate - Accept=[application/json, application/yaml, application/*+json]
2026-02-17 23:56:20 [DiscoveryClient-CacheRefreshExecutor-%d] DEBUG o.s.web.client.RestTemplate - HTTP GET http://localhost:8761/eureka/apps/delta
2026-02-17 23:56:20 [DiscoveryClient-HeartbeatExecutor-%d] DEBUG o.s.web.client.RestTemplate - Response 200 OK
2026-02-17 23:56:20 [DiscoveryClient-CacheRefreshExecutor-%d] DEBUG o.s.web.client.RestTemplate - Accept=[application/json, application/yaml, application/*+json]
2026-02-17 23:56:20 [DiscoveryClient-CacheRefreshExecutor-%d] DEBUG o.s.web.client.RestTemplate - Response 200 OK
2026-02-17 23:56:20 [DiscoveryClient-CacheRefreshExecutor-%d] DEBUG o.s.web.client.RestTemplate - Reading to [org.springframework.cloud.netflix.eureka.http.EurekaApplications]
2026-02-17 23:56:50 [DiscoveryClient-HeartbeatExecutor-%d] DEBUG o.s.web.client.RestTemplate - HTTP PUT http://localhost:8761/eureka/apps/ADMIN-CATALOGUE-SERVICE/LTIN656883.cts.com:admin-catalogue-service:8082?status=UP&lastDirtyTimestamp=1771350695337
2026-02-17 23:56:50 [DiscoveryClient-HeartbeatExecutor-%d] DEBUG o.s.web.client.RestTemplate - Accept=[application/json, application/yaml, application/*+json]
2026-02-17 23:56:50 [DiscoveryClient-CacheRefreshExecutor-%d] DEBUG o.s.web.client.RestTemplate - HTTP GET http://localhost:8761/eureka/apps/delta
2026-02-17 23:56:50 [DiscoveryClient-CacheRefreshExecutor-%d] DEBUG o.s.web.client.RestTemplate - Accept=[application/json, application/yaml, application/*+json]
2026-02-17 23:56:50 [DiscoveryClient-HeartbeatExecutor-%d] DEBUG o.s.web.client.RestTemplate - Response 200 OK
2026-02-17 23:56:50 [DiscoveryClient-CacheRefreshExecutor-%d] DEBUG o.s.web.client.RestTemplate - Response 200 OK
2026-02-17 23:56:50 [DiscoveryClient-CacheRefreshExecutor-%d] DEBUG o.s.web.client.RestTemplate - Reading to [org.springframework.cloud.netflix.eureka.http.EurekaApplications]
2026-02-17 23:57:20 [DiscoveryClient-HeartbeatExecutor-%d] DEBUG o.s.web.client.RestTemplate - HTTP PUT http://localhost:8761/eureka/apps/ADMIN-CATALOGUE-SERVICE/LTIN656883.cts.com:admin-catalogue-service:8082?status=UP&lastDirtyTimestamp=1771350695337
2026-02-17 23:57:20 [DiscoveryClient-HeartbeatExecutor-%d] DEBUG o.s.web.client.RestTemplate - Accept=[application/json, application/yaml, application/*+json]
2026-02-17 23:57:20 [DiscoveryClient-CacheRefreshExecutor-%d] DEBUG o.s.web.client.RestTemplate - HTTP GET http://localhost:8761/eureka/apps/delta
2026-02-17 23:57:20 [DiscoveryClient-CacheRefreshExecutor-%d] DEBUG o.s.web.client.RestTemplate - Accept=[application/json, application/yaml, application/*+json]
2026-02-17 23:57:20 [DiscoveryClient-HeartbeatExecutor-%d] DEBUG o.s.web.client.RestTemplate - Response 200 OK
2026-02-17 23:57:20 [DiscoveryClient-CacheRefreshExecutor-%d] DEBUG o.s.web.client.RestTemplate - Response 200 OK
2026-02-17 23:57:20 [DiscoveryClient-CacheRefreshExecutor-%d] DEBUG o.s.web.client.RestTemplate - Reading to [org.springframework.cloud.netflix.eureka.http.EurekaApplications]
2026-02-17 23:57:50 [DiscoveryClient-HeartbeatExecutor-%d] DEBUG o.s.web.client.RestTemplate - HTTP PUT http://localhost:8761/eureka/apps/ADMIN-CATALOGUE-SERVICE/LTIN656883.cts.com:admin-catalogue-service:8082?status=UP&lastDirtyTimestamp=1771350695337
2026-02-17 23:57:50 [DiscoveryClient-HeartbeatExecutor-%d] DEBUG o.s.web.client.RestTemplate - Accept=[application/json, application/yaml, application/*+json]
2026-02-17 23:57:50 [DiscoveryClient-HeartbeatExecutor-%d] DEBUG o.s.web.client.RestTemplate - Response 200 OK
2026-02-17 23:57:50 [DiscoveryClient-CacheRefreshExecutor-%d] DEBUG o.s.web.client.RestTemplate - HTTP GET http://localhost:8761/eureka/apps/delta
2026-02-17 23:57:50 [DiscoveryClient-CacheRefreshExecutor-%d] DEBUG o.s.web.client.RestTemplate - Accept=[application/json, application/yaml, application/*+json]
2026-02-17 23:57:50 [DiscoveryClient-CacheRefreshExecutor-%d] DEBUG o.s.web.client.RestTemplate - Response 200 OK
2026-02-17 23:57:50 [DiscoveryClient-CacheRefreshExecutor-%d] DEBUG o.s.web.client.RestTemplate - Reading to [org.springframework.cloud.netflix.eureka.http.EurekaApplications]
2026-02-17 23:58:20 [DiscoveryClient-HeartbeatExecutor-%d] DEBUG o.s.web.client.RestTemplate - HTTP PUT http://localhost:8761/eureka/apps/ADMIN-CATALOGUE-SERVICE/LTIN656883.cts.com:admin-catalogue-service:8082?status=UP&lastDirtyTimestamp=1771350695337
2026-02-17 23:58:20 [DiscoveryClient-HeartbeatExecutor-%d] DEBUG o.s.web.client.RestTemplate - Accept=[application/json, application/yaml, application/*+json]
2026-02-17 23:58:20 [DiscoveryClient-CacheRefreshExecutor-%d] DEBUG o.s.web.client.RestTemplate - HTTP GET http://localhost:8761/eureka/apps/delta
2026-02-17 23:58:20 [DiscoveryClient-CacheRefreshExecutor-%d] DEBUG o.s.web.client.RestTemplate - Accept=[application/json, application/yaml, application/*+json]
2026-02-17 23:58:20 [DiscoveryClient-HeartbeatExecutor-%d] DEBUG o.s.web.client.RestTemplate - Response 200 OK
2026-02-17 23:58:20 [DiscoveryClient-CacheRefreshExecutor-%d] DEBUG o.s.web.client.RestTemplate - Response 200 OK
2026-02-17 23:58:20 [DiscoveryClient-CacheRefreshExecutor-%d] DEBUG o.s.web.client.RestTemplate - Reading to [org.springframework.cloud.netflix.eureka.http.EurekaApplications]
2026-02-17 23:58:50 [DiscoveryClient-HeartbeatExecutor-%d] DEBUG o.s.web.client.RestTemplate - HTTP PUT http://localhost:8761/eureka/apps/ADMIN-CATALOGUE-SERVICE/LTIN656883.cts.com:admin-catalogue-service:8082?status=UP&lastDirtyTimestamp=1771350695337
2026-02-17 23:58:50 [DiscoveryClient-HeartbeatExecutor-%d] DEBUG o.s.web.client.RestTemplate - Accept=[application/json, application/yaml, application/*+json]
2026-02-17 23:58:50 [DiscoveryClient-CacheRefreshExecutor-%d] DEBUG o.s.web.client.RestTemplate - HTTP GET http://localhost:8761/eureka/apps/delta
2026-02-17 23:58:50 [DiscoveryClient-CacheRefreshExecutor-%d] DEBUG o.s.web.client.RestTemplate - Accept=[application/json, application/yaml, application/*+json]
2026-02-17 23:58:50 [DiscoveryClient-CacheRefreshExecutor-%d] DEBUG o.s.web.client.RestTemplate - Response 200 OK
2026-02-17 23:58:50 [DiscoveryClient-HeartbeatExecutor-%d] DEBUG o.s.web.client.RestTemplate - Response 200 OK
2026-02-17 23:58:50 [DiscoveryClient-CacheRefreshExecutor-%d] DEBUG o.s.web.client.RestTemplate - Reading to [org.springframework.cloud.netflix.eureka.http.EurekaApplications]
2026-02-17 23:59:18 [AsyncResolver-bootstrap-executor-%d] INFO  c.n.d.s.r.aws.ConfigClusterResolver - Resolving eureka endpoints via configuration
2026-02-17 23:59:20 [DiscoveryClient-HeartbeatExecutor-%d] DEBUG o.s.web.client.RestTemplate - HTTP PUT http://localhost:8761/eureka/apps/ADMIN-CATALOGUE-SERVICE/LTIN656883.cts.com:admin-catalogue-service:8082?status=UP&lastDirtyTimestamp=1771350695337
2026-02-17 23:59:20 [DiscoveryClient-CacheRefreshExecutor-%d] DEBUG o.s.web.client.RestTemplate - HTTP GET http://localhost:8761/eureka/apps/delta
2026-02-17 23:59:20 [DiscoveryClient-CacheRefreshExecutor-%d] DEBUG o.s.web.client.RestTemplate - Accept=[application/json, application/yaml, application/*+json]
2026-02-17 23:59:20 [DiscoveryClient-HeartbeatExecutor-%d] DEBUG o.s.web.client.RestTemplate - Accept=[application/json, application/yaml, application/*+json]
2026-02-17 23:59:20 [DiscoveryClient-HeartbeatExecutor-%d] DEBUG o.s.web.client.RestTemplate - Response 200 OK
2026-02-17 23:59:20 [DiscoveryClient-CacheRefreshExecutor-%d] DEBUG o.s.web.client.RestTemplate - Response 200 OK
2026-02-17 23:59:20 [DiscoveryClient-CacheRefreshExecutor-%d] DEBUG o.s.web.client.RestTemplate - Reading to [org.springframework.cloud.netflix.eureka.http.EurekaApplications]
2026-02-17 23:59:39 [http-nio-8082-exec-4] DEBUG c.m.a.config.JwtAuthenticationFilter - ════════════════════════════════════════════════════════════════
2026-02-17 23:59:39 [http-nio-8082-exec-4] DEBUG c.m.a.config.JwtAuthenticationFilter - 📍 [JWT FILTER] START
2026-02-17 23:59:39 [http-nio-8082-exec-4] DEBUG c.m.a.config.JwtAuthenticationFilter - METHOD: GET | URI: /medicines
2026-02-17 23:59:39 [http-nio-8082-exec-4] DEBUG c.m.a.config.JwtAuthenticationFilter - Remote Address: 127.0.0.1
2026-02-17 23:59:39 [http-nio-8082-exec-4] DEBUG c.m.a.config.JwtAuthenticationFilter - ════════════════════════════════════════════════════════════════
2026-02-17 23:59:39 [http-nio-8082-exec-4] DEBUG c.m.a.config.JwtAuthenticationFilter - 🔍 [JWT FILTER] Reading Authorization header
2026-02-17 23:59:39 [http-nio-8082-exec-4] DEBUG c.m.a.config.JwtAuthenticationFilter - 📋 Header value: NULL
2026-02-17 23:59:39 [http-nio-8082-exec-4] WARN  c.m.a.config.JwtAuthenticationFilter - ⚠️  [JWT FILTER] Authorization header is NULL
2026-02-17 23:59:39 [http-nio-8082-exec-4] DEBUG c.m.a.config.JwtAuthenticationFilter - → Passing request to next filter WITHOUT authentication
2026-02-17 23:59:39 [http-nio-8082-exec-4] DEBUG o.s.web.servlet.DispatcherServlet - GET "/medicines", parameters={}
2026-02-17 23:59:39 [http-nio-8082-exec-4] DEBUG o.s.w.s.m.m.a.RequestMappingHandlerMapping - Mapped to com.medicart.admin.controller.MedicineController#getAllMedicines(int, int)
2026-02-17 23:59:39 [http-nio-8082-exec-4] INFO  c.m.admin.service.MedicineService - 📚 Fetching all medicines...
2026-02-17 23:59:39 [http-nio-8082-exec-4] INFO  c.m.admin.service.MedicineService - ✅ Returning 14 medicines
2026-02-17 23:59:39 [http-nio-8082-exec-4] DEBUG o.s.w.s.m.m.a.HttpEntityMethodProcessor - Using 'application/json', given [*/*] and supported [application/json, application/*+json, application/yaml]
2026-02-17 23:59:39 [http-nio-8082-exec-4] DEBUG o.s.w.s.m.m.a.HttpEntityMethodProcessor - Writing [[MedicineDTO(id=1, name=Paracetamol, category=Tablet, price=12.0, sku=PCM, requiresRx=true, descript (truncated)...]
2026-02-17 23:59:39 [http-nio-8082-exec-4] DEBUG o.s.web.servlet.DispatcherServlet - Completed 200 OK
2026-02-17 23:59:50 [DiscoveryClient-CacheRefreshExecutor-%d] DEBUG o.s.web.client.RestTemplate - HTTP GET http://localhost:8761/eureka/apps/delta
2026-02-17 23:59:50 [DiscoveryClient-HeartbeatExecutor-%d] DEBUG o.s.web.client.RestTemplate - HTTP PUT http://localhost:8761/eureka/apps/ADMIN-CATALOGUE-SERVICE/LTIN656883.cts.com:admin-catalogue-service:8082?status=UP&lastDirtyTimestamp=1771350695337
2026-02-17 23:59:50 [DiscoveryClient-CacheRefreshExecutor-%d] DEBUG o.s.web.client.RestTemplate - Accept=[application/json, application/yaml, application/*+json]
2026-02-17 23:59:50 [DiscoveryClient-HeartbeatExecutor-%d] DEBUG o.s.web.client.RestTemplate - Accept=[application/json, application/yaml, application/*+json]
2026-02-17 23:59:50 [DiscoveryClient-HeartbeatExecutor-%d] DEBUG o.s.web.client.RestTemplate - Response 200 OK
2026-02-17 23:59:50 [DiscoveryClient-CacheRefreshExecutor-%d] DEBUG o.s.web.client.RestTemplate - Response 200 OK
2026-02-17 23:59:50 [DiscoveryClient-CacheRefreshExecutor-%d] DEBUG o.s.web.client.RestTemplate - Reading to [org.springframework.cloud.netflix.eureka.http.EurekaApplications]
