2026-02-17 22:53:38 [background-preinit] INFO  o.h.validator.internal.util.Version - HV000001: Hibernate Validator 8.0.2.Final
2026-02-17 22:53:38 [main] INFO  c.m.auth.AuthServiceApplication - Starting AuthServiceApplication using Java 21.0.6 with PID 17788 (C:\Users\2460680\Downloads\Medicart full stack\Medicart full stack\microservices\auth-service\target\classes started by 2460680 in C:\Users\2460680\Downloads\Medicart full stack\Medicart full stack)
2026-02-17 22:53:38 [main] DEBUG c.m.auth.AuthServiceApplication - Running with Spring Boot v3.4.2, Spring v6.2.2
2026-02-17 22:53:38 [main] INFO  c.m.auth.AuthServiceApplication - The following 1 profile is active: "dev"
2026-02-17 22:53:42 [main] INFO  o.s.d.r.c.RepositoryConfigurationDelegate - Bootstrapping Spring Data JPA repositories in DEFAULT mode.
2026-02-17 22:53:42 [main] INFO  o.s.d.r.c.RepositoryConfigurationDelegate - Finished Spring Data repository scanning in 437 ms. Found 2 JPA repository interfaces.
2026-02-17 22:53:43 [main] INFO  o.s.cloud.context.scope.GenericScope - BeanFactory id=193c5db6-45af-3b98-a341-2e46375129a6
2026-02-17 22:53:44 [main] INFO  o.s.b.w.e.tomcat.TomcatWebServer - Tomcat initialized with port 8081 (http)
2026-02-17 22:53:44 [main] INFO  o.a.coyote.http11.Http11NioProtocol - Initializing ProtocolHandler ["http-nio-8081"]
2026-02-17 22:53:44 [main] INFO  o.a.catalina.core.StandardService - Starting service [Tomcat]
2026-02-17 22:53:44 [main] INFO  o.a.catalina.core.StandardEngine - Starting Servlet engine: [Apache Tomcat/10.1.34]
2026-02-17 22:53:44 [main] INFO  o.a.c.c.C.[Tomcat].[localhost].[/] - Initializing Spring embedded WebApplicationContext
2026-02-17 22:53:44 [main] INFO  o.s.b.w.s.c.ServletWebServerApplicationContext - Root WebApplicationContext: initialization completed in 6005 ms
2026-02-17 22:53:45 [main] DEBUG c.m.a.s.JwtAuthenticationFilter - Filter 'jwtAuthenticationFilter' configured for use
2026-02-17 22:53:45 [main] INFO  o.h.jpa.internal.util.LogHelper - HHH000204: Processing PersistenceUnitInfo [name: default]
2026-02-17 22:53:45 [main] INFO  org.hibernate.Version - HHH000412: Hibernate ORM core version 6.6.5.Final
2026-02-17 22:53:45 [main] INFO  o.h.c.i.RegionFactoryInitiator - HHH000026: Second-level cache disabled
2026-02-17 22:53:46 [main] INFO  o.s.o.j.p.SpringPersistenceUnitInfo - No LoadTimeWeaver setup: ignoring JPA class transformer
2026-02-17 22:53:46 [main] INFO  com.zaxxer.hikari.HikariDataSource - HikariPool-1 - Starting...
2026-02-17 22:53:46 [main] INFO  com.zaxxer.hikari.pool.HikariPool - HikariPool-1 - Added connection com.mysql.cj.jdbc.ConnectionImpl@1736273c
2026-02-17 22:53:46 [main] INFO  com.zaxxer.hikari.HikariDataSource - HikariPool-1 - Start completed.
2026-02-17 22:53:46 [main] WARN  org.hibernate.orm.deprecation - HHH90000025: MySQL8Dialect does not need to be specified explicitly using 'hibernate.dialect' (remove the property setting and it will be selected by default)
2026-02-17 22:53:46 [main] WARN  org.hibernate.orm.deprecation - HHH90000026: MySQL8Dialect has been deprecated; use org.hibernate.dialect.MySQLDialect instead
2026-02-17 22:53:47 [main] INFO  o.hibernate.orm.connections.pooling - HHH10001005: Database info:
	Database JDBC URL [Connecting through datasource 'HikariDataSource (HikariPool-1)']
	Database driver: undefined/unknown
	Database version: 8.0
	Autocommit mode: undefined/unknown
	Isolation level: undefined/unknown
	Minimum pool size: undefined/unknown
	Maximum pool size: undefined/unknown
2026-02-17 22:53:48 [main] INFO  o.h.e.t.j.p.i.JtaPlatformInitiator - HHH000489: No JTA platform available (set 'hibernate.transaction.jta.platform' to enable JTA platform integration)
2026-02-17 22:53:49 [main] INFO  o.s.o.j.LocalContainerEntityManagerFactoryBean - Initialized JPA EntityManagerFactory for persistence unit 'default'
2026-02-17 22:53:50 [main] WARN  o.s.b.a.o.j.JpaBaseConfiguration$JpaWebConfiguration - spring.jpa.open-in-view is enabled by default. Therefore, database queries may be performed during view rendering. Explicitly configure spring.jpa.open-in-view to disable this warning
2026-02-17 22:53:50 [main] WARN  o.s.b.a.s.s.UserDetailsServiceAutoConfiguration - 

Using generated security password: 5e51189c-9b20-47b0-885f-36817488c0f3

This generated password is for development use only. Your security configuration must be updated before running your application in production.

2026-02-17 22:53:50 [main] INFO  o.s.s.c.a.a.c.InitializeUserDetailsBeanManagerConfigurer$InitializeUserDetailsManagerConfigurer - Global AuthenticationManager configured with UserDetailsService bean with name inMemoryUserDetailsManager
2026-02-17 22:53:50 [main] DEBUG o.s.w.s.m.m.a.RequestMappingHandlerMapping - 25 mappings in 'requestMappingHandlerMapping'
2026-02-17 22:53:50 [main] DEBUG o.s.w.s.h.SimpleUrlHandlerMapping - Patterns [/webjars/**, /**, /swagger-ui*/*swagger-initializer.js, /swagger-ui*/**] in 'resourceHandlerMapping'
2026-02-17 22:53:51 [main] WARN  o.s.s.c.a.w.c.AuthorizeHttpRequestsConfigurer$AuthorizationManagerRequestMatcherRegistry - One of the patterns in [GET, /auth/me, /api/auth/me] is missing a leading slash. This is discouraged; please include the leading slash in all your request matcher patterns. In future versions of Spring Security, leaving out the leading slash will result in an exception.
2026-02-17 22:53:51 [main] WARN  o.s.s.c.a.w.c.AuthorizeHttpRequestsConfigurer$AuthorizationManagerRequestMatcherRegistry - One of the patterns in [GET, /auth/users, /api/auth/users] is missing a leading slash. This is discouraged; please include the leading slash in all your request matcher patterns. In future versions of Spring Security, leaving out the leading slash will result in an exception.
2026-02-17 22:53:51 [main] WARN  o.s.s.c.a.w.c.AuthorizeHttpRequestsConfigurer$AuthorizationManagerRequestMatcherRegistry - One of the patterns in [GET, /auth/users/**, /api/auth/users/**] is missing a leading slash. This is discouraged; please include the leading slash in all your request matcher patterns. In future versions of Spring Security, leaving out the leading slash will result in an exception.
2026-02-17 22:53:51 [main] WARN  o.s.s.c.a.w.c.AuthorizeHttpRequestsConfigurer$AuthorizationManagerRequestMatcherRegistry - One of the patterns in [PUT, /auth/users/**, /api/auth/users/**] is missing a leading slash. This is discouraged; please include the leading slash in all your request matcher patterns. In future versions of Spring Security, leaving out the leading slash will result in an exception.
2026-02-17 22:53:51 [main] WARN  o.s.s.c.a.w.c.AuthorizeHttpRequestsConfigurer$AuthorizationManagerRequestMatcherRegistry - One of the patterns in [DELETE, /auth/users/**, /api/auth/users/**] is missing a leading slash. This is discouraged; please include the leading slash in all your request matcher patterns. In future versions of Spring Security, leaving out the leading slash will result in an exception.
2026-02-17 22:53:51 [main] DEBUG o.s.s.web.DefaultSecurityFilterChain - Will secure any request with filters: DisableEncodeUrlFilter, WebAsyncManagerIntegrationFilter, SecurityContextHolderFilter, HeaderWriterFilter, LogoutFilter, JwtAuthenticationFilter, RequestCacheAwareFilter, SecurityContextHolderAwareRequestFilter, AnonymousAuthenticationFilter, ExceptionTranslationFilter, AuthorizationFilter
2026-02-17 22:53:51 [main] DEBUG o.s.w.s.m.m.a.RequestMappingHandlerAdapter - ControllerAdvice beans: 0 @ModelAttribute, 0 @InitBinder, 1 RequestBodyAdvice, 1 ResponseBodyAdvice
2026-02-17 22:53:51 [main] DEBUG o.s.w.s.m.m.a.ExceptionHandlerExceptionResolver - ControllerAdvice beans: 2 @ExceptionHandler, 1 ResponseBodyAdvice
2026-02-17 22:53:51 [main] WARN  o.s.s.c.a.web.builders.WebSecurity - You are asking Spring Security to ignore Deferred [Mvc [pattern='/v3/api-docs'], Ant [pattern='/v3/api-docs']]. This is not recommended -- please use permitAll via HttpSecurity#authorizeHttpRequests instead.
2026-02-17 22:53:51 [main] DEBUG o.s.s.web.DefaultSecurityFilterChain - Will not secure Deferred [Mvc [pattern='/v3/api-docs'], Ant [pattern='/v3/api-docs']]
2026-02-17 22:53:51 [main] WARN  o.s.s.c.a.web.builders.WebSecurity - You are asking Spring Security to ignore Deferred [Mvc [pattern='/v3/api-docs/**'], Ant [pattern='/v3/api-docs/**']]. This is not recommended -- please use permitAll via HttpSecurity#authorizeHttpRequests instead.
2026-02-17 22:53:51 [main] DEBUG o.s.s.web.DefaultSecurityFilterChain - Will not secure Deferred [Mvc [pattern='/v3/api-docs/**'], Ant [pattern='/v3/api-docs/**']]
2026-02-17 22:53:51 [main] WARN  o.s.s.c.a.web.builders.WebSecurity - You are asking Spring Security to ignore Deferred [Mvc [pattern='/v3/api-docs.yaml'], Ant [pattern='/v3/api-docs.yaml']]. This is not recommended -- please use permitAll via HttpSecurity#authorizeHttpRequests instead.
2026-02-17 22:53:51 [main] DEBUG o.s.s.web.DefaultSecurityFilterChain - Will not secure Deferred [Mvc [pattern='/v3/api-docs.yaml'], Ant [pattern='/v3/api-docs.yaml']]
2026-02-17 22:53:51 [main] WARN  o.s.s.c.a.web.builders.WebSecurity - You are asking Spring Security to ignore Deferred [Mvc [pattern='/swagger-ui/**'], Ant [pattern='/swagger-ui/**']]. This is not recommended -- please use permitAll via HttpSecurity#authorizeHttpRequests instead.
2026-02-17 22:53:51 [main] DEBUG o.s.s.web.DefaultSecurityFilterChain - Will not secure Deferred [Mvc [pattern='/swagger-ui/**'], Ant [pattern='/swagger-ui/**']]
2026-02-17 22:53:51 [main] WARN  o.s.s.c.a.web.builders.WebSecurity - You are asking Spring Security to ignore Deferred [Mvc [pattern='/swagger-ui.html'], Ant [pattern='/swagger-ui.html']]. This is not recommended -- please use permitAll via HttpSecurity#authorizeHttpRequests instead.
2026-02-17 22:53:51 [main] DEBUG o.s.s.web.DefaultSecurityFilterChain - Will not secure Deferred [Mvc [pattern='/swagger-ui.html'], Ant [pattern='/swagger-ui.html']]
2026-02-17 22:53:51 [main] WARN  o.s.s.c.a.web.builders.WebSecurity - You are asking Spring Security to ignore Deferred [Mvc [pattern='/swagger-resources/**'], Ant [pattern='/swagger-resources/**']]. This is not recommended -- please use permitAll via HttpSecurity#authorizeHttpRequests instead.
2026-02-17 22:53:51 [main] DEBUG o.s.s.web.DefaultSecurityFilterChain - Will not secure Deferred [Mvc [pattern='/swagger-resources/**'], Ant [pattern='/swagger-resources/**']]
2026-02-17 22:53:51 [main] WARN  o.s.s.c.a.web.builders.WebSecurity - You are asking Spring Security to ignore Deferred [Mvc [pattern='/webjars/**'], Ant [pattern='/webjars/**']]. This is not recommended -- please use permitAll via HttpSecurity#authorizeHttpRequests instead.
2026-02-17 22:53:51 [main] DEBUG o.s.s.web.DefaultSecurityFilterChain - Will not secure Deferred [Mvc [pattern='/webjars/**'], Ant [pattern='/webjars/**']]
2026-02-17 22:53:52 [main] INFO  o.s.c.n.e.c.DiscoveryClientOptionalArgsConfiguration - Eureka HTTP Client uses RestTemplate.
2026-02-17 22:53:52 [main] WARN  o.s.c.l.c.LoadBalancerCacheAutoConfiguration$LoadBalancerCaffeineWarnLogger - Spring Cloud LoadBalancer is currently working with the default cache. While this cache implementation is useful for development and tests, it's recommended to use Caffeine cache in production.You can switch to using Caffeine cache, by adding it and org.springframework.cache.caffeine.CaffeineCacheManager to the classpath.
2026-02-17 22:53:52 [main] INFO  o.s.c.n.eureka.InstanceInfoFactory - Setting initial instance status as: STARTING
2026-02-17 22:53:52 [main] INFO  c.netflix.discovery.DiscoveryClient - Initializing Eureka in region us-east-1
2026-02-17 22:53:52 [main] INFO  c.n.d.s.r.aws.ConfigClusterResolver - Resolving eureka endpoints via configuration
2026-02-17 22:53:52 [main] INFO  c.netflix.discovery.DiscoveryClient - Disable delta property : false
2026-02-17 22:53:52 [main] INFO  c.netflix.discovery.DiscoveryClient - Single vip registry refresh property : null
2026-02-17 22:53:52 [main] INFO  c.netflix.discovery.DiscoveryClient - Force full registry fetch : false
2026-02-17 22:53:52 [main] INFO  c.netflix.discovery.DiscoveryClient - Application is null : false
2026-02-17 22:53:52 [main] INFO  c.netflix.discovery.DiscoveryClient - Registered Applications size is zero : true
2026-02-17 22:53:52 [main] INFO  c.netflix.discovery.DiscoveryClient - Application version is -1: true
2026-02-17 22:53:52 [main] INFO  c.netflix.discovery.DiscoveryClient - Getting all instance registry info from the eureka server
2026-02-17 22:53:52 [main] DEBUG o.s.web.client.RestTemplate - HTTP GET http://localhost:8761/eureka/apps/
2026-02-17 22:53:52 [main] DEBUG o.s.web.client.RestTemplate - Accept=[application/json, application/yaml, application/*+json]
2026-02-17 22:53:52 [main] DEBUG o.s.web.client.RestTemplate - Response 200 OK
2026-02-17 22:53:52 [main] DEBUG o.s.web.client.RestTemplate - Reading to [org.springframework.cloud.netflix.eureka.http.EurekaApplications]
2026-02-17 22:53:52 [main] INFO  c.netflix.discovery.DiscoveryClient - The response status is 200
2026-02-17 22:53:52 [main] INFO  c.netflix.discovery.DiscoveryClient - Starting heartbeat executor: renew interval is: 30
2026-02-17 22:53:52 [main] INFO  c.n.discovery.InstanceInfoReplicator - InstanceInfoReplicator onDemand update allowed rate per min is 4
2026-02-17 22:53:52 [main] INFO  c.netflix.discovery.DiscoveryClient - Discovery Client initialized at timestamp 1771349032995 with initial instances count: 1
2026-02-17 22:53:53 [main] INFO  o.s.c.n.e.s.EurekaServiceRegistry - Registering application AUTH-SERVICE with eureka with status UP
2026-02-17 22:53:53 [main] INFO  c.netflix.discovery.DiscoveryClient - Saw local status change event StatusChangeEvent [timestamp=1771349033002, current=UP, previous=STARTING]
2026-02-17 22:53:53 [main] INFO  o.a.coyote.http11.Http11NioProtocol - Starting ProtocolHandler ["http-nio-8081"]
2026-02-17 22:53:53 [DiscoveryClient-InstanceInfoReplicator-%d] INFO  c.netflix.discovery.DiscoveryClient - DiscoveryClient_AUTH-SERVICE/auth-service:8081: registering service...
2026-02-17 22:53:53 [DiscoveryClient-InstanceInfoReplicator-%d] DEBUG o.s.web.client.RestTemplate - HTTP POST http://localhost:8761/eureka/apps/AUTH-SERVICE
2026-02-17 22:53:53 [DiscoveryClient-InstanceInfoReplicator-%d] DEBUG o.s.web.client.RestTemplate - Accept=[application/json, application/yaml, application/*+json]
2026-02-17 22:53:53 [main] INFO  o.s.b.w.e.tomcat.TomcatWebServer - Tomcat started on port 8081 (http) with context path '/'
2026-02-17 22:53:53 [main] INFO  o.s.c.n.e.s.EurekaAutoServiceRegistration - Updating port to 8081
2026-02-17 22:53:53 [DiscoveryClient-InstanceInfoReplicator-%d] DEBUG o.s.web.client.RestTemplate - Writing [InstanceInfo [instanceId = auth-service:8081, appName = AUTH-SERVICE, hostName = localhost, status = UP, ipAddr = 192.168.1.107, port = 8081, securePort = 443, dataCenterInfo = com.netflix.appinfo.MyDataCenterInfo@6bb2b8d4] as "application/json"
2026-02-17 22:53:53 [main] INFO  c.m.auth.AuthServiceApplication - Started AuthServiceApplication in 15.754 seconds (process running for 16.99)
2026-02-17 22:53:53 [main] INFO  c.m.auth.config.DataInitializer - Starting application data initialization...
2026-02-17 22:53:53 [DiscoveryClient-InstanceInfoReplicator-%d] DEBUG o.s.web.client.RestTemplate - Response 204 NO_CONTENT
2026-02-17 22:53:53 [DiscoveryClient-InstanceInfoReplicator-%d] INFO  c.netflix.discovery.DiscoveryClient - DiscoveryClient_AUTH-SERVICE/auth-service:8081 - registration status: 204
2026-02-17 22:53:53 [main] INFO  c.m.auth.config.DataInitializer - Admin user already exists
2026-02-17 22:53:53 [main] INFO  c.m.auth.config.DataInitializer - Application data initialization completed.
2026-02-17 22:54:23 [DiscoveryClient-CacheRefreshExecutor-%d] DEBUG o.s.web.client.RestTemplate - HTTP GET http://localhost:8761/eureka/apps/delta
2026-02-17 22:54:23 [DiscoveryClient-HeartbeatExecutor-%d] DEBUG o.s.web.client.RestTemplate - HTTP PUT http://localhost:8761/eureka/apps/AUTH-SERVICE/auth-service:8081?status=UP&lastDirtyTimestamp=1771349033001
2026-02-17 22:54:23 [DiscoveryClient-CacheRefreshExecutor-%d] DEBUG o.s.web.client.RestTemplate - Accept=[application/json, application/yaml, application/*+json]
2026-02-17 22:54:23 [DiscoveryClient-HeartbeatExecutor-%d] DEBUG o.s.web.client.RestTemplate - Accept=[application/json, application/yaml, application/*+json]
2026-02-17 22:54:23 [DiscoveryClient-CacheRefreshExecutor-%d] DEBUG o.s.web.client.RestTemplate - Response 200 OK
2026-02-17 22:54:23 [DiscoveryClient-CacheRefreshExecutor-%d] DEBUG o.s.web.client.RestTemplate - Reading to [org.springframework.cloud.netflix.eureka.http.EurekaApplications]
2026-02-17 22:54:23 [DiscoveryClient-HeartbeatExecutor-%d] DEBUG o.s.web.client.RestTemplate - Response 200 OK
2026-02-17 22:54:53 [DiscoveryClient-CacheRefreshExecutor-%d] DEBUG o.s.web.client.RestTemplate - HTTP GET http://localhost:8761/eureka/apps/delta
2026-02-17 22:54:53 [DiscoveryClient-CacheRefreshExecutor-%d] DEBUG o.s.web.client.RestTemplate - Accept=[application/json, application/yaml, application/*+json]
2026-02-17 22:54:53 [DiscoveryClient-HeartbeatExecutor-%d] DEBUG o.s.web.client.RestTemplate - HTTP PUT http://localhost:8761/eureka/apps/AUTH-SERVICE/auth-service:8081?status=UP&lastDirtyTimestamp=1771349033001
2026-02-17 22:54:53 [DiscoveryClient-HeartbeatExecutor-%d] DEBUG o.s.web.client.RestTemplate - Accept=[application/json, application/yaml, application/*+json]
2026-02-17 22:54:53 [DiscoveryClient-CacheRefreshExecutor-%d] DEBUG o.s.web.client.RestTemplate - Response 200 OK
2026-02-17 22:54:53 [DiscoveryClient-CacheRefreshExecutor-%d] DEBUG o.s.web.client.RestTemplate - Reading to [org.springframework.cloud.netflix.eureka.http.EurekaApplications]
2026-02-17 22:54:53 [DiscoveryClient-HeartbeatExecutor-%d] DEBUG o.s.web.client.RestTemplate - Response 200 OK
2026-02-17 22:55:23 [DiscoveryClient-CacheRefreshExecutor-%d] DEBUG o.s.web.client.RestTemplate - HTTP GET http://localhost:8761/eureka/apps/delta
2026-02-17 22:55:23 [DiscoveryClient-CacheRefreshExecutor-%d] DEBUG o.s.web.client.RestTemplate - Accept=[application/json, application/yaml, application/*+json]
2026-02-17 22:55:23 [DiscoveryClient-HeartbeatExecutor-%d] DEBUG o.s.web.client.RestTemplate - HTTP PUT http://localhost:8761/eureka/apps/AUTH-SERVICE/auth-service:8081?status=UP&lastDirtyTimestamp=1771349033001
2026-02-17 22:55:23 [DiscoveryClient-CacheRefreshExecutor-%d] DEBUG o.s.web.client.RestTemplate - Response 200 OK
2026-02-17 22:55:23 [DiscoveryClient-HeartbeatExecutor-%d] DEBUG o.s.web.client.RestTemplate - Accept=[application/json, application/yaml, application/*+json]
2026-02-17 22:55:23 [DiscoveryClient-CacheRefreshExecutor-%d] DEBUG o.s.web.client.RestTemplate - Reading to [org.springframework.cloud.netflix.eureka.http.EurekaApplications]
2026-02-17 22:55:23 [DiscoveryClient-HeartbeatExecutor-%d] DEBUG o.s.web.client.RestTemplate - Response 200 OK
2026-02-17 22:55:53 [DiscoveryClient-CacheRefreshExecutor-%d] DEBUG o.s.web.client.RestTemplate - HTTP GET http://localhost:8761/eureka/apps/delta
2026-02-17 22:55:53 [DiscoveryClient-CacheRefreshExecutor-%d] DEBUG o.s.web.client.RestTemplate - Accept=[application/json, application/yaml, application/*+json]
2026-02-17 22:55:53 [DiscoveryClient-HeartbeatExecutor-%d] DEBUG o.s.web.client.RestTemplate - HTTP PUT http://localhost:8761/eureka/apps/AUTH-SERVICE/auth-service:8081?status=UP&lastDirtyTimestamp=1771349033001
2026-02-17 22:55:53 [DiscoveryClient-CacheRefreshExecutor-%d] DEBUG o.s.web.client.RestTemplate - Response 200 OK
2026-02-17 22:55:53 [DiscoveryClient-HeartbeatExecutor-%d] DEBUG o.s.web.client.RestTemplate - Accept=[application/json, application/yaml, application/*+json]
2026-02-17 22:55:53 [DiscoveryClient-CacheRefreshExecutor-%d] DEBUG o.s.web.client.RestTemplate - Reading to [org.springframework.cloud.netflix.eureka.http.EurekaApplications]
2026-02-17 22:55:53 [DiscoveryClient-HeartbeatExecutor-%d] DEBUG o.s.web.client.RestTemplate - Response 200 OK
2026-02-17 22:56:23 [DiscoveryClient-CacheRefreshExecutor-%d] DEBUG o.s.web.client.RestTemplate - HTTP GET http://localhost:8761/eureka/apps/delta
2026-02-17 22:56:23 [DiscoveryClient-CacheRefreshExecutor-%d] DEBUG o.s.web.client.RestTemplate - Accept=[application/json, application/yaml, application/*+json]
2026-02-17 22:56:23 [DiscoveryClient-HeartbeatExecutor-%d] DEBUG o.s.web.client.RestTemplate - HTTP PUT http://localhost:8761/eureka/apps/AUTH-SERVICE/auth-service:8081?status=UP&lastDirtyTimestamp=1771349033001
2026-02-17 22:56:23 [DiscoveryClient-HeartbeatExecutor-%d] DEBUG o.s.web.client.RestTemplate - Accept=[application/json, application/yaml, application/*+json]
2026-02-17 22:56:23 [DiscoveryClient-CacheRefreshExecutor-%d] DEBUG o.s.web.client.RestTemplate - Response 200 OK
2026-02-17 22:56:23 [DiscoveryClient-CacheRefreshExecutor-%d] DEBUG o.s.web.client.RestTemplate - Reading to [org.springframework.cloud.netflix.eureka.http.EurekaApplications]
2026-02-17 22:56:23 [DiscoveryClient-HeartbeatExecutor-%d] DEBUG o.s.web.client.RestTemplate - Response 200 OK
2026-02-17 22:56:53 [DiscoveryClient-CacheRefreshExecutor-%d] DEBUG o.s.web.client.RestTemplate - HTTP GET http://localhost:8761/eureka/apps/delta
2026-02-17 22:56:53 [DiscoveryClient-CacheRefreshExecutor-%d] DEBUG o.s.web.client.RestTemplate - Accept=[application/json, application/yaml, application/*+json]
2026-02-17 22:56:53 [DiscoveryClient-HeartbeatExecutor-%d] DEBUG o.s.web.client.RestTemplate - HTTP PUT http://localhost:8761/eureka/apps/AUTH-SERVICE/auth-service:8081?status=UP&lastDirtyTimestamp=1771349033001
2026-02-17 22:56:53 [DiscoveryClient-HeartbeatExecutor-%d] DEBUG o.s.web.client.RestTemplate - Accept=[application/json, application/yaml, application/*+json]
2026-02-17 22:56:53 [DiscoveryClient-CacheRefreshExecutor-%d] DEBUG o.s.web.client.RestTemplate - Response 200 OK
2026-02-17 22:56:53 [DiscoveryClient-CacheRefreshExecutor-%d] DEBUG o.s.web.client.RestTemplate - Reading to [org.springframework.cloud.netflix.eureka.http.EurekaApplications]
2026-02-17 22:56:53 [DiscoveryClient-HeartbeatExecutor-%d] DEBUG o.s.web.client.RestTemplate - Response 200 OK
2026-02-17 22:57:23 [DiscoveryClient-CacheRefreshExecutor-%d] DEBUG o.s.web.client.RestTemplate - HTTP GET http://localhost:8761/eureka/apps/delta
2026-02-17 22:57:23 [DiscoveryClient-HeartbeatExecutor-%d] DEBUG o.s.web.client.RestTemplate - HTTP PUT http://localhost:8761/eureka/apps/AUTH-SERVICE/auth-service:8081?status=UP&lastDirtyTimestamp=1771349033001
2026-02-17 22:57:23 [DiscoveryClient-HeartbeatExecutor-%d] DEBUG o.s.web.client.RestTemplate - Accept=[application/json, application/yaml, application/*+json]
2026-02-17 22:57:23 [DiscoveryClient-CacheRefreshExecutor-%d] DEBUG o.s.web.client.RestTemplate - Accept=[application/json, application/yaml, application/*+json]
2026-02-17 22:57:23 [DiscoveryClient-HeartbeatExecutor-%d] DEBUG o.s.web.client.RestTemplate - Response 200 OK
2026-02-17 22:57:23 [DiscoveryClient-CacheRefreshExecutor-%d] DEBUG o.s.web.client.RestTemplate - Response 200 OK
2026-02-17 22:57:23 [DiscoveryClient-CacheRefreshExecutor-%d] DEBUG o.s.web.client.RestTemplate - Reading to [org.springframework.cloud.netflix.eureka.http.EurekaApplications]
2026-02-17 22:57:53 [DiscoveryClient-CacheRefreshExecutor-%d] DEBUG o.s.web.client.RestTemplate - HTTP GET http://localhost:8761/eureka/apps/delta
2026-02-17 22:57:53 [DiscoveryClient-HeartbeatExecutor-%d] DEBUG o.s.web.client.RestTemplate - HTTP PUT http://localhost:8761/eureka/apps/AUTH-SERVICE/auth-service:8081?status=UP&lastDirtyTimestamp=1771349033001
2026-02-17 22:57:53 [DiscoveryClient-CacheRefreshExecutor-%d] DEBUG o.s.web.client.RestTemplate - Accept=[application/json, application/yaml, application/*+json]
2026-02-17 22:57:53 [DiscoveryClient-HeartbeatExecutor-%d] DEBUG o.s.web.client.RestTemplate - Accept=[application/json, application/yaml, application/*+json]
2026-02-17 22:57:53 [DiscoveryClient-HeartbeatExecutor-%d] DEBUG o.s.web.client.RestTemplate - Response 200 OK
2026-02-17 22:57:53 [DiscoveryClient-CacheRefreshExecutor-%d] DEBUG o.s.web.client.RestTemplate - Response 200 OK
2026-02-17 22:57:53 [DiscoveryClient-CacheRefreshExecutor-%d] DEBUG o.s.web.client.RestTemplate - Reading to [org.springframework.cloud.netflix.eureka.http.EurekaApplications]
2026-02-17 22:58:23 [DiscoveryClient-HeartbeatExecutor-%d] DEBUG o.s.web.client.RestTemplate - HTTP PUT http://localhost:8761/eureka/apps/AUTH-SERVICE/auth-service:8081?status=UP&lastDirtyTimestamp=1771349033001
2026-02-17 22:58:23 [DiscoveryClient-HeartbeatExecutor-%d] DEBUG o.s.web.client.RestTemplate - Accept=[application/json, application/yaml, application/*+json]
2026-02-17 22:58:23 [DiscoveryClient-CacheRefreshExecutor-%d] DEBUG o.s.web.client.RestTemplate - HTTP GET http://localhost:8761/eureka/apps/delta
2026-02-17 22:58:23 [DiscoveryClient-CacheRefreshExecutor-%d] DEBUG o.s.web.client.RestTemplate - Accept=[application/json, application/yaml, application/*+json]
2026-02-17 22:58:23 [DiscoveryClient-HeartbeatExecutor-%d] DEBUG o.s.web.client.RestTemplate - Response 200 OK
2026-02-17 22:58:23 [DiscoveryClient-CacheRefreshExecutor-%d] DEBUG o.s.web.client.RestTemplate - Response 200 OK
2026-02-17 22:58:23 [DiscoveryClient-CacheRefreshExecutor-%d] DEBUG o.s.web.client.RestTemplate - Reading to [org.springframework.cloud.netflix.eureka.http.EurekaApplications]
2026-02-17 22:58:52 [AsyncResolver-bootstrap-executor-%d] INFO  c.n.d.s.r.aws.ConfigClusterResolver - Resolving eureka endpoints via configuration
2026-02-17 22:58:53 [DiscoveryClient-HeartbeatExecutor-%d] DEBUG o.s.web.client.RestTemplate - HTTP PUT http://localhost:8761/eureka/apps/AUTH-SERVICE/auth-service:8081?status=UP&lastDirtyTimestamp=1771349033001
2026-02-17 22:58:53 [DiscoveryClient-HeartbeatExecutor-%d] DEBUG o.s.web.client.RestTemplate - Accept=[application/json, application/yaml, application/*+json]
2026-02-17 22:58:53 [DiscoveryClient-HeartbeatExecutor-%d] DEBUG o.s.web.client.RestTemplate - Response 200 OK
2026-02-17 22:58:53 [DiscoveryClient-CacheRefreshExecutor-%d] DEBUG o.s.web.client.RestTemplate - HTTP GET http://localhost:8761/eureka/apps/delta
2026-02-17 22:58:53 [DiscoveryClient-CacheRefreshExecutor-%d] DEBUG o.s.web.client.RestTemplate - Accept=[application/json, application/yaml, application/*+json]
2026-02-17 22:58:53 [DiscoveryClient-CacheRefreshExecutor-%d] DEBUG o.s.web.client.RestTemplate - Response 200 OK
2026-02-17 22:58:53 [DiscoveryClient-CacheRefreshExecutor-%d] DEBUG o.s.web.client.RestTemplate - Reading to [org.springframework.cloud.netflix.eureka.http.EurekaApplications]
2026-02-17 22:59:23 [DiscoveryClient-HeartbeatExecutor-%d] DEBUG o.s.web.client.RestTemplate - HTTP PUT http://localhost:8761/eureka/apps/AUTH-SERVICE/auth-service:8081?status=UP&lastDirtyTimestamp=1771349033001
2026-02-17 22:59:23 [DiscoveryClient-HeartbeatExecutor-%d] DEBUG o.s.web.client.RestTemplate - Accept=[application/json, application/yaml, application/*+json]
2026-02-17 22:59:23 [DiscoveryClient-HeartbeatExecutor-%d] DEBUG o.s.web.client.RestTemplate - Response 200 OK
2026-02-17 22:59:23 [DiscoveryClient-CacheRefreshExecutor-%d] DEBUG o.s.web.client.RestTemplate - HTTP GET http://localhost:8761/eureka/apps/delta
2026-02-17 22:59:23 [DiscoveryClient-CacheRefreshExecutor-%d] DEBUG o.s.web.client.RestTemplate - Accept=[application/json, application/yaml, application/*+json]
2026-02-17 22:59:23 [DiscoveryClient-CacheRefreshExecutor-%d] DEBUG o.s.web.client.RestTemplate - Response 200 OK
2026-02-17 22:59:23 [DiscoveryClient-CacheRefreshExecutor-%d] DEBUG o.s.web.client.RestTemplate - Reading to [org.springframework.cloud.netflix.eureka.http.EurekaApplications]
2026-02-17 22:59:53 [DiscoveryClient-HeartbeatExecutor-%d] DEBUG o.s.web.client.RestTemplate - HTTP PUT http://localhost:8761/eureka/apps/AUTH-SERVICE/auth-service:8081?status=UP&lastDirtyTimestamp=1771349033001
2026-02-17 22:59:53 [DiscoveryClient-HeartbeatExecutor-%d] DEBUG o.s.web.client.RestTemplate - Accept=[application/json, application/yaml, application/*+json]
2026-02-17 22:59:53 [DiscoveryClient-HeartbeatExecutor-%d] DEBUG o.s.web.client.RestTemplate - Response 200 OK
2026-02-17 22:59:53 [DiscoveryClient-CacheRefreshExecutor-%d] DEBUG o.s.web.client.RestTemplate - HTTP GET http://localhost:8761/eureka/apps/delta
2026-02-17 22:59:53 [DiscoveryClient-CacheRefreshExecutor-%d] DEBUG o.s.web.client.RestTemplate - Accept=[application/json, application/yaml, application/*+json]
2026-02-17 22:59:53 [DiscoveryClient-CacheRefreshExecutor-%d] DEBUG o.s.web.client.RestTemplate - Response 200 OK
2026-02-17 22:59:53 [DiscoveryClient-CacheRefreshExecutor-%d] DEBUG o.s.web.client.RestTemplate - Reading to [org.springframework.cloud.netflix.eureka.http.EurekaApplications]
2026-02-17 23:00:23 [DiscoveryClient-HeartbeatExecutor-%d] DEBUG o.s.web.client.RestTemplate - HTTP PUT http://localhost:8761/eureka/apps/AUTH-SERVICE/auth-service:8081?status=UP&lastDirtyTimestamp=1771349033001
2026-02-17 23:00:23 [DiscoveryClient-HeartbeatExecutor-%d] DEBUG o.s.web.client.RestTemplate - Accept=[application/json, application/yaml, application/*+json]
2026-02-17 23:00:23 [DiscoveryClient-HeartbeatExecutor-%d] DEBUG o.s.web.client.RestTemplate - Response 200 OK
2026-02-17 23:00:23 [DiscoveryClient-CacheRefreshExecutor-%d] DEBUG o.s.web.client.RestTemplate - HTTP GET http://localhost:8761/eureka/apps/delta
2026-02-17 23:00:23 [DiscoveryClient-CacheRefreshExecutor-%d] DEBUG o.s.web.client.RestTemplate - Accept=[application/json, application/yaml, application/*+json]
2026-02-17 23:00:23 [DiscoveryClient-CacheRefreshExecutor-%d] DEBUG o.s.web.client.RestTemplate - Response 200 OK
2026-02-17 23:00:23 [DiscoveryClient-CacheRefreshExecutor-%d] DEBUG o.s.web.client.RestTemplate - Reading to [org.springframework.cloud.netflix.eureka.http.EurekaApplications]
2026-02-17 23:00:53 [DiscoveryClient-HeartbeatExecutor-%d] DEBUG o.s.web.client.RestTemplate - HTTP PUT http://localhost:8761/eureka/apps/AUTH-SERVICE/auth-service:8081?status=UP&lastDirtyTimestamp=1771349033001
2026-02-17 23:00:53 [DiscoveryClient-HeartbeatExecutor-%d] DEBUG o.s.web.client.RestTemplate - Accept=[application/json, application/yaml, application/*+json]
2026-02-17 23:00:53 [DiscoveryClient-HeartbeatExecutor-%d] DEBUG o.s.web.client.RestTemplate - Response 200 OK
2026-02-17 23:00:53 [DiscoveryClient-CacheRefreshExecutor-%d] DEBUG o.s.web.client.RestTemplate - HTTP GET http://localhost:8761/eureka/apps/delta
2026-02-17 23:00:53 [DiscoveryClient-CacheRefreshExecutor-%d] DEBUG o.s.web.client.RestTemplate - Accept=[application/json, application/yaml, application/*+json]
2026-02-17 23:00:53 [DiscoveryClient-CacheRefreshExecutor-%d] DEBUG o.s.web.client.RestTemplate - Response 200 OK
2026-02-17 23:00:53 [DiscoveryClient-CacheRefreshExecutor-%d] DEBUG o.s.web.client.RestTemplate - Reading to [org.springframework.cloud.netflix.eureka.http.EurekaApplications]
2026-02-17 23:01:23 [DiscoveryClient-HeartbeatExecutor-%d] DEBUG o.s.web.client.RestTemplate - HTTP PUT http://localhost:8761/eureka/apps/AUTH-SERVICE/auth-service:8081?status=UP&lastDirtyTimestamp=1771349033001
2026-02-17 23:01:23 [DiscoveryClient-HeartbeatExecutor-%d] DEBUG o.s.web.client.RestTemplate - Accept=[application/json, application/yaml, application/*+json]
2026-02-17 23:01:23 [DiscoveryClient-HeartbeatExecutor-%d] DEBUG o.s.web.client.RestTemplate - Response 200 OK
2026-02-17 23:01:23 [DiscoveryClient-CacheRefreshExecutor-%d] DEBUG o.s.web.client.RestTemplate - HTTP GET http://localhost:8761/eureka/apps/delta
2026-02-17 23:01:23 [DiscoveryClient-CacheRefreshExecutor-%d] DEBUG o.s.web.client.RestTemplate - Accept=[application/json, application/yaml, application/*+json]
2026-02-17 23:01:23 [DiscoveryClient-CacheRefreshExecutor-%d] DEBUG o.s.web.client.RestTemplate - Response 200 OK
2026-02-17 23:01:23 [DiscoveryClient-CacheRefreshExecutor-%d] DEBUG o.s.web.client.RestTemplate - Reading to [org.springframework.cloud.netflix.eureka.http.EurekaApplications]
2026-02-17 23:01:53 [DiscoveryClient-HeartbeatExecutor-%d] DEBUG o.s.web.client.RestTemplate - HTTP PUT http://localhost:8761/eureka/apps/AUTH-SERVICE/auth-service:8081?status=UP&lastDirtyTimestamp=1771349033001
2026-02-17 23:01:53 [DiscoveryClient-HeartbeatExecutor-%d] DEBUG o.s.web.client.RestTemplate - Accept=[application/json, application/yaml, application/*+json]
2026-02-17 23:01:53 [DiscoveryClient-CacheRefreshExecutor-%d] DEBUG o.s.web.client.RestTemplate - HTTP GET http://localhost:8761/eureka/apps/delta
2026-02-17 23:01:53 [DiscoveryClient-CacheRefreshExecutor-%d] DEBUG o.s.web.client.RestTemplate - Accept=[application/json, application/yaml, application/*+json]
2026-02-17 23:01:53 [DiscoveryClient-HeartbeatExecutor-%d] DEBUG o.s.web.client.RestTemplate - Response 200 OK
2026-02-17 23:01:53 [DiscoveryClient-CacheRefreshExecutor-%d] DEBUG o.s.web.client.RestTemplate - Response 200 OK
2026-02-17 23:01:53 [DiscoveryClient-CacheRefreshExecutor-%d] DEBUG o.s.web.client.RestTemplate - Reading to [org.springframework.cloud.netflix.eureka.http.EurekaApplications]
2026-02-17 23:02:18 [http-nio-8081-exec-1] INFO  o.a.c.c.C.[Tomcat].[localhost].[/] - Initializing Spring DispatcherServlet 'dispatcherServlet'
2026-02-17 23:02:18 [http-nio-8081-exec-1] INFO  o.s.web.servlet.DispatcherServlet - Initializing Servlet 'dispatcherServlet'
2026-02-17 23:02:18 [http-nio-8081-exec-1] DEBUG o.s.web.servlet.DispatcherServlet - Detected StandardServletMultipartResolver
2026-02-17 23:02:18 [http-nio-8081-exec-1] DEBUG o.s.web.servlet.DispatcherServlet - Detected AcceptHeaderLocaleResolver
2026-02-17 23:02:18 [http-nio-8081-exec-1] DEBUG o.s.web.servlet.DispatcherServlet - Detected FixedThemeResolver
2026-02-17 23:02:18 [http-nio-8081-exec-1] DEBUG o.s.web.servlet.DispatcherServlet - Detected org.springframework.web.servlet.view.DefaultRequestToViewNameTranslator@3c5de17c
2026-02-17 23:02:18 [http-nio-8081-exec-1] DEBUG o.s.web.servlet.DispatcherServlet - Detected org.springframework.web.servlet.support.SessionFlashMapManager@cf315f1
2026-02-17 23:02:18 [http-nio-8081-exec-1] DEBUG o.s.web.servlet.DispatcherServlet - enableLoggingRequestDetails='false': request parameters and headers will be masked to prevent unsafe logging of potentially sensitive data
2026-02-17 23:02:18 [http-nio-8081-exec-1] INFO  o.s.web.servlet.DispatcherServlet - Completed initialization in 9 ms
2026-02-17 23:02:18 [http-nio-8081-exec-1] DEBUG o.s.security.web.FilterChainProxy - Securing POST /auth/login
2026-02-17 23:02:18 [http-nio-8081-exec-1] DEBUG c.m.a.s.JwtAuthenticationFilter - No Authorization header present for request /auth/login
2026-02-17 23:02:18 [http-nio-8081-exec-1] DEBUG o.s.security.web.FilterChainProxy - Secured POST /auth/login
2026-02-17 23:02:18 [http-nio-8081-exec-1] DEBUG o.s.web.servlet.DispatcherServlet - POST "/auth/login", parameters={}
2026-02-17 23:02:18 [http-nio-8081-exec-1] DEBUG o.s.w.s.m.m.a.RequestMappingHandlerMapping - Mapped to com.medicart.auth.controller.AuthController#login(LoginRequest)
2026-02-17 23:02:18 [http-nio-8081-exec-1] DEBUG o.s.w.s.m.m.a.RequestResponseBodyMethodProcessor - Read "application/json;charset=UTF-8" to [LoginRequest(email=rohinrajsingh009@gmail.com, password=Rohin@123)]
2026-02-17 23:02:18 [http-nio-8081-exec-1] INFO  c.medicart.auth.service.AuthService - Login attempt for email: rohinrajsingh009@gmail.com
2026-02-17 23:02:19 [http-nio-8081-exec-1] INFO  c.medicart.auth.service.AuthService - Login successful - userId: 3, role: ROLE_USER
2026-02-17 23:02:19 [http-nio-8081-exec-1] DEBUG o.s.w.s.m.m.a.HttpEntityMethodProcessor - Using 'application/json', given [application/json, text/plain, */*] and supported [application/json, application/*+json, application/yaml]
2026-02-17 23:02:19 [http-nio-8081-exec-1] DEBUG o.s.w.s.m.m.a.HttpEntityMethodProcessor - Writing [LoginResponse(userId=3, email=rohinrajsingh009@gmail.com, fullName=Shahid, token=eyJhbGciOiJIUzM4NCJ (truncated)...]
2026-02-17 23:02:19 [http-nio-8081-exec-1] DEBUG o.s.web.servlet.DispatcherServlet - Completed 200 OK
2026-02-17 23:02:19 [http-nio-8081-exec-1] DEBUG o.s.s.w.a.AnonymousAuthenticationFilter - Set SecurityContextHolder to anonymous SecurityContext
2026-02-17 23:02:23 [DiscoveryClient-HeartbeatExecutor-%d] DEBUG o.s.web.client.RestTemplate - HTTP PUT http://localhost:8761/eureka/apps/AUTH-SERVICE/auth-service:8081?status=UP&lastDirtyTimestamp=1771349033001
2026-02-17 23:02:23 [DiscoveryClient-HeartbeatExecutor-%d] DEBUG o.s.web.client.RestTemplate - Accept=[application/json, application/yaml, application/*+json]
2026-02-17 23:02:23 [DiscoveryClient-CacheRefreshExecutor-%d] DEBUG o.s.web.client.RestTemplate - HTTP GET http://localhost:8761/eureka/apps/delta
2026-02-17 23:02:23 [DiscoveryClient-CacheRefreshExecutor-%d] DEBUG o.s.web.client.RestTemplate - Accept=[application/json, application/yaml, application/*+json]
2026-02-17 23:02:23 [DiscoveryClient-HeartbeatExecutor-%d] DEBUG o.s.web.client.RestTemplate - Response 200 OK
2026-02-17 23:02:23 [DiscoveryClient-CacheRefreshExecutor-%d] DEBUG o.s.web.client.RestTemplate - Response 200 OK
2026-02-17 23:02:23 [DiscoveryClient-CacheRefreshExecutor-%d] DEBUG o.s.web.client.RestTemplate - Reading to [org.springframework.cloud.netflix.eureka.http.EurekaApplications]
2026-02-17 23:02:53 [DiscoveryClient-HeartbeatExecutor-%d] DEBUG o.s.web.client.RestTemplate - HTTP PUT http://localhost:8761/eureka/apps/AUTH-SERVICE/auth-service:8081?status=UP&lastDirtyTimestamp=1771349033001
2026-02-17 23:02:53 [DiscoveryClient-HeartbeatExecutor-%d] DEBUG o.s.web.client.RestTemplate - Accept=[application/json, application/yaml, application/*+json]
2026-02-17 23:02:53 [DiscoveryClient-CacheRefreshExecutor-%d] DEBUG o.s.web.client.RestTemplate - HTTP GET http://localhost:8761/eureka/apps/delta
2026-02-17 23:02:53 [DiscoveryClient-CacheRefreshExecutor-%d] DEBUG o.s.web.client.RestTemplate - Accept=[application/json, application/yaml, application/*+json]
2026-02-17 23:02:53 [DiscoveryClient-HeartbeatExecutor-%d] DEBUG o.s.web.client.RestTemplate - Response 200 OK
2026-02-17 23:02:53 [DiscoveryClient-CacheRefreshExecutor-%d] DEBUG o.s.web.client.RestTemplate - Response 200 OK
2026-02-17 23:02:53 [DiscoveryClient-CacheRefreshExecutor-%d] DEBUG o.s.web.client.RestTemplate - Reading to [org.springframework.cloud.netflix.eureka.http.EurekaApplications]
2026-02-17 23:03:17 [http-nio-8081-exec-2] DEBUG o.s.security.web.FilterChainProxy - Securing POST /auth/login
2026-02-17 23:03:17 [http-nio-8081-exec-2] DEBUG c.m.a.s.JwtAuthenticationFilter - JWT valid - path: /auth/login, email: rohinrajsingh009@gmail.com, role: ROLE_USER, userId: 3
2026-02-17 23:03:17 [http-nio-8081-exec-2] DEBUG o.s.security.web.FilterChainProxy - Secured POST /auth/login
2026-02-17 23:03:17 [http-nio-8081-exec-2] DEBUG o.s.web.servlet.DispatcherServlet - POST "/auth/login", parameters={}
2026-02-17 23:03:17 [http-nio-8081-exec-2] DEBUG o.s.w.s.m.m.a.RequestMappingHandlerMapping - Mapped to com.medicart.auth.controller.AuthController#login(LoginRequest)
2026-02-17 23:03:17 [http-nio-8081-exec-2] DEBUG o.s.w.s.m.m.a.RequestResponseBodyMethodProcessor - Read "application/json;charset=UTF-8" to [LoginRequest(email=admin@medicart.com, password=admin123)]
2026-02-17 23:03:17 [http-nio-8081-exec-2] INFO  c.medicart.auth.service.AuthService - Login attempt for email: admin@medicart.com
2026-02-17 23:03:17 [http-nio-8081-exec-2] INFO  c.medicart.auth.service.AuthService - Login successful - userId: 4, role: ROLE_ADMIN
2026-02-17 23:03:17 [http-nio-8081-exec-2] DEBUG o.s.w.s.m.m.a.HttpEntityMethodProcessor - Using 'application/json', given [application/json, text/plain, */*] and supported [application/json, application/*+json, application/yaml]
2026-02-17 23:03:17 [http-nio-8081-exec-2] DEBUG o.s.w.s.m.m.a.HttpEntityMethodProcessor - Writing [LoginResponse(userId=4, email=admin@medicart.com, fullName=Administrator, token=eyJhbGciOiJIUzM4NCJ9 (truncated)...]
2026-02-17 23:03:17 [http-nio-8081-exec-2] DEBUG o.s.web.servlet.DispatcherServlet - Completed 200 OK
2026-02-17 23:03:18 [http-nio-8081-exec-3] DEBUG o.s.security.web.FilterChainProxy - Securing GET /auth/analytics/user-counts
2026-02-17 23:03:18 [http-nio-8081-exec-3] DEBUG c.m.a.s.JwtAuthenticationFilter - No Authorization header present for request /auth/analytics/user-counts
2026-02-17 23:03:18 [http-nio-8081-exec-3] DEBUG o.s.security.web.FilterChainProxy - Secured GET /auth/analytics/user-counts
2026-02-17 23:03:18 [http-nio-8081-exec-3] DEBUG o.s.web.servlet.DispatcherServlet - GET "/auth/analytics/user-counts", parameters={}
2026-02-17 23:03:18 [http-nio-8081-exec-3] DEBUG o.s.w.s.m.m.a.RequestMappingHandlerMapping - Mapped to com.medicart.auth.controller.AuthAnalyticsController#getUserCounts()
2026-02-17 23:03:18 [http-nio-8081-exec-3] INFO  c.m.a.c.AuthAnalyticsController - GET /auth/analytics/user-counts
2026-02-17 23:03:19 [http-nio-8081-exec-3] DEBUG o.s.w.s.m.m.a.HttpEntityMethodProcessor - Using 'application/json', given [*/*] and supported [application/json, application/*+json, application/yaml]
2026-02-17 23:03:19 [http-nio-8081-exec-3] DEBUG o.s.w.s.m.m.a.HttpEntityMethodProcessor - Writing [{usersToday=0, totalUsers=3, usersThisWeek=0, usersThisMonth=3, usersThisYear=3}]
2026-02-17 23:03:19 [http-nio-8081-exec-3] DEBUG o.s.web.servlet.DispatcherServlet - Completed 200 OK
2026-02-17 23:03:19 [http-nio-8081-exec-3] DEBUG o.s.s.w.a.AnonymousAuthenticationFilter - Set SecurityContextHolder to anonymous SecurityContext
2026-02-17 23:03:23 [DiscoveryClient-HeartbeatExecutor-%d] DEBUG o.s.web.client.RestTemplate - HTTP PUT http://localhost:8761/eureka/apps/AUTH-SERVICE/auth-service:8081?status=UP&lastDirtyTimestamp=1771349033001
2026-02-17 23:03:23 [DiscoveryClient-HeartbeatExecutor-%d] DEBUG o.s.web.client.RestTemplate - Accept=[application/json, application/yaml, application/*+json]
2026-02-17 23:03:23 [DiscoveryClient-CacheRefreshExecutor-%d] DEBUG o.s.web.client.RestTemplate - HTTP GET http://localhost:8761/eureka/apps/delta
2026-02-17 23:03:23 [DiscoveryClient-CacheRefreshExecutor-%d] DEBUG o.s.web.client.RestTemplate - Accept=[application/json, application/yaml, application/*+json]
2026-02-17 23:03:23 [DiscoveryClient-HeartbeatExecutor-%d] DEBUG o.s.web.client.RestTemplate - Response 200 OK
2026-02-17 23:03:23 [DiscoveryClient-CacheRefreshExecutor-%d] DEBUG o.s.web.client.RestTemplate - Response 200 OK
2026-02-17 23:03:23 [DiscoveryClient-CacheRefreshExecutor-%d] DEBUG o.s.web.client.RestTemplate - Reading to [org.springframework.cloud.netflix.eureka.http.EurekaApplications]
2026-02-17 23:03:48 [http-nio-8081-exec-4] DEBUG o.s.security.web.FilterChainProxy - Securing GET /auth/analytics/user-counts
2026-02-17 23:03:48 [http-nio-8081-exec-4] DEBUG c.m.a.s.JwtAuthenticationFilter - No Authorization header present for request /auth/analytics/user-counts
2026-02-17 23:03:48 [http-nio-8081-exec-4] DEBUG o.s.security.web.FilterChainProxy - Secured GET /auth/analytics/user-counts
2026-02-17 23:03:48 [http-nio-8081-exec-4] DEBUG o.s.web.servlet.DispatcherServlet - GET "/auth/analytics/user-counts", parameters={}
2026-02-17 23:03:48 [http-nio-8081-exec-4] DEBUG o.s.w.s.m.m.a.RequestMappingHandlerMapping - Mapped to com.medicart.auth.controller.AuthAnalyticsController#getUserCounts()
2026-02-17 23:03:48 [http-nio-8081-exec-4] INFO  c.m.a.c.AuthAnalyticsController - GET /auth/analytics/user-counts
2026-02-17 23:03:48 [http-nio-8081-exec-4] DEBUG o.s.w.s.m.m.a.HttpEntityMethodProcessor - Using 'application/json', given [*/*] and supported [application/json, application/*+json, application/yaml]
2026-02-17 23:03:48 [http-nio-8081-exec-4] DEBUG o.s.w.s.m.m.a.HttpEntityMethodProcessor - Writing [{usersToday=0, totalUsers=3, usersThisWeek=0, usersThisMonth=3, usersThisYear=3}]
2026-02-17 23:03:48 [http-nio-8081-exec-4] DEBUG o.s.web.servlet.DispatcherServlet - Completed 200 OK
2026-02-17 23:03:48 [http-nio-8081-exec-4] DEBUG o.s.s.w.a.AnonymousAuthenticationFilter - Set SecurityContextHolder to anonymous SecurityContext
2026-02-17 23:03:52 [AsyncResolver-bootstrap-executor-%d] INFO  c.n.d.s.r.aws.ConfigClusterResolver - Resolving eureka endpoints via configuration
2026-02-17 23:03:53 [DiscoveryClient-HeartbeatExecutor-%d] DEBUG o.s.web.client.RestTemplate - HTTP PUT http://localhost:8761/eureka/apps/AUTH-SERVICE/auth-service:8081?status=UP&lastDirtyTimestamp=1771349033001
2026-02-17 23:03:53 [DiscoveryClient-HeartbeatExecutor-%d] DEBUG o.s.web.client.RestTemplate - Accept=[application/json, application/yaml, application/*+json]
2026-02-17 23:03:53 [DiscoveryClient-CacheRefreshExecutor-%d] DEBUG o.s.web.client.RestTemplate - HTTP GET http://localhost:8761/eureka/apps/delta
2026-02-17 23:03:53 [DiscoveryClient-CacheRefreshExecutor-%d] DEBUG o.s.web.client.RestTemplate - Accept=[application/json, application/yaml, application/*+json]
2026-02-17 23:03:53 [DiscoveryClient-HeartbeatExecutor-%d] DEBUG o.s.web.client.RestTemplate - Response 200 OK
2026-02-17 23:03:53 [DiscoveryClient-CacheRefreshExecutor-%d] DEBUG o.s.web.client.RestTemplate - Response 200 OK
2026-02-17 23:03:53 [DiscoveryClient-CacheRefreshExecutor-%d] DEBUG o.s.web.client.RestTemplate - Reading to [org.springframework.cloud.netflix.eureka.http.EurekaApplications]
2026-02-17 23:04:18 [http-nio-8081-exec-6] DEBUG o.s.security.web.FilterChainProxy - Securing GET /auth/analytics/user-counts
2026-02-17 23:04:18 [http-nio-8081-exec-6] DEBUG c.m.a.s.JwtAuthenticationFilter - No Authorization header present for request /auth/analytics/user-counts
2026-02-17 23:04:18 [http-nio-8081-exec-6] DEBUG o.s.security.web.FilterChainProxy - Secured GET /auth/analytics/user-counts
2026-02-17 23:04:18 [http-nio-8081-exec-6] DEBUG o.s.web.servlet.DispatcherServlet - GET "/auth/analytics/user-counts", parameters={}
2026-02-17 23:04:18 [http-nio-8081-exec-6] DEBUG o.s.w.s.m.m.a.RequestMappingHandlerMapping - Mapped to com.medicart.auth.controller.AuthAnalyticsController#getUserCounts()
2026-02-17 23:04:18 [http-nio-8081-exec-6] INFO  c.m.a.c.AuthAnalyticsController - GET /auth/analytics/user-counts
2026-02-17 23:04:18 [http-nio-8081-exec-6] DEBUG o.s.w.s.m.m.a.HttpEntityMethodProcessor - Using 'application/json', given [*/*] and supported [application/json, application/*+json, application/yaml]
2026-02-17 23:04:18 [http-nio-8081-exec-6] DEBUG o.s.w.s.m.m.a.HttpEntityMethodProcessor - Writing [{usersToday=0, totalUsers=3, usersThisWeek=0, usersThisMonth=3, usersThisYear=3}]
2026-02-17 23:04:18 [http-nio-8081-exec-6] DEBUG o.s.web.servlet.DispatcherServlet - Completed 200 OK
2026-02-17 23:04:18 [http-nio-8081-exec-6] DEBUG o.s.s.w.a.AnonymousAuthenticationFilter - Set SecurityContextHolder to anonymous SecurityContext
2026-02-17 23:04:23 [DiscoveryClient-HeartbeatExecutor-%d] DEBUG o.s.web.client.RestTemplate - HTTP PUT http://localhost:8761/eureka/apps/AUTH-SERVICE/auth-service:8081?status=UP&lastDirtyTimestamp=1771349033001
2026-02-17 23:04:23 [DiscoveryClient-HeartbeatExecutor-%d] DEBUG o.s.web.client.RestTemplate - Accept=[application/json, application/yaml, application/*+json]
2026-02-17 23:04:23 [DiscoveryClient-CacheRefreshExecutor-%d] DEBUG o.s.web.client.RestTemplate - HTTP GET http://localhost:8761/eureka/apps/delta
2026-02-17 23:04:23 [DiscoveryClient-CacheRefreshExecutor-%d] DEBUG o.s.web.client.RestTemplate - Accept=[application/json, application/yaml, application/*+json]
2026-02-17 23:04:23 [DiscoveryClient-HeartbeatExecutor-%d] DEBUG o.s.web.client.RestTemplate - Response 200 OK
2026-02-17 23:04:23 [DiscoveryClient-CacheRefreshExecutor-%d] DEBUG o.s.web.client.RestTemplate - Response 200 OK
2026-02-17 23:04:23 [DiscoveryClient-CacheRefreshExecutor-%d] DEBUG o.s.web.client.RestTemplate - Reading to [org.springframework.cloud.netflix.eureka.http.EurekaApplications]
2026-02-17 23:04:47 [http-nio-8081-exec-7] DEBUG o.s.security.web.FilterChainProxy - Securing GET /auth/analytics/user-counts
2026-02-17 23:04:47 [http-nio-8081-exec-7] DEBUG c.m.a.s.JwtAuthenticationFilter - No Authorization header present for request /auth/analytics/user-counts
2026-02-17 23:04:47 [http-nio-8081-exec-7] DEBUG o.s.security.web.FilterChainProxy - Secured GET /auth/analytics/user-counts
2026-02-17 23:04:47 [http-nio-8081-exec-7] DEBUG o.s.web.servlet.DispatcherServlet - GET "/auth/analytics/user-counts", parameters={}
2026-02-17 23:04:47 [http-nio-8081-exec-7] DEBUG o.s.w.s.m.m.a.RequestMappingHandlerMapping - Mapped to com.medicart.auth.controller.AuthAnalyticsController#getUserCounts()
2026-02-17 23:04:47 [http-nio-8081-exec-7] INFO  c.m.a.c.AuthAnalyticsController - GET /auth/analytics/user-counts
2026-02-17 23:04:47 [http-nio-8081-exec-7] DEBUG o.s.w.s.m.m.a.HttpEntityMethodProcessor - Using 'application/json', given [*/*] and supported [application/json, application/*+json, application/yaml]
2026-02-17 23:04:47 [http-nio-8081-exec-7] DEBUG o.s.w.s.m.m.a.HttpEntityMethodProcessor - Writing [{usersToday=0, totalUsers=3, usersThisWeek=0, usersThisMonth=3, usersThisYear=3}]
2026-02-17 23:04:47 [http-nio-8081-exec-7] DEBUG o.s.web.servlet.DispatcherServlet - Completed 200 OK
2026-02-17 23:04:47 [http-nio-8081-exec-7] DEBUG o.s.s.w.a.AnonymousAuthenticationFilter - Set SecurityContextHolder to anonymous SecurityContext
2026-02-17 23:04:53 [DiscoveryClient-HeartbeatExecutor-%d] DEBUG o.s.web.client.RestTemplate - HTTP PUT http://localhost:8761/eureka/apps/AUTH-SERVICE/auth-service:8081?status=UP&lastDirtyTimestamp=1771349033001
2026-02-17 23:04:53 [DiscoveryClient-HeartbeatExecutor-%d] DEBUG o.s.web.client.RestTemplate - Accept=[application/json, application/yaml, application/*+json]
2026-02-17 23:04:53 [DiscoveryClient-CacheRefreshExecutor-%d] DEBUG o.s.web.client.RestTemplate - HTTP GET http://localhost:8761/eureka/apps/delta
2026-02-17 23:04:53 [DiscoveryClient-CacheRefreshExecutor-%d] DEBUG o.s.web.client.RestTemplate - Accept=[application/json, application/yaml, application/*+json]
2026-02-17 23:04:53 [DiscoveryClient-HeartbeatExecutor-%d] DEBUG o.s.web.client.RestTemplate - Response 200 OK
2026-02-17 23:04:53 [DiscoveryClient-CacheRefreshExecutor-%d] DEBUG o.s.web.client.RestTemplate - Response 200 OK
2026-02-17 23:04:53 [DiscoveryClient-CacheRefreshExecutor-%d] DEBUG o.s.web.client.RestTemplate - Reading to [org.springframework.cloud.netflix.eureka.http.EurekaApplications]
2026-02-17 23:05:17 [http-nio-8081-exec-8] DEBUG o.s.security.web.FilterChainProxy - Securing GET /auth/analytics/user-counts
2026-02-17 23:05:17 [http-nio-8081-exec-8] DEBUG c.m.a.s.JwtAuthenticationFilter - No Authorization header present for request /auth/analytics/user-counts
2026-02-17 23:05:17 [http-nio-8081-exec-8] DEBUG o.s.security.web.FilterChainProxy - Secured GET /auth/analytics/user-counts
2026-02-17 23:05:17 [http-nio-8081-exec-8] DEBUG o.s.web.servlet.DispatcherServlet - GET "/auth/analytics/user-counts", parameters={}
2026-02-17 23:05:17 [http-nio-8081-exec-8] DEBUG o.s.w.s.m.m.a.RequestMappingHandlerMapping - Mapped to com.medicart.auth.controller.AuthAnalyticsController#getUserCounts()
2026-02-17 23:05:17 [http-nio-8081-exec-8] INFO  c.m.a.c.AuthAnalyticsController - GET /auth/analytics/user-counts
2026-02-17 23:05:17 [http-nio-8081-exec-8] DEBUG o.s.w.s.m.m.a.HttpEntityMethodProcessor - Using 'application/json', given [*/*] and supported [application/json, application/*+json, application/yaml]
2026-02-17 23:05:17 [http-nio-8081-exec-8] DEBUG o.s.w.s.m.m.a.HttpEntityMethodProcessor - Writing [{usersToday=0, totalUsers=3, usersThisWeek=0, usersThisMonth=3, usersThisYear=3}]
2026-02-17 23:05:17 [http-nio-8081-exec-8] DEBUG o.s.web.servlet.DispatcherServlet - Completed 200 OK
2026-02-17 23:05:17 [http-nio-8081-exec-8] DEBUG o.s.s.w.a.AnonymousAuthenticationFilter - Set SecurityContextHolder to anonymous SecurityContext
2026-02-17 23:05:23 [DiscoveryClient-HeartbeatExecutor-%d] DEBUG o.s.web.client.RestTemplate - HTTP PUT http://localhost:8761/eureka/apps/AUTH-SERVICE/auth-service:8081?status=UP&lastDirtyTimestamp=1771349033001
2026-02-17 23:05:23 [DiscoveryClient-HeartbeatExecutor-%d] DEBUG o.s.web.client.RestTemplate - Accept=[application/json, application/yaml, application/*+json]
2026-02-17 23:05:23 [DiscoveryClient-CacheRefreshExecutor-%d] DEBUG o.s.web.client.RestTemplate - HTTP GET http://localhost:8761/eureka/apps/delta
2026-02-17 23:05:23 [DiscoveryClient-CacheRefreshExecutor-%d] DEBUG o.s.web.client.RestTemplate - Accept=[application/json, application/yaml, application/*+json]
2026-02-17 23:05:23 [DiscoveryClient-HeartbeatExecutor-%d] DEBUG o.s.web.client.RestTemplate - Response 200 OK
2026-02-17 23:05:23 [DiscoveryClient-CacheRefreshExecutor-%d] DEBUG o.s.web.client.RestTemplate - Response 200 OK
2026-02-17 23:05:23 [DiscoveryClient-CacheRefreshExecutor-%d] DEBUG o.s.web.client.RestTemplate - Reading to [org.springframework.cloud.netflix.eureka.http.EurekaApplications]
2026-02-17 23:05:53 [DiscoveryClient-HeartbeatExecutor-%d] DEBUG o.s.web.client.RestTemplate - HTTP PUT http://localhost:8761/eureka/apps/AUTH-SERVICE/auth-service:8081?status=UP&lastDirtyTimestamp=1771349033001
2026-02-17 23:05:53 [DiscoveryClient-HeartbeatExecutor-%d] DEBUG o.s.web.client.RestTemplate - Accept=[application/json, application/yaml, application/*+json]
2026-02-17 23:05:53 [DiscoveryClient-CacheRefreshExecutor-%d] DEBUG o.s.web.client.RestTemplate - HTTP GET http://localhost:8761/eureka/apps/delta
2026-02-17 23:05:53 [DiscoveryClient-CacheRefreshExecutor-%d] DEBUG o.s.web.client.RestTemplate - Accept=[application/json, application/yaml, application/*+json]
2026-02-17 23:05:53 [DiscoveryClient-HeartbeatExecutor-%d] DEBUG o.s.web.client.RestTemplate - Response 200 OK
2026-02-17 23:05:53 [DiscoveryClient-CacheRefreshExecutor-%d] DEBUG o.s.web.client.RestTemplate - Response 200 OK
2026-02-17 23:05:53 [DiscoveryClient-CacheRefreshExecutor-%d] DEBUG o.s.web.client.RestTemplate - Reading to [org.springframework.cloud.netflix.eureka.http.EurekaApplications]
2026-02-17 23:06:23 [DiscoveryClient-HeartbeatExecutor-%d] DEBUG o.s.web.client.RestTemplate - HTTP PUT http://localhost:8761/eureka/apps/AUTH-SERVICE/auth-service:8081?status=UP&lastDirtyTimestamp=1771349033001
2026-02-17 23:06:23 [DiscoveryClient-HeartbeatExecutor-%d] DEBUG o.s.web.client.RestTemplate - Accept=[application/json, application/yaml, application/*+json]
2026-02-17 23:06:23 [DiscoveryClient-HeartbeatExecutor-%d] DEBUG o.s.web.client.RestTemplate - Response 200 OK
2026-02-17 23:06:23 [DiscoveryClient-CacheRefreshExecutor-%d] DEBUG o.s.web.client.RestTemplate - HTTP GET http://localhost:8761/eureka/apps/delta
2026-02-17 23:06:23 [DiscoveryClient-CacheRefreshExecutor-%d] DEBUG o.s.web.client.RestTemplate - Accept=[application/json, application/yaml, application/*+json]
2026-02-17 23:06:23 [DiscoveryClient-CacheRefreshExecutor-%d] DEBUG o.s.web.client.RestTemplate - Response 200 OK
2026-02-17 23:06:23 [DiscoveryClient-CacheRefreshExecutor-%d] DEBUG o.s.web.client.RestTemplate - Reading to [org.springframework.cloud.netflix.eureka.http.EurekaApplications]
2026-02-17 23:06:53 [DiscoveryClient-HeartbeatExecutor-%d] DEBUG o.s.web.client.RestTemplate - HTTP PUT http://localhost:8761/eureka/apps/AUTH-SERVICE/auth-service:8081?status=UP&lastDirtyTimestamp=1771349033001
2026-02-17 23:06:53 [DiscoveryClient-HeartbeatExecutor-%d] DEBUG o.s.web.client.RestTemplate - Accept=[application/json, application/yaml, application/*+json]
2026-02-17 23:06:53 [DiscoveryClient-CacheRefreshExecutor-%d] DEBUG o.s.web.client.RestTemplate - HTTP GET http://localhost:8761/eureka/apps/delta
2026-02-17 23:06:53 [DiscoveryClient-CacheRefreshExecutor-%d] DEBUG o.s.web.client.RestTemplate - Accept=[application/json, application/yaml, application/*+json]
2026-02-17 23:06:53 [DiscoveryClient-HeartbeatExecutor-%d] DEBUG o.s.web.client.RestTemplate - Response 200 OK
2026-02-17 23:06:53 [DiscoveryClient-CacheRefreshExecutor-%d] DEBUG o.s.web.client.RestTemplate - Response 200 OK
2026-02-17 23:06:53 [DiscoveryClient-CacheRefreshExecutor-%d] DEBUG o.s.web.client.RestTemplate - Reading to [org.springframework.cloud.netflix.eureka.http.EurekaApplications]
2026-02-17 23:07:23 [DiscoveryClient-HeartbeatExecutor-%d] DEBUG o.s.web.client.RestTemplate - HTTP PUT http://localhost:8761/eureka/apps/AUTH-SERVICE/auth-service:8081?status=UP&lastDirtyTimestamp=1771349033001
2026-02-17 23:07:23 [DiscoveryClient-HeartbeatExecutor-%d] DEBUG o.s.web.client.RestTemplate - Accept=[application/json, application/yaml, application/*+json]
2026-02-17 23:07:23 [DiscoveryClient-CacheRefreshExecutor-%d] DEBUG o.s.web.client.RestTemplate - HTTP GET http://localhost:8761/eureka/apps/delta
2026-02-17 23:07:23 [DiscoveryClient-CacheRefreshExecutor-%d] DEBUG o.s.web.client.RestTemplate - Accept=[application/json, application/yaml, application/*+json]
2026-02-17 23:07:23 [DiscoveryClient-HeartbeatExecutor-%d] DEBUG o.s.web.client.RestTemplate - Response 200 OK
2026-02-17 23:07:23 [DiscoveryClient-CacheRefreshExecutor-%d] DEBUG o.s.web.client.RestTemplate - Response 200 OK
2026-02-17 23:07:23 [DiscoveryClient-CacheRefreshExecutor-%d] DEBUG o.s.web.client.RestTemplate - Reading to [org.springframework.cloud.netflix.eureka.http.EurekaApplications]
2026-02-17 23:07:53 [DiscoveryClient-HeartbeatExecutor-%d] DEBUG o.s.web.client.RestTemplate - HTTP PUT http://localhost:8761/eureka/apps/AUTH-SERVICE/auth-service:8081?status=UP&lastDirtyTimestamp=1771349033001
2026-02-17 23:07:53 [DiscoveryClient-HeartbeatExecutor-%d] DEBUG o.s.web.client.RestTemplate - Accept=[application/json, application/yaml, application/*+json]
2026-02-17 23:07:53 [DiscoveryClient-CacheRefreshExecutor-%d] DEBUG o.s.web.client.RestTemplate - HTTP GET http://localhost:8761/eureka/apps/delta
2026-02-17 23:07:53 [DiscoveryClient-CacheRefreshExecutor-%d] DEBUG o.s.web.client.RestTemplate - Accept=[application/json, application/yaml, application/*+json]
2026-02-17 23:07:53 [DiscoveryClient-HeartbeatExecutor-%d] DEBUG o.s.web.client.RestTemplate - Response 200 OK
2026-02-17 23:07:53 [DiscoveryClient-CacheRefreshExecutor-%d] DEBUG o.s.web.client.RestTemplate - Response 200 OK
2026-02-17 23:07:53 [DiscoveryClient-CacheRefreshExecutor-%d] DEBUG o.s.web.client.RestTemplate - Reading to [org.springframework.cloud.netflix.eureka.http.EurekaApplications]
2026-02-17 23:08:23 [DiscoveryClient-CacheRefreshExecutor-%d] DEBUG o.s.web.client.RestTemplate - HTTP GET http://localhost:8761/eureka/apps/delta
2026-02-17 23:08:23 [DiscoveryClient-HeartbeatExecutor-%d] DEBUG o.s.web.client.RestTemplate - HTTP PUT http://localhost:8761/eureka/apps/AUTH-SERVICE/auth-service:8081?status=UP&lastDirtyTimestamp=1771349033001
2026-02-17 23:08:23 [DiscoveryClient-CacheRefreshExecutor-%d] DEBUG o.s.web.client.RestTemplate - Accept=[application/json, application/yaml, application/*+json]
2026-02-17 23:08:23 [DiscoveryClient-HeartbeatExecutor-%d] DEBUG o.s.web.client.RestTemplate - Accept=[application/json, application/yaml, application/*+json]
2026-02-17 23:08:23 [DiscoveryClient-CacheRefreshExecutor-%d] DEBUG o.s.web.client.RestTemplate - Response 200 OK
2026-02-17 23:08:23 [DiscoveryClient-HeartbeatExecutor-%d] DEBUG o.s.web.client.RestTemplate - Response 200 OK
2026-02-17 23:08:23 [DiscoveryClient-CacheRefreshExecutor-%d] DEBUG o.s.web.client.RestTemplate - Reading to [org.springframework.cloud.netflix.eureka.http.EurekaApplications]
2026-02-17 23:08:52 [AsyncResolver-bootstrap-executor-%d] INFO  c.n.d.s.r.aws.ConfigClusterResolver - Resolving eureka endpoints via configuration
2026-02-17 23:08:53 [DiscoveryClient-CacheRefreshExecutor-%d] DEBUG o.s.web.client.RestTemplate - HTTP GET http://localhost:8761/eureka/apps/delta
2026-02-17 23:08:53 [DiscoveryClient-CacheRefreshExecutor-%d] DEBUG o.s.web.client.RestTemplate - Accept=[application/json, application/yaml, application/*+json]
2026-02-17 23:08:53 [DiscoveryClient-HeartbeatExecutor-%d] DEBUG o.s.web.client.RestTemplate - HTTP PUT http://localhost:8761/eureka/apps/AUTH-SERVICE/auth-service:8081?status=UP&lastDirtyTimestamp=1771349033001
2026-02-17 23:08:53 [DiscoveryClient-HeartbeatExecutor-%d] DEBUG o.s.web.client.RestTemplate - Accept=[application/json, application/yaml, application/*+json]
2026-02-17 23:08:53 [DiscoveryClient-HeartbeatExecutor-%d] DEBUG o.s.web.client.RestTemplate - Response 200 OK
2026-02-17 23:08:53 [DiscoveryClient-CacheRefreshExecutor-%d] DEBUG o.s.web.client.RestTemplate - Response 200 OK
2026-02-17 23:08:53 [DiscoveryClient-CacheRefreshExecutor-%d] DEBUG o.s.web.client.RestTemplate - Reading to [org.springframework.cloud.netflix.eureka.http.EurekaApplications]
2026-02-17 23:09:23 [DiscoveryClient-HeartbeatExecutor-%d] DEBUG o.s.web.client.RestTemplate - HTTP PUT http://localhost:8761/eureka/apps/AUTH-SERVICE/auth-service:8081?status=UP&lastDirtyTimestamp=1771349033001
2026-02-17 23:09:23 [DiscoveryClient-CacheRefreshExecutor-%d] DEBUG o.s.web.client.RestTemplate - HTTP GET http://localhost:8761/eureka/apps/delta
2026-02-17 23:09:23 [DiscoveryClient-CacheRefreshExecutor-%d] DEBUG o.s.web.client.RestTemplate - Accept=[application/json, application/yaml, application/*+json]
2026-02-17 23:09:23 [DiscoveryClient-HeartbeatExecutor-%d] DEBUG o.s.web.client.RestTemplate - Accept=[application/json, application/yaml, application/*+json]
2026-02-17 23:09:24 [DiscoveryClient-HeartbeatExecutor-%d] DEBUG o.s.web.client.RestTemplate - Response 200 OK
2026-02-17 23:09:24 [DiscoveryClient-CacheRefreshExecutor-%d] DEBUG o.s.web.client.RestTemplate - Response 200 OK
2026-02-17 23:09:24 [DiscoveryClient-CacheRefreshExecutor-%d] DEBUG o.s.web.client.RestTemplate - Reading to [org.springframework.cloud.netflix.eureka.http.EurekaApplications]
2026-02-17 23:09:54 [DiscoveryClient-CacheRefreshExecutor-%d] DEBUG o.s.web.client.RestTemplate - HTTP GET http://localhost:8761/eureka/apps/delta
2026-02-17 23:09:54 [DiscoveryClient-HeartbeatExecutor-%d] DEBUG o.s.web.client.RestTemplate - HTTP PUT http://localhost:8761/eureka/apps/AUTH-SERVICE/auth-service:8081?status=UP&lastDirtyTimestamp=1771349033001
2026-02-17 23:09:54 [DiscoveryClient-HeartbeatExecutor-%d] DEBUG o.s.web.client.RestTemplate - Accept=[application/json, application/yaml, application/*+json]
2026-02-17 23:09:54 [DiscoveryClient-CacheRefreshExecutor-%d] DEBUG o.s.web.client.RestTemplate - Accept=[application/json, application/yaml, application/*+json]
2026-02-17 23:09:54 [DiscoveryClient-HeartbeatExecutor-%d] DEBUG o.s.web.client.RestTemplate - Response 200 OK
2026-02-17 23:09:54 [DiscoveryClient-CacheRefreshExecutor-%d] DEBUG o.s.web.client.RestTemplate - Response 200 OK
2026-02-17 23:09:54 [DiscoveryClient-CacheRefreshExecutor-%d] DEBUG o.s.web.client.RestTemplate - Reading to [org.springframework.cloud.netflix.eureka.http.EurekaApplications]
2026-02-17 23:10:24 [DiscoveryClient-CacheRefreshExecutor-%d] DEBUG o.s.web.client.RestTemplate - HTTP GET http://localhost:8761/eureka/apps/delta
2026-02-17 23:10:24 [DiscoveryClient-HeartbeatExecutor-%d] DEBUG o.s.web.client.RestTemplate - HTTP PUT http://localhost:8761/eureka/apps/AUTH-SERVICE/auth-service:8081?status=UP&lastDirtyTimestamp=1771349033001
2026-02-17 23:10:24 [DiscoveryClient-HeartbeatExecutor-%d] DEBUG o.s.web.client.RestTemplate - Accept=[application/json, application/yaml, application/*+json]
2026-02-17 23:10:24 [DiscoveryClient-CacheRefreshExecutor-%d] DEBUG o.s.web.client.RestTemplate - Accept=[application/json, application/yaml, application/*+json]
2026-02-17 23:10:24 [DiscoveryClient-HeartbeatExecutor-%d] DEBUG o.s.web.client.RestTemplate - Response 200 OK
2026-02-17 23:10:24 [DiscoveryClient-CacheRefreshExecutor-%d] DEBUG o.s.web.client.RestTemplate - Response 200 OK
2026-02-17 23:10:24 [DiscoveryClient-CacheRefreshExecutor-%d] DEBUG o.s.web.client.RestTemplate - Reading to [org.springframework.cloud.netflix.eureka.http.EurekaApplications]
2026-02-17 23:10:54 [DiscoveryClient-HeartbeatExecutor-%d] DEBUG o.s.web.client.RestTemplate - HTTP PUT http://localhost:8761/eureka/apps/AUTH-SERVICE/auth-service:8081?status=UP&lastDirtyTimestamp=1771349033001
2026-02-17 23:10:54 [DiscoveryClient-HeartbeatExecutor-%d] DEBUG o.s.web.client.RestTemplate - Accept=[application/json, application/yaml, application/*+json]
2026-02-17 23:10:54 [DiscoveryClient-CacheRefreshExecutor-%d] DEBUG o.s.web.client.RestTemplate - HTTP GET http://localhost:8761/eureka/apps/delta
2026-02-17 23:10:54 [DiscoveryClient-HeartbeatExecutor-%d] DEBUG o.s.web.client.RestTemplate - Response 200 OK
2026-02-17 23:10:54 [DiscoveryClient-CacheRefreshExecutor-%d] DEBUG o.s.web.client.RestTemplate - Accept=[application/json, application/yaml, application/*+json]
2026-02-17 23:10:54 [DiscoveryClient-CacheRefreshExecutor-%d] DEBUG o.s.web.client.RestTemplate - Response 200 OK
2026-02-17 23:10:54 [DiscoveryClient-CacheRefreshExecutor-%d] DEBUG o.s.web.client.RestTemplate - Reading to [org.springframework.cloud.netflix.eureka.http.EurekaApplications]
2026-02-17 23:11:24 [DiscoveryClient-HeartbeatExecutor-%d] DEBUG o.s.web.client.RestTemplate - HTTP PUT http://localhost:8761/eureka/apps/AUTH-SERVICE/auth-service:8081?status=UP&lastDirtyTimestamp=1771349033001
2026-02-17 23:11:24 [DiscoveryClient-HeartbeatExecutor-%d] DEBUG o.s.web.client.RestTemplate - Accept=[application/json, application/yaml, application/*+json]
2026-02-17 23:11:24 [DiscoveryClient-HeartbeatExecutor-%d] DEBUG o.s.web.client.RestTemplate - Response 200 OK
2026-02-17 23:11:24 [DiscoveryClient-CacheRefreshExecutor-%d] DEBUG o.s.web.client.RestTemplate - HTTP GET http://localhost:8761/eureka/apps/delta
2026-02-17 23:11:24 [DiscoveryClient-CacheRefreshExecutor-%d] DEBUG o.s.web.client.RestTemplate - Accept=[application/json, application/yaml, application/*+json]
2026-02-17 23:11:24 [DiscoveryClient-CacheRefreshExecutor-%d] DEBUG o.s.web.client.RestTemplate - Response 200 OK
2026-02-17 23:11:24 [DiscoveryClient-CacheRefreshExecutor-%d] DEBUG o.s.web.client.RestTemplate - Reading to [org.springframework.cloud.netflix.eureka.http.EurekaApplications]
2026-02-17 23:11:54 [DiscoveryClient-HeartbeatExecutor-%d] DEBUG o.s.web.client.RestTemplate - HTTP PUT http://localhost:8761/eureka/apps/AUTH-SERVICE/auth-service:8081?status=UP&lastDirtyTimestamp=1771349033001
2026-02-17 23:11:54 [DiscoveryClient-HeartbeatExecutor-%d] DEBUG o.s.web.client.RestTemplate - Accept=[application/json, application/yaml, application/*+json]
2026-02-17 23:11:54 [DiscoveryClient-CacheRefreshExecutor-%d] DEBUG o.s.web.client.RestTemplate - HTTP GET http://localhost:8761/eureka/apps/delta
2026-02-17 23:11:54 [DiscoveryClient-CacheRefreshExecutor-%d] DEBUG o.s.web.client.RestTemplate - Accept=[application/json, application/yaml, application/*+json]
2026-02-17 23:11:54 [DiscoveryClient-HeartbeatExecutor-%d] DEBUG o.s.web.client.RestTemplate - Response 200 OK
2026-02-17 23:11:54 [DiscoveryClient-CacheRefreshExecutor-%d] DEBUG o.s.web.client.RestTemplate - Response 200 OK
2026-02-17 23:11:54 [DiscoveryClient-CacheRefreshExecutor-%d] DEBUG o.s.web.client.RestTemplate - Reading to [org.springframework.cloud.netflix.eureka.http.EurekaApplications]
2026-02-17 23:12:24 [DiscoveryClient-HeartbeatExecutor-%d] DEBUG o.s.web.client.RestTemplate - HTTP PUT http://localhost:8761/eureka/apps/AUTH-SERVICE/auth-service:8081?status=UP&lastDirtyTimestamp=1771349033001
2026-02-17 23:12:24 [DiscoveryClient-HeartbeatExecutor-%d] DEBUG o.s.web.client.RestTemplate - Accept=[application/json, application/yaml, application/*+json]
2026-02-17 23:12:24 [DiscoveryClient-CacheRefreshExecutor-%d] DEBUG o.s.web.client.RestTemplate - HTTP GET http://localhost:8761/eureka/apps/delta
2026-02-17 23:12:24 [DiscoveryClient-CacheRefreshExecutor-%d] DEBUG o.s.web.client.RestTemplate - Accept=[application/json, application/yaml, application/*+json]
2026-02-17 23:12:24 [DiscoveryClient-HeartbeatExecutor-%d] DEBUG o.s.web.client.RestTemplate - Response 200 OK
2026-02-17 23:12:24 [DiscoveryClient-CacheRefreshExecutor-%d] DEBUG o.s.web.client.RestTemplate - Response 200 OK
2026-02-17 23:12:24 [DiscoveryClient-CacheRefreshExecutor-%d] DEBUG o.s.web.client.RestTemplate - Reading to [org.springframework.cloud.netflix.eureka.http.EurekaApplications]
2026-02-17 23:12:54 [DiscoveryClient-HeartbeatExecutor-%d] DEBUG o.s.web.client.RestTemplate - HTTP PUT http://localhost:8761/eureka/apps/AUTH-SERVICE/auth-service:8081?status=UP&lastDirtyTimestamp=1771349033001
2026-02-17 23:12:54 [DiscoveryClient-HeartbeatExecutor-%d] DEBUG o.s.web.client.RestTemplate - Accept=[application/json, application/yaml, application/*+json]
2026-02-17 23:12:54 [DiscoveryClient-CacheRefreshExecutor-%d] DEBUG o.s.web.client.RestTemplate - HTTP GET http://localhost:8761/eureka/apps/delta
2026-02-17 23:12:54 [DiscoveryClient-CacheRefreshExecutor-%d] DEBUG o.s.web.client.RestTemplate - Accept=[application/json, application/yaml, application/*+json]
2026-02-17 23:12:54 [DiscoveryClient-HeartbeatExecutor-%d] DEBUG o.s.web.client.RestTemplate - Response 200 OK
2026-02-17 23:12:54 [DiscoveryClient-CacheRefreshExecutor-%d] DEBUG o.s.web.client.RestTemplate - Response 200 OK
2026-02-17 23:12:54 [DiscoveryClient-CacheRefreshExecutor-%d] DEBUG o.s.web.client.RestTemplate - Reading to [org.springframework.cloud.netflix.eureka.http.EurekaApplications]
2026-02-17 23:13:24 [DiscoveryClient-HeartbeatExecutor-%d] DEBUG o.s.web.client.RestTemplate - HTTP PUT http://localhost:8761/eureka/apps/AUTH-SERVICE/auth-service:8081?status=UP&lastDirtyTimestamp=1771349033001
2026-02-17 23:13:24 [DiscoveryClient-HeartbeatExecutor-%d] DEBUG o.s.web.client.RestTemplate - Accept=[application/json, application/yaml, application/*+json]
2026-02-17 23:13:24 [DiscoveryClient-CacheRefreshExecutor-%d] DEBUG o.s.web.client.RestTemplate - HTTP GET http://localhost:8761/eureka/apps/delta
2026-02-17 23:13:24 [DiscoveryClient-CacheRefreshExecutor-%d] DEBUG o.s.web.client.RestTemplate - Accept=[application/json, application/yaml, application/*+json]
2026-02-17 23:13:24 [DiscoveryClient-HeartbeatExecutor-%d] DEBUG o.s.web.client.RestTemplate - Response 200 OK
2026-02-17 23:13:24 [DiscoveryClient-CacheRefreshExecutor-%d] DEBUG o.s.web.client.RestTemplate - Response 200 OK
2026-02-17 23:13:24 [DiscoveryClient-CacheRefreshExecutor-%d] DEBUG o.s.web.client.RestTemplate - Reading to [org.springframework.cloud.netflix.eureka.http.EurekaApplications]
2026-02-17 23:13:52 [AsyncResolver-bootstrap-executor-%d] INFO  c.n.d.s.r.aws.ConfigClusterResolver - Resolving eureka endpoints via configuration
2026-02-17 23:13:54 [DiscoveryClient-HeartbeatExecutor-%d] DEBUG o.s.web.client.RestTemplate - HTTP PUT http://localhost:8761/eureka/apps/AUTH-SERVICE/auth-service:8081?status=UP&lastDirtyTimestamp=1771349033001
2026-02-17 23:13:54 [DiscoveryClient-HeartbeatExecutor-%d] DEBUG o.s.web.client.RestTemplate - Accept=[application/json, application/yaml, application/*+json]
2026-02-17 23:13:54 [DiscoveryClient-CacheRefreshExecutor-%d] DEBUG o.s.web.client.RestTemplate - HTTP GET http://localhost:8761/eureka/apps/delta
2026-02-17 23:13:54 [DiscoveryClient-CacheRefreshExecutor-%d] DEBUG o.s.web.client.RestTemplate - Accept=[application/json, application/yaml, application/*+json]
2026-02-17 23:13:54 [DiscoveryClient-HeartbeatExecutor-%d] DEBUG o.s.web.client.RestTemplate - Response 200 OK
2026-02-17 23:13:54 [DiscoveryClient-CacheRefreshExecutor-%d] DEBUG o.s.web.client.RestTemplate - Response 200 OK
2026-02-17 23:13:54 [DiscoveryClient-CacheRefreshExecutor-%d] DEBUG o.s.web.client.RestTemplate - Reading to [org.springframework.cloud.netflix.eureka.http.EurekaApplications]
2026-02-17 23:14:24 [DiscoveryClient-HeartbeatExecutor-%d] DEBUG o.s.web.client.RestTemplate - HTTP PUT http://localhost:8761/eureka/apps/AUTH-SERVICE/auth-service:8081?status=UP&lastDirtyTimestamp=1771349033001
2026-02-17 23:14:24 [DiscoveryClient-HeartbeatExecutor-%d] DEBUG o.s.web.client.RestTemplate - Accept=[application/json, application/yaml, application/*+json]
2026-02-17 23:14:24 [DiscoveryClient-CacheRefreshExecutor-%d] DEBUG o.s.web.client.RestTemplate - HTTP GET http://localhost:8761/eureka/apps/delta
2026-02-17 23:14:24 [DiscoveryClient-CacheRefreshExecutor-%d] DEBUG o.s.web.client.RestTemplate - Accept=[application/json, application/yaml, application/*+json]
2026-02-17 23:14:24 [DiscoveryClient-HeartbeatExecutor-%d] DEBUG o.s.web.client.RestTemplate - Response 200 OK
2026-02-17 23:14:24 [DiscoveryClient-CacheRefreshExecutor-%d] DEBUG o.s.web.client.RestTemplate - Response 200 OK
2026-02-17 23:14:24 [DiscoveryClient-CacheRefreshExecutor-%d] DEBUG o.s.web.client.RestTemplate - Reading to [org.springframework.cloud.netflix.eureka.http.EurekaApplications]
2026-02-17 23:14:54 [DiscoveryClient-HeartbeatExecutor-%d] DEBUG o.s.web.client.RestTemplate - HTTP PUT http://localhost:8761/eureka/apps/AUTH-SERVICE/auth-service:8081?status=UP&lastDirtyTimestamp=1771349033001
2026-02-17 23:14:54 [DiscoveryClient-HeartbeatExecutor-%d] DEBUG o.s.web.client.RestTemplate - Accept=[application/json, application/yaml, application/*+json]
2026-02-17 23:14:54 [DiscoveryClient-CacheRefreshExecutor-%d] DEBUG o.s.web.client.RestTemplate - HTTP GET http://localhost:8761/eureka/apps/delta
2026-02-17 23:14:54 [DiscoveryClient-CacheRefreshExecutor-%d] DEBUG o.s.web.client.RestTemplate - Accept=[application/json, application/yaml, application/*+json]
2026-02-17 23:14:54 [DiscoveryClient-HeartbeatExecutor-%d] DEBUG o.s.web.client.RestTemplate - Response 200 OK
2026-02-17 23:14:54 [DiscoveryClient-CacheRefreshExecutor-%d] DEBUG o.s.web.client.RestTemplate - Response 200 OK
2026-02-17 23:14:54 [DiscoveryClient-CacheRefreshExecutor-%d] DEBUG o.s.web.client.RestTemplate - Reading to [org.springframework.cloud.netflix.eureka.http.EurekaApplications]
2026-02-17 23:15:24 [DiscoveryClient-HeartbeatExecutor-%d] DEBUG o.s.web.client.RestTemplate - HTTP PUT http://localhost:8761/eureka/apps/AUTH-SERVICE/auth-service:8081?status=UP&lastDirtyTimestamp=1771349033001
2026-02-17 23:15:24 [DiscoveryClient-HeartbeatExecutor-%d] DEBUG o.s.web.client.RestTemplate - Accept=[application/json, application/yaml, application/*+json]
2026-02-17 23:15:24 [DiscoveryClient-CacheRefreshExecutor-%d] DEBUG o.s.web.client.RestTemplate - HTTP GET http://localhost:8761/eureka/apps/delta
2026-02-17 23:15:24 [DiscoveryClient-CacheRefreshExecutor-%d] DEBUG o.s.web.client.RestTemplate - Accept=[application/json, application/yaml, application/*+json]
2026-02-17 23:15:24 [DiscoveryClient-HeartbeatExecutor-%d] DEBUG o.s.web.client.RestTemplate - Response 200 OK
2026-02-17 23:15:24 [DiscoveryClient-CacheRefreshExecutor-%d] DEBUG o.s.web.client.RestTemplate - Response 200 OK
2026-02-17 23:15:24 [DiscoveryClient-CacheRefreshExecutor-%d] DEBUG o.s.web.client.RestTemplate - Reading to [org.springframework.cloud.netflix.eureka.http.EurekaApplications]
2026-02-17 23:15:54 [DiscoveryClient-HeartbeatExecutor-%d] DEBUG o.s.web.client.RestTemplate - HTTP PUT http://localhost:8761/eureka/apps/AUTH-SERVICE/auth-service:8081?status=UP&lastDirtyTimestamp=1771349033001
2026-02-17 23:15:54 [DiscoveryClient-HeartbeatExecutor-%d] DEBUG o.s.web.client.RestTemplate - Accept=[application/json, application/yaml, application/*+json]
2026-02-17 23:15:54 [DiscoveryClient-CacheRefreshExecutor-%d] DEBUG o.s.web.client.RestTemplate - HTTP GET http://localhost:8761/eureka/apps/delta
2026-02-17 23:15:54 [DiscoveryClient-CacheRefreshExecutor-%d] DEBUG o.s.web.client.RestTemplate - Accept=[application/json, application/yaml, application/*+json]
2026-02-17 23:15:54 [DiscoveryClient-HeartbeatExecutor-%d] DEBUG o.s.web.client.RestTemplate - Response 200 OK
2026-02-17 23:15:54 [DiscoveryClient-CacheRefreshExecutor-%d] DEBUG o.s.web.client.RestTemplate - Response 200 OK
2026-02-17 23:15:54 [DiscoveryClient-CacheRefreshExecutor-%d] DEBUG o.s.web.client.RestTemplate - Reading to [org.springframework.cloud.netflix.eureka.http.EurekaApplications]
2026-02-17 23:16:24 [DiscoveryClient-HeartbeatExecutor-%d] DEBUG o.s.web.client.RestTemplate - HTTP PUT http://localhost:8761/eureka/apps/AUTH-SERVICE/auth-service:8081?status=UP&lastDirtyTimestamp=1771349033001
2026-02-17 23:16:24 [DiscoveryClient-HeartbeatExecutor-%d] DEBUG o.s.web.client.RestTemplate - Accept=[application/json, application/yaml, application/*+json]
2026-02-17 23:16:24 [DiscoveryClient-CacheRefreshExecutor-%d] DEBUG o.s.web.client.RestTemplate - HTTP GET http://localhost:8761/eureka/apps/delta
2026-02-17 23:16:24 [DiscoveryClient-CacheRefreshExecutor-%d] DEBUG o.s.web.client.RestTemplate - Accept=[application/json, application/yaml, application/*+json]
2026-02-17 23:16:24 [DiscoveryClient-HeartbeatExecutor-%d] DEBUG o.s.web.client.RestTemplate - Response 200 OK
2026-02-17 23:16:24 [DiscoveryClient-CacheRefreshExecutor-%d] DEBUG o.s.web.client.RestTemplate - Response 200 OK
2026-02-17 23:16:24 [DiscoveryClient-CacheRefreshExecutor-%d] DEBUG o.s.web.client.RestTemplate - Reading to [org.springframework.cloud.netflix.eureka.http.EurekaApplications]
2026-02-17 23:16:54 [DiscoveryClient-HeartbeatExecutor-%d] DEBUG o.s.web.client.RestTemplate - HTTP PUT http://localhost:8761/eureka/apps/AUTH-SERVICE/auth-service:8081?status=UP&lastDirtyTimestamp=1771349033001
2026-02-17 23:16:54 [DiscoveryClient-HeartbeatExecutor-%d] DEBUG o.s.web.client.RestTemplate - Accept=[application/json, application/yaml, application/*+json]
2026-02-17 23:16:54 [DiscoveryClient-CacheRefreshExecutor-%d] DEBUG o.s.web.client.RestTemplate - HTTP GET http://localhost:8761/eureka/apps/delta
2026-02-17 23:16:54 [DiscoveryClient-CacheRefreshExecutor-%d] DEBUG o.s.web.client.RestTemplate - Accept=[application/json, application/yaml, application/*+json]
2026-02-17 23:16:54 [DiscoveryClient-HeartbeatExecutor-%d] DEBUG o.s.web.client.RestTemplate - Response 200 OK
2026-02-17 23:16:54 [DiscoveryClient-CacheRefreshExecutor-%d] DEBUG o.s.web.client.RestTemplate - Response 200 OK
2026-02-17 23:16:54 [DiscoveryClient-CacheRefreshExecutor-%d] DEBUG o.s.web.client.RestTemplate - Reading to [org.springframework.cloud.netflix.eureka.http.EurekaApplications]
2026-02-17 23:17:24 [DiscoveryClient-HeartbeatExecutor-%d] DEBUG o.s.web.client.RestTemplate - HTTP PUT http://localhost:8761/eureka/apps/AUTH-SERVICE/auth-service:8081?status=UP&lastDirtyTimestamp=1771349033001
2026-02-17 23:17:24 [DiscoveryClient-HeartbeatExecutor-%d] DEBUG o.s.web.client.RestTemplate - Accept=[application/json, application/yaml, application/*+json]
2026-02-17 23:17:24 [DiscoveryClient-CacheRefreshExecutor-%d] DEBUG o.s.web.client.RestTemplate - HTTP GET http://localhost:8761/eureka/apps/delta
2026-02-17 23:17:24 [DiscoveryClient-CacheRefreshExecutor-%d] DEBUG o.s.web.client.RestTemplate - Accept=[application/json, application/yaml, application/*+json]
2026-02-17 23:17:24 [DiscoveryClient-HeartbeatExecutor-%d] DEBUG o.s.web.client.RestTemplate - Response 200 OK
2026-02-17 23:17:24 [DiscoveryClient-CacheRefreshExecutor-%d] DEBUG o.s.web.client.RestTemplate - Response 200 OK
2026-02-17 23:17:24 [DiscoveryClient-CacheRefreshExecutor-%d] DEBUG o.s.web.client.RestTemplate - Reading to [org.springframework.cloud.netflix.eureka.http.EurekaApplications]
2026-02-17 23:17:54 [DiscoveryClient-HeartbeatExecutor-%d] DEBUG o.s.web.client.RestTemplate - HTTP PUT http://localhost:8761/eureka/apps/AUTH-SERVICE/auth-service:8081?status=UP&lastDirtyTimestamp=1771349033001
2026-02-17 23:17:54 [DiscoveryClient-HeartbeatExecutor-%d] DEBUG o.s.web.client.RestTemplate - Accept=[application/json, application/yaml, application/*+json]
2026-02-17 23:17:54 [DiscoveryClient-CacheRefreshExecutor-%d] DEBUG o.s.web.client.RestTemplate - HTTP GET http://localhost:8761/eureka/apps/delta
2026-02-17 23:17:54 [DiscoveryClient-CacheRefreshExecutor-%d] DEBUG o.s.web.client.RestTemplate - Accept=[application/json, application/yaml, application/*+json]
2026-02-17 23:17:54 [DiscoveryClient-HeartbeatExecutor-%d] DEBUG o.s.web.client.RestTemplate - Response 200 OK
2026-02-17 23:17:54 [DiscoveryClient-CacheRefreshExecutor-%d] DEBUG o.s.web.client.RestTemplate - Response 200 OK
2026-02-17 23:17:54 [DiscoveryClient-CacheRefreshExecutor-%d] DEBUG o.s.web.client.RestTemplate - Reading to [org.springframework.cloud.netflix.eureka.http.EurekaApplications]
2026-02-17 23:18:24 [DiscoveryClient-HeartbeatExecutor-%d] DEBUG o.s.web.client.RestTemplate - HTTP PUT http://localhost:8761/eureka/apps/AUTH-SERVICE/auth-service:8081?status=UP&lastDirtyTimestamp=1771349033001
2026-02-17 23:18:24 [DiscoveryClient-HeartbeatExecutor-%d] DEBUG o.s.web.client.RestTemplate - Accept=[application/json, application/yaml, application/*+json]
2026-02-17 23:18:24 [DiscoveryClient-CacheRefreshExecutor-%d] DEBUG o.s.web.client.RestTemplate - HTTP GET http://localhost:8761/eureka/apps/delta
2026-02-17 23:18:24 [DiscoveryClient-CacheRefreshExecutor-%d] DEBUG o.s.web.client.RestTemplate - Accept=[application/json, application/yaml, application/*+json]
2026-02-17 23:18:24 [DiscoveryClient-HeartbeatExecutor-%d] DEBUG o.s.web.client.RestTemplate - Response 200 OK
2026-02-17 23:18:24 [DiscoveryClient-CacheRefreshExecutor-%d] DEBUG o.s.web.client.RestTemplate - Response 200 OK
2026-02-17 23:18:24 [DiscoveryClient-CacheRefreshExecutor-%d] DEBUG o.s.web.client.RestTemplate - Reading to [org.springframework.cloud.netflix.eureka.http.EurekaApplications]
2026-02-17 23:18:52 [AsyncResolver-bootstrap-executor-%d] INFO  c.n.d.s.r.aws.ConfigClusterResolver - Resolving eureka endpoints via configuration
2026-02-17 23:18:54 [DiscoveryClient-HeartbeatExecutor-%d] DEBUG o.s.web.client.RestTemplate - HTTP PUT http://localhost:8761/eureka/apps/AUTH-SERVICE/auth-service:8081?status=UP&lastDirtyTimestamp=1771349033001
2026-02-17 23:18:54 [DiscoveryClient-CacheRefreshExecutor-%d] DEBUG o.s.web.client.RestTemplate - HTTP GET http://localhost:8761/eureka/apps/delta
2026-02-17 23:18:54 [DiscoveryClient-CacheRefreshExecutor-%d] DEBUG o.s.web.client.RestTemplate - Accept=[application/json, application/yaml, application/*+json]
2026-02-17 23:18:54 [DiscoveryClient-HeartbeatExecutor-%d] DEBUG o.s.web.client.RestTemplate - Accept=[application/json, application/yaml, application/*+json]
2026-02-17 23:18:54 [DiscoveryClient-HeartbeatExecutor-%d] DEBUG o.s.web.client.RestTemplate - Response 200 OK
2026-02-17 23:18:54 [DiscoveryClient-CacheRefreshExecutor-%d] DEBUG o.s.web.client.RestTemplate - Response 200 OK
2026-02-17 23:18:54 [DiscoveryClient-CacheRefreshExecutor-%d] DEBUG o.s.web.client.RestTemplate - Reading to [org.springframework.cloud.netflix.eureka.http.EurekaApplications]
2026-02-17 23:19:24 [DiscoveryClient-HeartbeatExecutor-%d] DEBUG o.s.web.client.RestTemplate - HTTP PUT http://localhost:8761/eureka/apps/AUTH-SERVICE/auth-service:8081?status=UP&lastDirtyTimestamp=1771349033001
2026-02-17 23:19:24 [DiscoveryClient-HeartbeatExecutor-%d] DEBUG o.s.web.client.RestTemplate - Accept=[application/json, application/yaml, application/*+json]
2026-02-17 23:19:24 [DiscoveryClient-CacheRefreshExecutor-%d] DEBUG o.s.web.client.RestTemplate - HTTP GET http://localhost:8761/eureka/apps/delta
2026-02-17 23:19:24 [DiscoveryClient-CacheRefreshExecutor-%d] DEBUG o.s.web.client.RestTemplate - Accept=[application/json, application/yaml, application/*+json]
2026-02-17 23:19:24 [DiscoveryClient-HeartbeatExecutor-%d] DEBUG o.s.web.client.RestTemplate - Response 200 OK
2026-02-17 23:19:24 [DiscoveryClient-CacheRefreshExecutor-%d] DEBUG o.s.web.client.RestTemplate - Response 200 OK
2026-02-17 23:19:24 [DiscoveryClient-CacheRefreshExecutor-%d] DEBUG o.s.web.client.RestTemplate - Reading to [org.springframework.cloud.netflix.eureka.http.EurekaApplications]
2026-02-17 23:19:54 [DiscoveryClient-HeartbeatExecutor-%d] DEBUG o.s.web.client.RestTemplate - HTTP PUT http://localhost:8761/eureka/apps/AUTH-SERVICE/auth-service:8081?status=UP&lastDirtyTimestamp=1771349033001
2026-02-17 23:19:54 [DiscoveryClient-HeartbeatExecutor-%d] DEBUG o.s.web.client.RestTemplate - Accept=[application/json, application/yaml, application/*+json]
2026-02-17 23:19:54 [DiscoveryClient-HeartbeatExecutor-%d] DEBUG o.s.web.client.RestTemplate - Response 200 OK
2026-02-17 23:19:54 [DiscoveryClient-CacheRefreshExecutor-%d] DEBUG o.s.web.client.RestTemplate - HTTP GET http://localhost:8761/eureka/apps/delta
2026-02-17 23:19:54 [DiscoveryClient-CacheRefreshExecutor-%d] DEBUG o.s.web.client.RestTemplate - Accept=[application/json, application/yaml, application/*+json]
2026-02-17 23:19:54 [DiscoveryClient-CacheRefreshExecutor-%d] DEBUG o.s.web.client.RestTemplate - Response 200 OK
2026-02-17 23:19:54 [DiscoveryClient-CacheRefreshExecutor-%d] DEBUG o.s.web.client.RestTemplate - Reading to [org.springframework.cloud.netflix.eureka.http.EurekaApplications]
2026-02-17 23:20:24 [DiscoveryClient-HeartbeatExecutor-%d] DEBUG o.s.web.client.RestTemplate - HTTP PUT http://localhost:8761/eureka/apps/AUTH-SERVICE/auth-service:8081?status=UP&lastDirtyTimestamp=1771349033001
2026-02-17 23:20:24 [DiscoveryClient-HeartbeatExecutor-%d] DEBUG o.s.web.client.RestTemplate - Accept=[application/json, application/yaml, application/*+json]
2026-02-17 23:20:24 [DiscoveryClient-HeartbeatExecutor-%d] DEBUG o.s.web.client.RestTemplate - Response 200 OK
2026-02-17 23:20:24 [DiscoveryClient-CacheRefreshExecutor-%d] DEBUG o.s.web.client.RestTemplate - HTTP GET http://localhost:8761/eureka/apps/delta
2026-02-17 23:20:24 [DiscoveryClient-CacheRefreshExecutor-%d] DEBUG o.s.web.client.RestTemplate - Accept=[application/json, application/yaml, application/*+json]
2026-02-17 23:20:24 [DiscoveryClient-CacheRefreshExecutor-%d] DEBUG o.s.web.client.RestTemplate - Response 200 OK
2026-02-17 23:20:24 [DiscoveryClient-CacheRefreshExecutor-%d] DEBUG o.s.web.client.RestTemplate - Reading to [org.springframework.cloud.netflix.eureka.http.EurekaApplications]
2026-02-17 23:20:54 [DiscoveryClient-HeartbeatExecutor-%d] DEBUG o.s.web.client.RestTemplate - HTTP PUT http://localhost:8761/eureka/apps/AUTH-SERVICE/auth-service:8081?status=UP&lastDirtyTimestamp=1771349033001
2026-02-17 23:20:54 [DiscoveryClient-HeartbeatExecutor-%d] DEBUG o.s.web.client.RestTemplate - Accept=[application/json, application/yaml, application/*+json]
2026-02-17 23:20:54 [DiscoveryClient-HeartbeatExecutor-%d] DEBUG o.s.web.client.RestTemplate - Response 200 OK
2026-02-17 23:20:54 [DiscoveryClient-CacheRefreshExecutor-%d] DEBUG o.s.web.client.RestTemplate - HTTP GET http://localhost:8761/eureka/apps/delta
2026-02-17 23:20:54 [DiscoveryClient-CacheRefreshExecutor-%d] DEBUG o.s.web.client.RestTemplate - Accept=[application/json, application/yaml, application/*+json]
2026-02-17 23:20:54 [DiscoveryClient-CacheRefreshExecutor-%d] DEBUG o.s.web.client.RestTemplate - Response 200 OK
2026-02-17 23:20:54 [DiscoveryClient-CacheRefreshExecutor-%d] DEBUG o.s.web.client.RestTemplate - Reading to [org.springframework.cloud.netflix.eureka.http.EurekaApplications]
2026-02-17 23:21:03 [background-preinit] INFO  o.h.validator.internal.util.Version - HV000001: Hibernate Validator 8.0.2.Final
2026-02-17 23:21:03 [main] INFO  c.m.auth.AuthServiceApplication - Starting AuthServiceApplication using Java 21.0.6 with PID 31812 (C:\Users\2460680\Downloads\Medicart full stack\Medicart full stack\microservices\auth-service\target\classes started by 2460680 in C:\Users\2460680\Downloads\Medicart full stack\Medicart full stack)
2026-02-17 23:21:03 [main] DEBUG c.m.auth.AuthServiceApplication - Running with Spring Boot v3.4.2, Spring v6.2.2
2026-02-17 23:21:03 [main] INFO  c.m.auth.AuthServiceApplication - The following 1 profile is active: "dev"
2026-02-17 23:21:07 [main] INFO  o.s.d.r.c.RepositoryConfigurationDelegate - Bootstrapping Spring Data JPA repositories in DEFAULT mode.
2026-02-17 23:21:07 [main] INFO  o.s.d.r.c.RepositoryConfigurationDelegate - Finished Spring Data repository scanning in 552 ms. Found 2 JPA repository interfaces.
2026-02-17 23:21:08 [main] INFO  o.s.cloud.context.scope.GenericScope - BeanFactory id=193c5db6-45af-3b98-a341-2e46375129a6
2026-02-17 23:21:10 [main] INFO  o.s.b.w.e.tomcat.TomcatWebServer - Tomcat initialized with port 8081 (http)
2026-02-17 23:21:10 [main] INFO  o.a.coyote.http11.Http11NioProtocol - Initializing ProtocolHandler ["http-nio-8081"]
2026-02-17 23:21:10 [main] INFO  o.a.catalina.core.StandardService - Starting service [Tomcat]
2026-02-17 23:21:10 [main] INFO  o.a.catalina.core.StandardEngine - Starting Servlet engine: [Apache Tomcat/10.1.34]
2026-02-17 23:21:10 [main] INFO  o.a.c.c.C.[Tomcat].[localhost].[/] - Initializing Spring embedded WebApplicationContext
2026-02-17 23:21:10 [main] INFO  o.s.b.w.s.c.ServletWebServerApplicationContext - Root WebApplicationContext: initialization completed in 7053 ms
2026-02-17 23:21:10 [main] DEBUG c.m.a.s.JwtAuthenticationFilter - Filter 'jwtAuthenticationFilter' configured for use
2026-02-17 23:21:11 [main] INFO  o.h.jpa.internal.util.LogHelper - HHH000204: Processing PersistenceUnitInfo [name: default]
2026-02-17 23:21:11 [main] INFO  org.hibernate.Version - HHH000412: Hibernate ORM core version 6.6.5.Final
2026-02-17 23:21:11 [main] INFO  o.h.c.i.RegionFactoryInitiator - HHH000026: Second-level cache disabled
2026-02-17 23:21:12 [main] INFO  o.s.o.j.p.SpringPersistenceUnitInfo - No LoadTimeWeaver setup: ignoring JPA class transformer
2026-02-17 23:21:13 [main] INFO  com.zaxxer.hikari.HikariDataSource - HikariPool-1 - Starting...
2026-02-17 23:21:13 [main] INFO  com.zaxxer.hikari.pool.HikariPool - HikariPool-1 - Added connection com.mysql.cj.jdbc.ConnectionImpl@53ddabc6
2026-02-17 23:21:13 [main] INFO  com.zaxxer.hikari.HikariDataSource - HikariPool-1 - Start completed.
2026-02-17 23:21:13 [main] WARN  org.hibernate.orm.deprecation - HHH90000025: MySQL8Dialect does not need to be specified explicitly using 'hibernate.dialect' (remove the property setting and it will be selected by default)
2026-02-17 23:21:13 [main] WARN  org.hibernate.orm.deprecation - HHH90000026: MySQL8Dialect has been deprecated; use org.hibernate.dialect.MySQLDialect instead
2026-02-17 23:21:13 [main] INFO  o.hibernate.orm.connections.pooling - HHH10001005: Database info:
	Database JDBC URL [Connecting through datasource 'HikariDataSource (HikariPool-1)']
	Database driver: undefined/unknown
	Database version: 8.0
	Autocommit mode: undefined/unknown
	Isolation level: undefined/unknown
	Minimum pool size: undefined/unknown
	Maximum pool size: undefined/unknown
2026-02-17 23:21:16 [main] INFO  o.h.e.t.j.p.i.JtaPlatformInitiator - HHH000489: No JTA platform available (set 'hibernate.transaction.jta.platform' to enable JTA platform integration)
2026-02-17 23:21:16 [main] INFO  o.s.o.j.LocalContainerEntityManagerFactoryBean - Initialized JPA EntityManagerFactory for persistence unit 'default'
2026-02-17 23:21:18 [main] WARN  o.s.b.a.o.j.JpaBaseConfiguration$JpaWebConfiguration - spring.jpa.open-in-view is enabled by default. Therefore, database queries may be performed during view rendering. Explicitly configure spring.jpa.open-in-view to disable this warning
2026-02-17 23:21:18 [main] WARN  o.s.b.a.s.s.UserDetailsServiceAutoConfiguration - 

Using generated security password: 73c492eb-be26-4d7d-99ba-b617dfd9a611

This generated password is for development use only. Your security configuration must be updated before running your application in production.

2026-02-17 23:21:18 [main] INFO  o.s.s.c.a.a.c.InitializeUserDetailsBeanManagerConfigurer$InitializeUserDetailsManagerConfigurer - Global AuthenticationManager configured with UserDetailsService bean with name inMemoryUserDetailsManager
2026-02-17 23:21:18 [main] DEBUG o.s.w.s.m.m.a.RequestMappingHandlerMapping - 25 mappings in 'requestMappingHandlerMapping'
2026-02-17 23:21:19 [main] DEBUG o.s.w.s.h.SimpleUrlHandlerMapping - Patterns [/webjars/**, /**, /swagger-ui*/*swagger-initializer.js, /swagger-ui*/**] in 'resourceHandlerMapping'
2026-02-17 23:21:19 [main] WARN  o.s.s.c.a.w.c.AuthorizeHttpRequestsConfigurer$AuthorizationManagerRequestMatcherRegistry - One of the patterns in [GET, /auth/me, /api/auth/me] is missing a leading slash. This is discouraged; please include the leading slash in all your request matcher patterns. In future versions of Spring Security, leaving out the leading slash will result in an exception.
2026-02-17 23:21:19 [main] WARN  o.s.s.c.a.w.c.AuthorizeHttpRequestsConfigurer$AuthorizationManagerRequestMatcherRegistry - One of the patterns in [GET, /auth/users, /api/auth/users] is missing a leading slash. This is discouraged; please include the leading slash in all your request matcher patterns. In future versions of Spring Security, leaving out the leading slash will result in an exception.
2026-02-17 23:21:19 [main] WARN  o.s.s.c.a.w.c.AuthorizeHttpRequestsConfigurer$AuthorizationManagerRequestMatcherRegistry - One of the patterns in [GET, /auth/users/**, /api/auth/users/**] is missing a leading slash. This is discouraged; please include the leading slash in all your request matcher patterns. In future versions of Spring Security, leaving out the leading slash will result in an exception.
2026-02-17 23:21:19 [main] WARN  o.s.s.c.a.w.c.AuthorizeHttpRequestsConfigurer$AuthorizationManagerRequestMatcherRegistry - One of the patterns in [PUT, /auth/users/**, /api/auth/users/**] is missing a leading slash. This is discouraged; please include the leading slash in all your request matcher patterns. In future versions of Spring Security, leaving out the leading slash will result in an exception.
2026-02-17 23:21:19 [main] WARN  o.s.s.c.a.w.c.AuthorizeHttpRequestsConfigurer$AuthorizationManagerRequestMatcherRegistry - One of the patterns in [DELETE, /auth/users/**, /api/auth/users/**] is missing a leading slash. This is discouraged; please include the leading slash in all your request matcher patterns. In future versions of Spring Security, leaving out the leading slash will result in an exception.
2026-02-17 23:21:19 [main] DEBUG o.s.s.web.DefaultSecurityFilterChain - Will secure any request with filters: DisableEncodeUrlFilter, WebAsyncManagerIntegrationFilter, SecurityContextHolderFilter, HeaderWriterFilter, LogoutFilter, JwtAuthenticationFilter, RequestCacheAwareFilter, SecurityContextHolderAwareRequestFilter, AnonymousAuthenticationFilter, ExceptionTranslationFilter, AuthorizationFilter
2026-02-17 23:21:19 [main] DEBUG o.s.w.s.m.m.a.RequestMappingHandlerAdapter - ControllerAdvice beans: 0 @ModelAttribute, 0 @InitBinder, 1 RequestBodyAdvice, 1 ResponseBodyAdvice
2026-02-17 23:21:20 [main] DEBUG o.s.w.s.m.m.a.ExceptionHandlerExceptionResolver - ControllerAdvice beans: 2 @ExceptionHandler, 1 ResponseBodyAdvice
2026-02-17 23:21:20 [main] WARN  o.s.s.c.a.web.builders.WebSecurity - You are asking Spring Security to ignore Deferred [Mvc [pattern='/v3/api-docs'], Ant [pattern='/v3/api-docs']]. This is not recommended -- please use permitAll via HttpSecurity#authorizeHttpRequests instead.
2026-02-17 23:21:20 [main] DEBUG o.s.s.web.DefaultSecurityFilterChain - Will not secure Deferred [Mvc [pattern='/v3/api-docs'], Ant [pattern='/v3/api-docs']]
2026-02-17 23:21:20 [main] WARN  o.s.s.c.a.web.builders.WebSecurity - You are asking Spring Security to ignore Deferred [Mvc [pattern='/v3/api-docs/**'], Ant [pattern='/v3/api-docs/**']]. This is not recommended -- please use permitAll via HttpSecurity#authorizeHttpRequests instead.
2026-02-17 23:21:20 [main] DEBUG o.s.s.web.DefaultSecurityFilterChain - Will not secure Deferred [Mvc [pattern='/v3/api-docs/**'], Ant [pattern='/v3/api-docs/**']]
2026-02-17 23:21:20 [main] WARN  o.s.s.c.a.web.builders.WebSecurity - You are asking Spring Security to ignore Deferred [Mvc [pattern='/v3/api-docs.yaml'], Ant [pattern='/v3/api-docs.yaml']]. This is not recommended -- please use permitAll via HttpSecurity#authorizeHttpRequests instead.
2026-02-17 23:21:20 [main] DEBUG o.s.s.web.DefaultSecurityFilterChain - Will not secure Deferred [Mvc [pattern='/v3/api-docs.yaml'], Ant [pattern='/v3/api-docs.yaml']]
2026-02-17 23:21:20 [main] WARN  o.s.s.c.a.web.builders.WebSecurity - You are asking Spring Security to ignore Deferred [Mvc [pattern='/swagger-ui/**'], Ant [pattern='/swagger-ui/**']]. This is not recommended -- please use permitAll via HttpSecurity#authorizeHttpRequests instead.
2026-02-17 23:21:20 [main] DEBUG o.s.s.web.DefaultSecurityFilterChain - Will not secure Deferred [Mvc [pattern='/swagger-ui/**'], Ant [pattern='/swagger-ui/**']]
2026-02-17 23:21:20 [main] WARN  o.s.s.c.a.web.builders.WebSecurity - You are asking Spring Security to ignore Deferred [Mvc [pattern='/swagger-ui.html'], Ant [pattern='/swagger-ui.html']]. This is not recommended -- please use permitAll via HttpSecurity#authorizeHttpRequests instead.
2026-02-17 23:21:20 [main] DEBUG o.s.s.web.DefaultSecurityFilterChain - Will not secure Deferred [Mvc [pattern='/swagger-ui.html'], Ant [pattern='/swagger-ui.html']]
2026-02-17 23:21:20 [main] WARN  o.s.s.c.a.web.builders.WebSecurity - You are asking Spring Security to ignore Deferred [Mvc [pattern='/swagger-resources/**'], Ant [pattern='/swagger-resources/**']]. This is not recommended -- please use permitAll via HttpSecurity#authorizeHttpRequests instead.
2026-02-17 23:21:20 [main] DEBUG o.s.s.web.DefaultSecurityFilterChain - Will not secure Deferred [Mvc [pattern='/swagger-resources/**'], Ant [pattern='/swagger-resources/**']]
2026-02-17 23:21:20 [main] WARN  o.s.s.c.a.web.builders.WebSecurity - You are asking Spring Security to ignore Deferred [Mvc [pattern='/webjars/**'], Ant [pattern='/webjars/**']]. This is not recommended -- please use permitAll via HttpSecurity#authorizeHttpRequests instead.
2026-02-17 23:21:20 [main] DEBUG o.s.s.web.DefaultSecurityFilterChain - Will not secure Deferred [Mvc [pattern='/webjars/**'], Ant [pattern='/webjars/**']]
2026-02-17 23:21:22 [main] INFO  o.s.c.n.e.c.DiscoveryClientOptionalArgsConfiguration - Eureka HTTP Client uses RestTemplate.
2026-02-17 23:21:22 [main] WARN  o.s.c.l.c.LoadBalancerCacheAutoConfiguration$LoadBalancerCaffeineWarnLogger - Spring Cloud LoadBalancer is currently working with the default cache. While this cache implementation is useful for development and tests, it's recommended to use Caffeine cache in production.You can switch to using Caffeine cache, by adding it and org.springframework.cache.caffeine.CaffeineCacheManager to the classpath.
2026-02-17 23:21:22 [main] INFO  o.s.c.n.eureka.InstanceInfoFactory - Setting initial instance status as: STARTING
2026-02-17 23:21:22 [main] INFO  c.netflix.discovery.DiscoveryClient - Initializing Eureka in region us-east-1
2026-02-17 23:21:22 [main] INFO  c.n.d.s.r.aws.ConfigClusterResolver - Resolving eureka endpoints via configuration
2026-02-17 23:21:22 [main] INFO  c.netflix.discovery.DiscoveryClient - Disable delta property : false
2026-02-17 23:21:22 [main] INFO  c.netflix.discovery.DiscoveryClient - Single vip registry refresh property : null
2026-02-17 23:21:22 [main] INFO  c.netflix.discovery.DiscoveryClient - Force full registry fetch : false
2026-02-17 23:21:22 [main] INFO  c.netflix.discovery.DiscoveryClient - Application is null : false
2026-02-17 23:21:22 [main] INFO  c.netflix.discovery.DiscoveryClient - Registered Applications size is zero : true
2026-02-17 23:21:22 [main] INFO  c.netflix.discovery.DiscoveryClient - Application version is -1: true
2026-02-17 23:21:22 [main] INFO  c.netflix.discovery.DiscoveryClient - Getting all instance registry info from the eureka server
2026-02-17 23:21:23 [main] DEBUG o.s.web.client.RestTemplate - HTTP GET http://localhost:8761/eureka/apps/
2026-02-17 23:21:24 [main] DEBUG o.s.web.client.RestTemplate - Accept=[application/json, application/yaml, application/*+json]
2026-02-17 23:21:24 [main] DEBUG o.s.web.client.RestTemplate - Response 200 OK
2026-02-17 23:21:24 [main] DEBUG o.s.web.client.RestTemplate - Reading to [org.springframework.cloud.netflix.eureka.http.EurekaApplications]
2026-02-17 23:21:24 [main] INFO  c.netflix.discovery.DiscoveryClient - The response status is 200
2026-02-17 23:21:24 [main] INFO  c.netflix.discovery.DiscoveryClient - Starting heartbeat executor: renew interval is: 30
2026-02-17 23:21:24 [main] INFO  c.n.discovery.InstanceInfoReplicator - InstanceInfoReplicator onDemand update allowed rate per min is 4
2026-02-17 23:21:24 [main] INFO  c.netflix.discovery.DiscoveryClient - Discovery Client initialized at timestamp 1771350684581 with initial instances count: 6
2026-02-17 23:21:24 [main] INFO  o.s.c.n.e.s.EurekaServiceRegistry - Registering application AUTH-SERVICE with eureka with status UP
2026-02-17 23:21:24 [main] INFO  c.netflix.discovery.DiscoveryClient - Saw local status change event StatusChangeEvent [timestamp=1771350684605, current=UP, previous=STARTING]
2026-02-17 23:21:24 [main] INFO  o.a.coyote.http11.Http11NioProtocol - Starting ProtocolHandler ["http-nio-8081"]
2026-02-17 23:21:24 [DiscoveryClient-InstanceInfoReplicator-%d] INFO  c.netflix.discovery.DiscoveryClient - DiscoveryClient_AUTH-SERVICE/auth-service:8081: registering service...
2026-02-17 23:21:24 [DiscoveryClient-InstanceInfoReplicator-%d] DEBUG o.s.web.client.RestTemplate - HTTP POST http://localhost:8761/eureka/apps/AUTH-SERVICE
2026-02-17 23:21:24 [DiscoveryClient-InstanceInfoReplicator-%d] DEBUG o.s.web.client.RestTemplate - Accept=[application/json, application/yaml, application/*+json]
2026-02-17 23:21:24 [DiscoveryClient-InstanceInfoReplicator-%d] DEBUG o.s.web.client.RestTemplate - Writing [InstanceInfo [instanceId = auth-service:8081, appName = AUTH-SERVICE, hostName = localhost, status = UP, ipAddr = 192.168.1.107, port = 8081, securePort = 443, dataCenterInfo = com.netflix.appinfo.MyDataCenterInfo@7752f9fe] as "application/json"
2026-02-17 23:21:24 [main] INFO  o.s.b.w.e.tomcat.TomcatWebServer - Tomcat started on port 8081 (http) with context path '/'
2026-02-17 23:21:24 [main] INFO  o.s.c.n.e.s.EurekaAutoServiceRegistration - Updating port to 8081
2026-02-17 23:21:24 [main] INFO  c.m.auth.AuthServiceApplication - Started AuthServiceApplication in 22.815 seconds (process running for 24.32)
2026-02-17 23:21:24 [DiscoveryClient-InstanceInfoReplicator-%d] DEBUG o.s.web.client.RestTemplate - Response 204 NO_CONTENT
2026-02-17 23:21:24 [DiscoveryClient-InstanceInfoReplicator-%d] INFO  c.netflix.discovery.DiscoveryClient - DiscoveryClient_AUTH-SERVICE/auth-service:8081 - registration status: 204
2026-02-17 23:21:24 [main] INFO  c.m.auth.config.DataInitializer - Starting application data initialization...
2026-02-17 23:21:25 [main] INFO  c.m.auth.config.DataInitializer - Admin user already exists
2026-02-17 23:21:25 [main] INFO  c.m.auth.config.DataInitializer - Application data initialization completed.
2026-02-17 23:21:54 [DiscoveryClient-CacheRefreshExecutor-%d] DEBUG o.s.web.client.RestTemplate - HTTP GET http://localhost:8761/eureka/apps/delta
2026-02-17 23:21:54 [DiscoveryClient-CacheRefreshExecutor-%d] DEBUG o.s.web.client.RestTemplate - Accept=[application/json, application/yaml, application/*+json]
2026-02-17 23:21:54 [DiscoveryClient-HeartbeatExecutor-%d] DEBUG o.s.web.client.RestTemplate - HTTP PUT http://localhost:8761/eureka/apps/AUTH-SERVICE/auth-service:8081?status=UP&lastDirtyTimestamp=1771350684605
2026-02-17 23:21:54 [DiscoveryClient-CacheRefreshExecutor-%d] DEBUG o.s.web.client.RestTemplate - Response 200 OK
2026-02-17 23:21:54 [DiscoveryClient-CacheRefreshExecutor-%d] DEBUG o.s.web.client.RestTemplate - Reading to [org.springframework.cloud.netflix.eureka.http.EurekaApplications]
2026-02-17 23:21:54 [DiscoveryClient-HeartbeatExecutor-%d] DEBUG o.s.web.client.RestTemplate - Accept=[application/json, application/yaml, application/*+json]
2026-02-17 23:21:54 [DiscoveryClient-HeartbeatExecutor-%d] DEBUG o.s.web.client.RestTemplate - Response 200 OK
2026-02-17 23:22:24 [DiscoveryClient-CacheRefreshExecutor-%d] DEBUG o.s.web.client.RestTemplate - HTTP GET http://localhost:8761/eureka/apps/delta
2026-02-17 23:22:24 [DiscoveryClient-CacheRefreshExecutor-%d] DEBUG o.s.web.client.RestTemplate - Accept=[application/json, application/yaml, application/*+json]
2026-02-17 23:22:24 [DiscoveryClient-HeartbeatExecutor-%d] DEBUG o.s.web.client.RestTemplate - HTTP PUT http://localhost:8761/eureka/apps/AUTH-SERVICE/auth-service:8081?status=UP&lastDirtyTimestamp=1771350684605
2026-02-17 23:22:24 [DiscoveryClient-HeartbeatExecutor-%d] DEBUG o.s.web.client.RestTemplate - Accept=[application/json, application/yaml, application/*+json]
2026-02-17 23:22:24 [DiscoveryClient-CacheRefreshExecutor-%d] DEBUG o.s.web.client.RestTemplate - Response 200 OK
2026-02-17 23:22:24 [DiscoveryClient-CacheRefreshExecutor-%d] DEBUG o.s.web.client.RestTemplate - Reading to [org.springframework.cloud.netflix.eureka.http.EurekaApplications]
2026-02-17 23:22:24 [DiscoveryClient-HeartbeatExecutor-%d] DEBUG o.s.web.client.RestTemplate - Response 200 OK
2026-02-17 23:22:28 [http-nio-8081-exec-1] INFO  o.a.c.c.C.[Tomcat].[localhost].[/] - Initializing Spring DispatcherServlet 'dispatcherServlet'
2026-02-17 23:22:28 [http-nio-8081-exec-1] INFO  o.s.web.servlet.DispatcherServlet - Initializing Servlet 'dispatcherServlet'
2026-02-17 23:22:28 [http-nio-8081-exec-1] DEBUG o.s.web.servlet.DispatcherServlet - Detected StandardServletMultipartResolver
2026-02-17 23:22:28 [http-nio-8081-exec-1] DEBUG o.s.web.servlet.DispatcherServlet - Detected AcceptHeaderLocaleResolver
2026-02-17 23:22:28 [http-nio-8081-exec-1] DEBUG o.s.web.servlet.DispatcherServlet - Detected FixedThemeResolver
2026-02-17 23:22:28 [http-nio-8081-exec-1] DEBUG o.s.web.servlet.DispatcherServlet - Detected org.springframework.web.servlet.view.DefaultRequestToViewNameTranslator@110b6c78
2026-02-17 23:22:28 [http-nio-8081-exec-1] DEBUG o.s.web.servlet.DispatcherServlet - Detected org.springframework.web.servlet.support.SessionFlashMapManager@3c5de17c
2026-02-17 23:22:28 [http-nio-8081-exec-1] DEBUG o.s.web.servlet.DispatcherServlet - enableLoggingRequestDetails='false': request parameters and headers will be masked to prevent unsafe logging of potentially sensitive data
2026-02-17 23:22:28 [http-nio-8081-exec-1] INFO  o.s.web.servlet.DispatcherServlet - Completed initialization in 6 ms
2026-02-17 23:22:28 [http-nio-8081-exec-1] DEBUG o.s.security.web.FilterChainProxy - Securing GET /auth/analytics/user-counts
2026-02-17 23:22:28 [http-nio-8081-exec-1] DEBUG c.m.a.s.JwtAuthenticationFilter - No Authorization header present for request /auth/analytics/user-counts
2026-02-17 23:22:28 [http-nio-8081-exec-1] DEBUG o.s.security.web.FilterChainProxy - Secured GET /auth/analytics/user-counts
2026-02-17 23:22:28 [http-nio-8081-exec-1] DEBUG o.s.web.servlet.DispatcherServlet - GET "/auth/analytics/user-counts", parameters={}
2026-02-17 23:22:28 [http-nio-8081-exec-1] DEBUG o.s.w.s.m.m.a.RequestMappingHandlerMapping - Mapped to com.medicart.auth.controller.AuthAnalyticsController#getUserCounts()
2026-02-17 23:22:28 [http-nio-8081-exec-1] INFO  c.m.a.c.AuthAnalyticsController - GET /auth/analytics/user-counts
2026-02-17 23:22:29 [http-nio-8081-exec-1] DEBUG o.s.w.s.m.m.a.HttpEntityMethodProcessor - Using 'application/json', given [*/*] and supported [application/json, application/*+json, application/yaml]
2026-02-17 23:22:29 [http-nio-8081-exec-1] DEBUG o.s.w.s.m.m.a.HttpEntityMethodProcessor - Writing [{usersThisWeek=0, usersThisMonth=3, usersThisYear=3, usersToday=0, totalUsers=3}]
2026-02-17 23:22:29 [http-nio-8081-exec-1] DEBUG o.s.web.servlet.DispatcherServlet - Completed 200 OK
2026-02-17 23:22:29 [http-nio-8081-exec-1] DEBUG o.s.s.w.a.AnonymousAuthenticationFilter - Set SecurityContextHolder to anonymous SecurityContext
2026-02-17 23:22:29 [http-nio-8081-exec-6] DEBUG o.s.security.web.FilterChainProxy - Securing GET /auth/users/5
2026-02-17 23:22:29 [http-nio-8081-exec-6] DEBUG c.m.a.s.JwtAuthenticationFilter - No Authorization header present for request /auth/users/5
2026-02-17 23:22:29 [http-nio-8081-exec-6] DEBUG o.s.security.web.FilterChainProxy - Secured GET /auth/users/5
2026-02-17 23:22:29 [http-nio-8081-exec-6] DEBUG o.s.web.servlet.DispatcherServlet - GET "/auth/users/5", parameters={}
2026-02-17 23:22:29 [http-nio-8081-exec-6] DEBUG o.s.w.s.m.m.a.RequestMappingHandlerMapping - Mapped to com.medicart.auth.controller.UserController#getUserById(Long)
2026-02-17 23:22:29 [http-nio-8081-exec-6] ERROR c.m.auth.controller.UserController - Failed to fetch user - userId: 5: User not found
2026-02-17 23:22:29 [http-nio-8081-exec-6] DEBUG o.s.w.s.m.m.a.HttpEntityMethodProcessor - Using 'application/json', given [*/*] and supported [application/json, application/*+json, application/yaml]
2026-02-17 23:22:29 [http-nio-8081-exec-6] DEBUG o.s.w.s.m.m.a.HttpEntityMethodProcessor - Nothing to write: null body
2026-02-17 23:22:29 [http-nio-8081-exec-6] DEBUG o.s.web.servlet.DispatcherServlet - Completed 404 NOT_FOUND
2026-02-17 23:22:29 [http-nio-8081-exec-6] DEBUG o.s.s.w.a.AnonymousAuthenticationFilter - Set SecurityContextHolder to anonymous SecurityContext
2026-02-17 23:22:32 [http-nio-8081-exec-7] DEBUG o.s.security.web.FilterChainProxy - Securing GET /auth/analytics/user-counts
2026-02-17 23:22:32 [http-nio-8081-exec-7] DEBUG c.m.a.s.JwtAuthenticationFilter - No Authorization header present for request /auth/analytics/user-counts
2026-02-17 23:22:32 [http-nio-8081-exec-7] DEBUG o.s.security.web.FilterChainProxy - Secured GET /auth/analytics/user-counts
2026-02-17 23:22:32 [http-nio-8081-exec-7] DEBUG o.s.web.servlet.DispatcherServlet - GET "/auth/analytics/user-counts", parameters={}
2026-02-17 23:22:32 [http-nio-8081-exec-7] DEBUG o.s.w.s.m.m.a.RequestMappingHandlerMapping - Mapped to com.medicart.auth.controller.AuthAnalyticsController#getUserCounts()
2026-02-17 23:22:32 [http-nio-8081-exec-7] INFO  c.m.a.c.AuthAnalyticsController - GET /auth/analytics/user-counts
2026-02-17 23:22:33 [http-nio-8081-exec-7] DEBUG o.s.w.s.m.m.a.HttpEntityMethodProcessor - Using 'application/json', given [*/*] and supported [application/json, application/*+json, application/yaml]
2026-02-17 23:22:33 [http-nio-8081-exec-7] DEBUG o.s.w.s.m.m.a.HttpEntityMethodProcessor - Writing [{usersThisWeek=0, usersThisMonth=3, usersThisYear=3, usersToday=0, totalUsers=3}]
2026-02-17 23:22:33 [http-nio-8081-exec-7] DEBUG o.s.web.servlet.DispatcherServlet - Completed 200 OK
2026-02-17 23:22:33 [http-nio-8081-exec-7] DEBUG o.s.s.w.a.AnonymousAuthenticationFilter - Set SecurityContextHolder to anonymous SecurityContext
2026-02-17 23:22:33 [http-nio-8081-exec-4] DEBUG o.s.security.web.FilterChainProxy - Securing GET /auth/users/5
2026-02-17 23:22:33 [http-nio-8081-exec-4] DEBUG c.m.a.s.JwtAuthenticationFilter - No Authorization header present for request /auth/users/5
2026-02-17 23:22:33 [http-nio-8081-exec-4] DEBUG o.s.security.web.FilterChainProxy - Secured GET /auth/users/5
2026-02-17 23:22:33 [http-nio-8081-exec-4] DEBUG o.s.web.servlet.DispatcherServlet - GET "/auth/users/5", parameters={}
2026-02-17 23:22:33 [http-nio-8081-exec-4] DEBUG o.s.w.s.m.m.a.RequestMappingHandlerMapping - Mapped to com.medicart.auth.controller.UserController#getUserById(Long)
2026-02-17 23:22:33 [http-nio-8081-exec-4] ERROR c.m.auth.controller.UserController - Failed to fetch user - userId: 5: User not found
2026-02-17 23:22:33 [http-nio-8081-exec-4] DEBUG o.s.w.s.m.m.a.HttpEntityMethodProcessor - Using 'application/json', given [*/*] and supported [application/json, application/*+json, application/yaml]
2026-02-17 23:22:33 [http-nio-8081-exec-4] DEBUG o.s.w.s.m.m.a.HttpEntityMethodProcessor - Nothing to write: null body
2026-02-17 23:22:33 [http-nio-8081-exec-4] DEBUG o.s.web.servlet.DispatcherServlet - Completed 404 NOT_FOUND
2026-02-17 23:22:33 [http-nio-8081-exec-4] DEBUG o.s.s.w.a.AnonymousAuthenticationFilter - Set SecurityContextHolder to anonymous SecurityContext
2026-02-17 23:22:40 [http-nio-8081-exec-5] DEBUG o.s.security.web.FilterChainProxy - Securing GET /auth/analytics/user-counts
2026-02-17 23:22:40 [http-nio-8081-exec-5] DEBUG c.m.a.s.JwtAuthenticationFilter - No Authorization header present for request /auth/analytics/user-counts
2026-02-17 23:22:40 [http-nio-8081-exec-5] DEBUG o.s.security.web.FilterChainProxy - Secured GET /auth/analytics/user-counts
2026-02-17 23:22:40 [http-nio-8081-exec-5] DEBUG o.s.web.servlet.DispatcherServlet - GET "/auth/analytics/user-counts", parameters={}
2026-02-17 23:22:40 [http-nio-8081-exec-5] DEBUG o.s.w.s.m.m.a.RequestMappingHandlerMapping - Mapped to com.medicart.auth.controller.AuthAnalyticsController#getUserCounts()
2026-02-17 23:22:40 [http-nio-8081-exec-5] INFO  c.m.a.c.AuthAnalyticsController - GET /auth/analytics/user-counts
2026-02-17 23:22:40 [http-nio-8081-exec-5] DEBUG o.s.w.s.m.m.a.HttpEntityMethodProcessor - Using 'application/json', given [*/*] and supported [application/json, application/*+json, application/yaml]
2026-02-17 23:22:40 [http-nio-8081-exec-5] DEBUG o.s.w.s.m.m.a.HttpEntityMethodProcessor - Writing [{usersThisWeek=0, usersThisMonth=3, usersThisYear=3, usersToday=0, totalUsers=3}]
2026-02-17 23:22:40 [http-nio-8081-exec-5] DEBUG o.s.web.servlet.DispatcherServlet - Completed 200 OK
2026-02-17 23:22:40 [http-nio-8081-exec-5] DEBUG o.s.s.w.a.AnonymousAuthenticationFilter - Set SecurityContextHolder to anonymous SecurityContext
2026-02-17 23:22:40 [http-nio-8081-exec-2] DEBUG o.s.security.web.FilterChainProxy - Securing GET /auth/users/5
2026-02-17 23:22:40 [http-nio-8081-exec-2] DEBUG c.m.a.s.JwtAuthenticationFilter - No Authorization header present for request /auth/users/5
2026-02-17 23:22:40 [http-nio-8081-exec-2] DEBUG o.s.security.web.FilterChainProxy - Secured GET /auth/users/5
2026-02-17 23:22:40 [http-nio-8081-exec-2] DEBUG o.s.web.servlet.DispatcherServlet - GET "/auth/users/5", parameters={}
2026-02-17 23:22:40 [http-nio-8081-exec-2] DEBUG o.s.w.s.m.m.a.RequestMappingHandlerMapping - Mapped to com.medicart.auth.controller.UserController#getUserById(Long)
2026-02-17 23:22:40 [http-nio-8081-exec-2] ERROR c.m.auth.controller.UserController - Failed to fetch user - userId: 5: User not found
2026-02-17 23:22:40 [http-nio-8081-exec-2] DEBUG o.s.w.s.m.m.a.HttpEntityMethodProcessor - Using 'application/json', given [*/*] and supported [application/json, application/*+json, application/yaml]
2026-02-17 23:22:40 [http-nio-8081-exec-2] DEBUG o.s.w.s.m.m.a.HttpEntityMethodProcessor - Nothing to write: null body
2026-02-17 23:22:40 [http-nio-8081-exec-2] DEBUG o.s.web.servlet.DispatcherServlet - Completed 404 NOT_FOUND
2026-02-17 23:22:40 [http-nio-8081-exec-2] DEBUG o.s.s.w.a.AnonymousAuthenticationFilter - Set SecurityContextHolder to anonymous SecurityContext
2026-02-17 23:22:54 [DiscoveryClient-CacheRefreshExecutor-%d] DEBUG o.s.web.client.RestTemplate - HTTP GET http://localhost:8761/eureka/apps/delta
2026-02-17 23:22:54 [DiscoveryClient-CacheRefreshExecutor-%d] DEBUG o.s.web.client.RestTemplate - Accept=[application/json, application/yaml, application/*+json]
2026-02-17 23:22:54 [DiscoveryClient-HeartbeatExecutor-%d] DEBUG o.s.web.client.RestTemplate - HTTP PUT http://localhost:8761/eureka/apps/AUTH-SERVICE/auth-service:8081?status=UP&lastDirtyTimestamp=1771350684605
2026-02-17 23:22:54 [DiscoveryClient-HeartbeatExecutor-%d] DEBUG o.s.web.client.RestTemplate - Accept=[application/json, application/yaml, application/*+json]
2026-02-17 23:22:54 [DiscoveryClient-CacheRefreshExecutor-%d] DEBUG o.s.web.client.RestTemplate - Response 200 OK
2026-02-17 23:22:54 [DiscoveryClient-CacheRefreshExecutor-%d] DEBUG o.s.web.client.RestTemplate - Reading to [org.springframework.cloud.netflix.eureka.http.EurekaApplications]
2026-02-17 23:22:54 [DiscoveryClient-HeartbeatExecutor-%d] DEBUG o.s.web.client.RestTemplate - Response 200 OK
2026-02-17 23:23:24 [DiscoveryClient-CacheRefreshExecutor-%d] DEBUG o.s.web.client.RestTemplate - HTTP GET http://localhost:8761/eureka/apps/delta
2026-02-17 23:23:24 [DiscoveryClient-CacheRefreshExecutor-%d] DEBUG o.s.web.client.RestTemplate - Accept=[application/json, application/yaml, application/*+json]
2026-02-17 23:23:24 [DiscoveryClient-HeartbeatExecutor-%d] DEBUG o.s.web.client.RestTemplate - HTTP PUT http://localhost:8761/eureka/apps/AUTH-SERVICE/auth-service:8081?status=UP&lastDirtyTimestamp=1771350684605
2026-02-17 23:23:24 [DiscoveryClient-CacheRefreshExecutor-%d] DEBUG o.s.web.client.RestTemplate - Response 200 OK
2026-02-17 23:23:24 [DiscoveryClient-HeartbeatExecutor-%d] DEBUG o.s.web.client.RestTemplate - Accept=[application/json, application/yaml, application/*+json]
2026-02-17 23:23:24 [DiscoveryClient-CacheRefreshExecutor-%d] DEBUG o.s.web.client.RestTemplate - Reading to [org.springframework.cloud.netflix.eureka.http.EurekaApplications]
2026-02-17 23:23:24 [DiscoveryClient-HeartbeatExecutor-%d] DEBUG o.s.web.client.RestTemplate - Response 200 OK
2026-02-17 23:23:54 [DiscoveryClient-CacheRefreshExecutor-%d] DEBUG o.s.web.client.RestTemplate - HTTP GET http://localhost:8761/eureka/apps/delta
2026-02-17 23:23:54 [DiscoveryClient-HeartbeatExecutor-%d] DEBUG o.s.web.client.RestTemplate - HTTP PUT http://localhost:8761/eureka/apps/AUTH-SERVICE/auth-service:8081?status=UP&lastDirtyTimestamp=1771350684605
2026-02-17 23:23:54 [DiscoveryClient-CacheRefreshExecutor-%d] DEBUG o.s.web.client.RestTemplate - Accept=[application/json, application/yaml, application/*+json]
2026-02-17 23:23:54 [DiscoveryClient-HeartbeatExecutor-%d] DEBUG o.s.web.client.RestTemplate - Accept=[application/json, application/yaml, application/*+json]
2026-02-17 23:23:54 [DiscoveryClient-HeartbeatExecutor-%d] DEBUG o.s.web.client.RestTemplate - Response 200 OK
2026-02-17 23:23:54 [DiscoveryClient-CacheRefreshExecutor-%d] DEBUG o.s.web.client.RestTemplate - Response 200 OK
2026-02-17 23:23:54 [DiscoveryClient-CacheRefreshExecutor-%d] DEBUG o.s.web.client.RestTemplate - Reading to [org.springframework.cloud.netflix.eureka.http.EurekaApplications]
2026-02-17 23:24:10 [http-nio-8081-exec-8] DEBUG o.s.security.web.FilterChainProxy - Securing GET /auth/analytics/user-counts
2026-02-17 23:24:10 [http-nio-8081-exec-8] DEBUG c.m.a.s.JwtAuthenticationFilter - No Authorization header present for request /auth/analytics/user-counts
2026-02-17 23:24:10 [http-nio-8081-exec-8] DEBUG o.s.security.web.FilterChainProxy - Secured GET /auth/analytics/user-counts
2026-02-17 23:24:10 [http-nio-8081-exec-8] DEBUG o.s.web.servlet.DispatcherServlet - GET "/auth/analytics/user-counts", parameters={}
2026-02-17 23:24:10 [http-nio-8081-exec-8] DEBUG o.s.w.s.m.m.a.RequestMappingHandlerMapping - Mapped to com.medicart.auth.controller.AuthAnalyticsController#getUserCounts()
2026-02-17 23:24:10 [http-nio-8081-exec-8] INFO  c.m.a.c.AuthAnalyticsController - GET /auth/analytics/user-counts
2026-02-17 23:24:10 [http-nio-8081-exec-8] DEBUG o.s.w.s.m.m.a.HttpEntityMethodProcessor - Using 'application/json', given [*/*] and supported [application/json, application/*+json, application/yaml]
2026-02-17 23:24:10 [http-nio-8081-exec-8] DEBUG o.s.w.s.m.m.a.HttpEntityMethodProcessor - Writing [{usersThisWeek=0, usersThisMonth=3, usersThisYear=3, usersToday=0, totalUsers=3}]
2026-02-17 23:24:10 [http-nio-8081-exec-8] DEBUG o.s.web.servlet.DispatcherServlet - Completed 200 OK
2026-02-17 23:24:10 [http-nio-8081-exec-8] DEBUG o.s.s.w.a.AnonymousAuthenticationFilter - Set SecurityContextHolder to anonymous SecurityContext
2026-02-17 23:24:10 [http-nio-8081-exec-9] DEBUG o.s.security.web.FilterChainProxy - Securing GET /auth/users/5
2026-02-17 23:24:10 [http-nio-8081-exec-9] DEBUG c.m.a.s.JwtAuthenticationFilter - No Authorization header present for request /auth/users/5
2026-02-17 23:24:10 [http-nio-8081-exec-9] DEBUG o.s.security.web.FilterChainProxy - Secured GET /auth/users/5
2026-02-17 23:24:10 [http-nio-8081-exec-9] DEBUG o.s.web.servlet.DispatcherServlet - GET "/auth/users/5", parameters={}
2026-02-17 23:24:10 [http-nio-8081-exec-9] DEBUG o.s.w.s.m.m.a.RequestMappingHandlerMapping - Mapped to com.medicart.auth.controller.UserController#getUserById(Long)
2026-02-17 23:24:10 [http-nio-8081-exec-9] ERROR c.m.auth.controller.UserController - Failed to fetch user - userId: 5: User not found
2026-02-17 23:24:10 [http-nio-8081-exec-9] DEBUG o.s.w.s.m.m.a.HttpEntityMethodProcessor - Using 'application/json', given [*/*] and supported [application/json, application/*+json, application/yaml]
2026-02-17 23:24:10 [http-nio-8081-exec-9] DEBUG o.s.w.s.m.m.a.HttpEntityMethodProcessor - Nothing to write: null body
2026-02-17 23:24:10 [http-nio-8081-exec-9] DEBUG o.s.web.servlet.DispatcherServlet - Completed 404 NOT_FOUND
2026-02-17 23:24:10 [http-nio-8081-exec-9] DEBUG o.s.s.w.a.AnonymousAuthenticationFilter - Set SecurityContextHolder to anonymous SecurityContext
2026-02-17 23:24:24 [DiscoveryClient-CacheRefreshExecutor-%d] DEBUG o.s.web.client.RestTemplate - HTTP GET http://localhost:8761/eureka/apps/delta
2026-02-17 23:24:24 [DiscoveryClient-HeartbeatExecutor-%d] DEBUG o.s.web.client.RestTemplate - HTTP PUT http://localhost:8761/eureka/apps/AUTH-SERVICE/auth-service:8081?status=UP&lastDirtyTimestamp=1771350684605
2026-02-17 23:24:24 [DiscoveryClient-HeartbeatExecutor-%d] DEBUG o.s.web.client.RestTemplate - Accept=[application/json, application/yaml, application/*+json]
2026-02-17 23:24:24 [DiscoveryClient-CacheRefreshExecutor-%d] DEBUG o.s.web.client.RestTemplate - Accept=[application/json, application/yaml, application/*+json]
2026-02-17 23:24:24 [DiscoveryClient-HeartbeatExecutor-%d] DEBUG o.s.web.client.RestTemplate - Response 200 OK
2026-02-17 23:24:24 [DiscoveryClient-CacheRefreshExecutor-%d] DEBUG o.s.web.client.RestTemplate - Response 200 OK
2026-02-17 23:24:24 [DiscoveryClient-CacheRefreshExecutor-%d] DEBUG o.s.web.client.RestTemplate - Reading to [org.springframework.cloud.netflix.eureka.http.EurekaApplications]
2026-02-17 23:24:54 [DiscoveryClient-CacheRefreshExecutor-%d] DEBUG o.s.web.client.RestTemplate - HTTP GET http://localhost:8761/eureka/apps/delta
2026-02-17 23:24:54 [DiscoveryClient-HeartbeatExecutor-%d] DEBUG o.s.web.client.RestTemplate - HTTP PUT http://localhost:8761/eureka/apps/AUTH-SERVICE/auth-service:8081?status=UP&lastDirtyTimestamp=1771350684605
2026-02-17 23:24:54 [DiscoveryClient-CacheRefreshExecutor-%d] DEBUG o.s.web.client.RestTemplate - Accept=[application/json, application/yaml, application/*+json]
2026-02-17 23:24:54 [DiscoveryClient-HeartbeatExecutor-%d] DEBUG o.s.web.client.RestTemplate - Accept=[application/json, application/yaml, application/*+json]
2026-02-17 23:24:54 [DiscoveryClient-CacheRefreshExecutor-%d] DEBUG o.s.web.client.RestTemplate - Response 200 OK
2026-02-17 23:24:54 [DiscoveryClient-HeartbeatExecutor-%d] DEBUG o.s.web.client.RestTemplate - Response 200 OK
2026-02-17 23:24:54 [DiscoveryClient-CacheRefreshExecutor-%d] DEBUG o.s.web.client.RestTemplate - Reading to [org.springframework.cloud.netflix.eureka.http.EurekaApplications]
2026-02-17 23:25:24 [DiscoveryClient-HeartbeatExecutor-%d] DEBUG o.s.web.client.RestTemplate - HTTP PUT http://localhost:8761/eureka/apps/AUTH-SERVICE/auth-service:8081?status=UP&lastDirtyTimestamp=1771350684605
2026-02-17 23:25:24 [DiscoveryClient-CacheRefreshExecutor-%d] DEBUG o.s.web.client.RestTemplate - HTTP GET http://localhost:8761/eureka/apps/delta
2026-02-17 23:25:24 [DiscoveryClient-HeartbeatExecutor-%d] DEBUG o.s.web.client.RestTemplate - Accept=[application/json, application/yaml, application/*+json]
2026-02-17 23:25:24 [DiscoveryClient-CacheRefreshExecutor-%d] DEBUG o.s.web.client.RestTemplate - Accept=[application/json, application/yaml, application/*+json]
2026-02-17 23:25:24 [DiscoveryClient-CacheRefreshExecutor-%d] DEBUG o.s.web.client.RestTemplate - Response 200 OK
2026-02-17 23:25:24 [DiscoveryClient-HeartbeatExecutor-%d] DEBUG o.s.web.client.RestTemplate - Response 200 OK
2026-02-17 23:25:24 [DiscoveryClient-CacheRefreshExecutor-%d] DEBUG o.s.web.client.RestTemplate - Reading to [org.springframework.cloud.netflix.eureka.http.EurekaApplications]
2026-02-17 23:25:54 [DiscoveryClient-HeartbeatExecutor-%d] DEBUG o.s.web.client.RestTemplate - HTTP PUT http://localhost:8761/eureka/apps/AUTH-SERVICE/auth-service:8081?status=UP&lastDirtyTimestamp=1771350684605
2026-02-17 23:25:54 [DiscoveryClient-CacheRefreshExecutor-%d] DEBUG o.s.web.client.RestTemplate - HTTP GET http://localhost:8761/eureka/apps/delta
2026-02-17 23:25:54 [DiscoveryClient-CacheRefreshExecutor-%d] DEBUG o.s.web.client.RestTemplate - Accept=[application/json, application/yaml, application/*+json]
2026-02-17 23:25:54 [DiscoveryClient-HeartbeatExecutor-%d] DEBUG o.s.web.client.RestTemplate - Accept=[application/json, application/yaml, application/*+json]
2026-02-17 23:25:54 [DiscoveryClient-HeartbeatExecutor-%d] DEBUG o.s.web.client.RestTemplate - Response 200 OK
2026-02-17 23:25:54 [DiscoveryClient-CacheRefreshExecutor-%d] DEBUG o.s.web.client.RestTemplate - Response 200 OK
2026-02-17 23:25:54 [DiscoveryClient-CacheRefreshExecutor-%d] DEBUG o.s.web.client.RestTemplate - Reading to [org.springframework.cloud.netflix.eureka.http.EurekaApplications]
2026-02-17 23:26:23 [AsyncResolver-bootstrap-executor-%d] INFO  c.n.d.s.r.aws.ConfigClusterResolver - Resolving eureka endpoints via configuration
2026-02-17 23:26:24 [DiscoveryClient-CacheRefreshExecutor-%d] DEBUG o.s.web.client.RestTemplate - HTTP GET http://localhost:8761/eureka/apps/delta
2026-02-17 23:26:24 [DiscoveryClient-HeartbeatExecutor-%d] DEBUG o.s.web.client.RestTemplate - HTTP PUT http://localhost:8761/eureka/apps/AUTH-SERVICE/auth-service:8081?status=UP&lastDirtyTimestamp=1771350684605
2026-02-17 23:26:24 [DiscoveryClient-HeartbeatExecutor-%d] DEBUG o.s.web.client.RestTemplate - Accept=[application/json, application/yaml, application/*+json]
2026-02-17 23:26:24 [DiscoveryClient-CacheRefreshExecutor-%d] DEBUG o.s.web.client.RestTemplate - Accept=[application/json, application/yaml, application/*+json]
2026-02-17 23:26:24 [DiscoveryClient-CacheRefreshExecutor-%d] DEBUG o.s.web.client.RestTemplate - Response 200 OK
2026-02-17 23:26:24 [DiscoveryClient-HeartbeatExecutor-%d] DEBUG o.s.web.client.RestTemplate - Response 200 OK
2026-02-17 23:26:24 [DiscoveryClient-CacheRefreshExecutor-%d] DEBUG o.s.web.client.RestTemplate - Reading to [org.springframework.cloud.netflix.eureka.http.EurekaApplications]
2026-02-17 23:26:54 [DiscoveryClient-HeartbeatExecutor-%d] DEBUG o.s.web.client.RestTemplate - HTTP PUT http://localhost:8761/eureka/apps/AUTH-SERVICE/auth-service:8081?status=UP&lastDirtyTimestamp=1771350684605
2026-02-17 23:26:54 [DiscoveryClient-CacheRefreshExecutor-%d] DEBUG o.s.web.client.RestTemplate - HTTP GET http://localhost:8761/eureka/apps/delta
2026-02-17 23:26:54 [DiscoveryClient-CacheRefreshExecutor-%d] DEBUG o.s.web.client.RestTemplate - Accept=[application/json, application/yaml, application/*+json]
2026-02-17 23:26:54 [DiscoveryClient-HeartbeatExecutor-%d] DEBUG o.s.web.client.RestTemplate - Accept=[application/json, application/yaml, application/*+json]
2026-02-17 23:26:54 [DiscoveryClient-CacheRefreshExecutor-%d] DEBUG o.s.web.client.RestTemplate - Response 200 OK
2026-02-17 23:26:54 [DiscoveryClient-HeartbeatExecutor-%d] DEBUG o.s.web.client.RestTemplate - Response 200 OK
2026-02-17 23:26:54 [DiscoveryClient-CacheRefreshExecutor-%d] DEBUG o.s.web.client.RestTemplate - Reading to [org.springframework.cloud.netflix.eureka.http.EurekaApplications]
2026-02-17 23:27:24 [DiscoveryClient-CacheRefreshExecutor-%d] DEBUG o.s.web.client.RestTemplate - HTTP GET http://localhost:8761/eureka/apps/delta
2026-02-17 23:27:24 [DiscoveryClient-HeartbeatExecutor-%d] DEBUG o.s.web.client.RestTemplate - HTTP PUT http://localhost:8761/eureka/apps/AUTH-SERVICE/auth-service:8081?status=UP&lastDirtyTimestamp=1771350684605
2026-02-17 23:27:24 [DiscoveryClient-CacheRefreshExecutor-%d] DEBUG o.s.web.client.RestTemplate - Accept=[application/json, application/yaml, application/*+json]
2026-02-17 23:27:24 [DiscoveryClient-HeartbeatExecutor-%d] DEBUG o.s.web.client.RestTemplate - Accept=[application/json, application/yaml, application/*+json]
2026-02-17 23:27:24 [DiscoveryClient-HeartbeatExecutor-%d] DEBUG o.s.web.client.RestTemplate - Response 200 OK
2026-02-17 23:27:24 [DiscoveryClient-CacheRefreshExecutor-%d] DEBUG o.s.web.client.RestTemplate - Response 200 OK
2026-02-17 23:27:24 [DiscoveryClient-CacheRefreshExecutor-%d] DEBUG o.s.web.client.RestTemplate - Reading to [org.springframework.cloud.netflix.eureka.http.EurekaApplications]
2026-02-17 23:27:54 [DiscoveryClient-CacheRefreshExecutor-%d] DEBUG o.s.web.client.RestTemplate - HTTP GET http://localhost:8761/eureka/apps/delta
2026-02-17 23:27:54 [DiscoveryClient-HeartbeatExecutor-%d] DEBUG o.s.web.client.RestTemplate - HTTP PUT http://localhost:8761/eureka/apps/AUTH-SERVICE/auth-service:8081?status=UP&lastDirtyTimestamp=1771350684605
2026-02-17 23:27:54 [DiscoveryClient-HeartbeatExecutor-%d] DEBUG o.s.web.client.RestTemplate - Accept=[application/json, application/yaml, application/*+json]
2026-02-17 23:27:54 [DiscoveryClient-CacheRefreshExecutor-%d] DEBUG o.s.web.client.RestTemplate - Accept=[application/json, application/yaml, application/*+json]
2026-02-17 23:27:54 [DiscoveryClient-CacheRefreshExecutor-%d] DEBUG o.s.web.client.RestTemplate - Response 200 OK
2026-02-17 23:27:54 [DiscoveryClient-HeartbeatExecutor-%d] DEBUG o.s.web.client.RestTemplate - Response 200 OK
2026-02-17 23:27:55 [DiscoveryClient-CacheRefreshExecutor-%d] DEBUG o.s.web.client.RestTemplate - Reading to [org.springframework.cloud.netflix.eureka.http.EurekaApplications]
2026-02-17 23:28:25 [DiscoveryClient-CacheRefreshExecutor-%d] DEBUG o.s.web.client.RestTemplate - HTTP GET http://localhost:8761/eureka/apps/delta
2026-02-17 23:28:25 [DiscoveryClient-HeartbeatExecutor-%d] DEBUG o.s.web.client.RestTemplate - HTTP PUT http://localhost:8761/eureka/apps/AUTH-SERVICE/auth-service:8081?status=UP&lastDirtyTimestamp=1771350684605
2026-02-17 23:28:25 [DiscoveryClient-CacheRefreshExecutor-%d] DEBUG o.s.web.client.RestTemplate - Accept=[application/json, application/yaml, application/*+json]
2026-02-17 23:28:25 [DiscoveryClient-HeartbeatExecutor-%d] DEBUG o.s.web.client.RestTemplate - Accept=[application/json, application/yaml, application/*+json]
2026-02-17 23:28:25 [DiscoveryClient-HeartbeatExecutor-%d] DEBUG o.s.web.client.RestTemplate - Response 200 OK
2026-02-17 23:28:25 [DiscoveryClient-CacheRefreshExecutor-%d] DEBUG o.s.web.client.RestTemplate - Response 200 OK
2026-02-17 23:28:25 [DiscoveryClient-CacheRefreshExecutor-%d] DEBUG o.s.web.client.RestTemplate - Reading to [org.springframework.cloud.netflix.eureka.http.EurekaApplications]
2026-02-17 23:28:55 [DiscoveryClient-CacheRefreshExecutor-%d] DEBUG o.s.web.client.RestTemplate - HTTP GET http://localhost:8761/eureka/apps/delta
2026-02-17 23:28:55 [DiscoveryClient-CacheRefreshExecutor-%d] DEBUG o.s.web.client.RestTemplate - Accept=[application/json, application/yaml, application/*+json]
2026-02-17 23:28:55 [DiscoveryClient-HeartbeatExecutor-%d] DEBUG o.s.web.client.RestTemplate - HTTP PUT http://localhost:8761/eureka/apps/AUTH-SERVICE/auth-service:8081?status=UP&lastDirtyTimestamp=1771350684605
2026-02-17 23:28:55 [DiscoveryClient-HeartbeatExecutor-%d] DEBUG o.s.web.client.RestTemplate - Accept=[application/json, application/yaml, application/*+json]
2026-02-17 23:28:55 [DiscoveryClient-CacheRefreshExecutor-%d] DEBUG o.s.web.client.RestTemplate - Response 200 OK
2026-02-17 23:28:55 [DiscoveryClient-HeartbeatExecutor-%d] DEBUG o.s.web.client.RestTemplate - Response 200 OK
2026-02-17 23:28:55 [DiscoveryClient-CacheRefreshExecutor-%d] DEBUG o.s.web.client.RestTemplate - Reading to [org.springframework.cloud.netflix.eureka.http.EurekaApplications]
2026-02-17 23:29:25 [DiscoveryClient-CacheRefreshExecutor-%d] DEBUG o.s.web.client.RestTemplate - HTTP GET http://localhost:8761/eureka/apps/delta
2026-02-17 23:29:25 [DiscoveryClient-HeartbeatExecutor-%d] DEBUG o.s.web.client.RestTemplate - HTTP PUT http://localhost:8761/eureka/apps/AUTH-SERVICE/auth-service:8081?status=UP&lastDirtyTimestamp=1771350684605
2026-02-17 23:29:25 [DiscoveryClient-CacheRefreshExecutor-%d] DEBUG o.s.web.client.RestTemplate - Accept=[application/json, application/yaml, application/*+json]
2026-02-17 23:29:25 [DiscoveryClient-HeartbeatExecutor-%d] DEBUG o.s.web.client.RestTemplate - Accept=[application/json, application/yaml, application/*+json]
2026-02-17 23:29:25 [DiscoveryClient-HeartbeatExecutor-%d] DEBUG o.s.web.client.RestTemplate - Response 200 OK
2026-02-17 23:29:25 [DiscoveryClient-CacheRefreshExecutor-%d] DEBUG o.s.web.client.RestTemplate - Response 200 OK
2026-02-17 23:29:25 [DiscoveryClient-CacheRefreshExecutor-%d] DEBUG o.s.web.client.RestTemplate - Reading to [org.springframework.cloud.netflix.eureka.http.EurekaApplications]
2026-02-17 23:29:44 [http-nio-8081-exec-1] DEBUG o.s.security.web.FilterChainProxy - Securing GET /auth/analytics/user-counts
2026-02-17 23:29:44 [http-nio-8081-exec-1] DEBUG c.m.a.s.JwtAuthenticationFilter - No Authorization header present for request /auth/analytics/user-counts
2026-02-17 23:29:44 [http-nio-8081-exec-1] DEBUG o.s.security.web.FilterChainProxy - Secured GET /auth/analytics/user-counts
2026-02-17 23:29:44 [http-nio-8081-exec-1] DEBUG o.s.web.servlet.DispatcherServlet - GET "/auth/analytics/user-counts", parameters={}
2026-02-17 23:29:44 [http-nio-8081-exec-1] DEBUG o.s.w.s.m.m.a.RequestMappingHandlerMapping - Mapped to com.medicart.auth.controller.AuthAnalyticsController#getUserCounts()
2026-02-17 23:29:44 [http-nio-8081-exec-1] INFO  c.m.a.c.AuthAnalyticsController - GET /auth/analytics/user-counts
2026-02-17 23:29:44 [http-nio-8081-exec-1] DEBUG o.s.w.s.m.m.a.HttpEntityMethodProcessor - Using 'application/json', given [*/*] and supported [application/json, application/*+json, application/yaml]
2026-02-17 23:29:44 [http-nio-8081-exec-1] DEBUG o.s.w.s.m.m.a.HttpEntityMethodProcessor - Writing [{usersThisWeek=0, usersThisMonth=3, usersThisYear=3, usersToday=0, totalUsers=3}]
2026-02-17 23:29:44 [http-nio-8081-exec-1] DEBUG o.s.web.servlet.DispatcherServlet - Completed 200 OK
2026-02-17 23:29:44 [http-nio-8081-exec-1] DEBUG o.s.s.w.a.AnonymousAuthenticationFilter - Set SecurityContextHolder to anonymous SecurityContext
2026-02-17 23:29:44 [http-nio-8081-exec-6] DEBUG o.s.security.web.FilterChainProxy - Securing GET /auth/users/5
2026-02-17 23:29:44 [http-nio-8081-exec-6] DEBUG c.m.a.s.JwtAuthenticationFilter - No Authorization header present for request /auth/users/5
2026-02-17 23:29:44 [http-nio-8081-exec-6] DEBUG o.s.security.web.FilterChainProxy - Secured GET /auth/users/5
2026-02-17 23:29:44 [http-nio-8081-exec-6] DEBUG o.s.web.servlet.DispatcherServlet - GET "/auth/users/5", parameters={}
2026-02-17 23:29:44 [http-nio-8081-exec-6] DEBUG o.s.w.s.m.m.a.RequestMappingHandlerMapping - Mapped to com.medicart.auth.controller.UserController#getUserById(Long)
2026-02-17 23:29:44 [http-nio-8081-exec-6] ERROR c.m.auth.controller.UserController - Failed to fetch user - userId: 5: User not found
2026-02-17 23:29:44 [http-nio-8081-exec-6] DEBUG o.s.w.s.m.m.a.HttpEntityMethodProcessor - Using 'application/json', given [*/*] and supported [application/json, application/*+json, application/yaml]
2026-02-17 23:29:44 [http-nio-8081-exec-6] DEBUG o.s.w.s.m.m.a.HttpEntityMethodProcessor - Nothing to write: null body
2026-02-17 23:29:44 [http-nio-8081-exec-6] DEBUG o.s.web.servlet.DispatcherServlet - Completed 404 NOT_FOUND
2026-02-17 23:29:44 [http-nio-8081-exec-6] DEBUG o.s.s.w.a.AnonymousAuthenticationFilter - Set SecurityContextHolder to anonymous SecurityContext
2026-02-17 23:29:55 [DiscoveryClient-CacheRefreshExecutor-%d] DEBUG o.s.web.client.RestTemplate - HTTP GET http://localhost:8761/eureka/apps/delta
2026-02-17 23:29:55 [DiscoveryClient-HeartbeatExecutor-%d] DEBUG o.s.web.client.RestTemplate - HTTP PUT http://localhost:8761/eureka/apps/AUTH-SERVICE/auth-service:8081?status=UP&lastDirtyTimestamp=1771350684605
2026-02-17 23:29:55 [DiscoveryClient-CacheRefreshExecutor-%d] DEBUG o.s.web.client.RestTemplate - Accept=[application/json, application/yaml, application/*+json]
2026-02-17 23:29:55 [DiscoveryClient-HeartbeatExecutor-%d] DEBUG o.s.web.client.RestTemplate - Accept=[application/json, application/yaml, application/*+json]
2026-02-17 23:29:55 [DiscoveryClient-CacheRefreshExecutor-%d] DEBUG o.s.web.client.RestTemplate - Response 200 OK
2026-02-17 23:29:55 [DiscoveryClient-HeartbeatExecutor-%d] DEBUG o.s.web.client.RestTemplate - Response 200 OK
2026-02-17 23:29:55 [DiscoveryClient-CacheRefreshExecutor-%d] DEBUG o.s.web.client.RestTemplate - Reading to [org.springframework.cloud.netflix.eureka.http.EurekaApplications]
2026-02-17 23:30:25 [DiscoveryClient-CacheRefreshExecutor-%d] DEBUG o.s.web.client.RestTemplate - HTTP GET http://localhost:8761/eureka/apps/delta
2026-02-17 23:30:25 [DiscoveryClient-HeartbeatExecutor-%d] DEBUG o.s.web.client.RestTemplate - HTTP PUT http://localhost:8761/eureka/apps/AUTH-SERVICE/auth-service:8081?status=UP&lastDirtyTimestamp=1771350684605
2026-02-17 23:30:25 [DiscoveryClient-CacheRefreshExecutor-%d] DEBUG o.s.web.client.RestTemplate - Accept=[application/json, application/yaml, application/*+json]
2026-02-17 23:30:25 [DiscoveryClient-HeartbeatExecutor-%d] DEBUG o.s.web.client.RestTemplate - Accept=[application/json, application/yaml, application/*+json]
2026-02-17 23:30:25 [DiscoveryClient-CacheRefreshExecutor-%d] DEBUG o.s.web.client.RestTemplate - Response 200 OK
2026-02-17 23:30:25 [DiscoveryClient-HeartbeatExecutor-%d] DEBUG o.s.web.client.RestTemplate - Response 200 OK
2026-02-17 23:30:25 [DiscoveryClient-CacheRefreshExecutor-%d] DEBUG o.s.web.client.RestTemplate - Reading to [org.springframework.cloud.netflix.eureka.http.EurekaApplications]
2026-02-17 23:30:55 [DiscoveryClient-CacheRefreshExecutor-%d] DEBUG o.s.web.client.RestTemplate - HTTP GET http://localhost:8761/eureka/apps/delta
2026-02-17 23:30:55 [DiscoveryClient-HeartbeatExecutor-%d] DEBUG o.s.web.client.RestTemplate - HTTP PUT http://localhost:8761/eureka/apps/AUTH-SERVICE/auth-service:8081?status=UP&lastDirtyTimestamp=1771350684605
2026-02-17 23:30:55 [DiscoveryClient-HeartbeatExecutor-%d] DEBUG o.s.web.client.RestTemplate - Accept=[application/json, application/yaml, application/*+json]
2026-02-17 23:30:55 [DiscoveryClient-CacheRefreshExecutor-%d] DEBUG o.s.web.client.RestTemplate - Accept=[application/json, application/yaml, application/*+json]
2026-02-17 23:30:55 [DiscoveryClient-CacheRefreshExecutor-%d] DEBUG o.s.web.client.RestTemplate - Response 200 OK
2026-02-17 23:30:55 [DiscoveryClient-HeartbeatExecutor-%d] DEBUG o.s.web.client.RestTemplate - Response 200 OK
2026-02-17 23:30:55 [DiscoveryClient-CacheRefreshExecutor-%d] DEBUG o.s.web.client.RestTemplate - Reading to [org.springframework.cloud.netflix.eureka.http.EurekaApplications]
2026-02-17 23:31:05 [background-preinit] INFO  o.h.validator.internal.util.Version - HV000001: Hibernate Validator 8.0.2.Final
2026-02-17 23:31:06 [main] INFO  c.m.auth.AuthServiceApplication - Starting AuthServiceApplication using Java 21.0.6 with PID 10872 (C:\Users\2460680\Downloads\Medicart full stack\Medicart full stack\microservices\auth-service\target\classes started by 2460680 in C:\Users\2460680\Downloads\Medicart full stack\Medicart full stack)
2026-02-17 23:31:06 [main] DEBUG c.m.auth.AuthServiceApplication - Running with Spring Boot v3.4.2, Spring v6.2.2
2026-02-17 23:31:06 [main] INFO  c.m.auth.AuthServiceApplication - The following 1 profile is active: "dev"
2026-02-17 23:31:08 [main] INFO  o.s.d.r.c.RepositoryConfigurationDelegate - Bootstrapping Spring Data JPA repositories in DEFAULT mode.
2026-02-17 23:31:09 [main] INFO  o.s.d.r.c.RepositoryConfigurationDelegate - Finished Spring Data repository scanning in 330 ms. Found 2 JPA repository interfaces.
2026-02-17 23:31:09 [main] INFO  o.s.cloud.context.scope.GenericScope - BeanFactory id=193c5db6-45af-3b98-a341-2e46375129a6
2026-02-17 23:31:11 [main] INFO  o.s.b.w.e.tomcat.TomcatWebServer - Tomcat initialized with port 8081 (http)
2026-02-17 23:31:11 [main] INFO  o.a.coyote.http11.Http11NioProtocol - Initializing ProtocolHandler ["http-nio-8081"]
2026-02-17 23:31:11 [main] INFO  o.a.catalina.core.StandardService - Starting service [Tomcat]
2026-02-17 23:31:11 [main] INFO  o.a.catalina.core.StandardEngine - Starting Servlet engine: [Apache Tomcat/10.1.34]
2026-02-17 23:31:11 [main] INFO  o.a.c.c.C.[Tomcat].[localhost].[/] - Initializing Spring embedded WebApplicationContext
2026-02-17 23:31:11 [main] INFO  o.s.b.w.s.c.ServletWebServerApplicationContext - Root WebApplicationContext: initialization completed in 5314 ms
2026-02-17 23:31:11 [main] DEBUG c.m.a.s.JwtAuthenticationFilter - Filter 'jwtAuthenticationFilter' configured for use
2026-02-17 23:31:12 [main] INFO  o.h.jpa.internal.util.LogHelper - HHH000204: Processing PersistenceUnitInfo [name: default]
2026-02-17 23:31:12 [main] INFO  org.hibernate.Version - HHH000412: Hibernate ORM core version 6.6.5.Final
2026-02-17 23:31:12 [main] INFO  o.h.c.i.RegionFactoryInitiator - HHH000026: Second-level cache disabled
2026-02-17 23:31:13 [main] INFO  o.s.o.j.p.SpringPersistenceUnitInfo - No LoadTimeWeaver setup: ignoring JPA class transformer
2026-02-17 23:31:13 [main] INFO  com.zaxxer.hikari.HikariDataSource - HikariPool-1 - Starting...
2026-02-17 23:31:13 [main] INFO  com.zaxxer.hikari.pool.HikariPool - HikariPool-1 - Added connection com.mysql.cj.jdbc.ConnectionImpl@4203529f
2026-02-17 23:31:13 [main] INFO  com.zaxxer.hikari.HikariDataSource - HikariPool-1 - Start completed.
2026-02-17 23:31:13 [main] WARN  org.hibernate.orm.deprecation - HHH90000025: MySQL8Dialect does not need to be specified explicitly using 'hibernate.dialect' (remove the property setting and it will be selected by default)
2026-02-17 23:31:13 [main] WARN  org.hibernate.orm.deprecation - HHH90000026: MySQL8Dialect has been deprecated; use org.hibernate.dialect.MySQLDialect instead
2026-02-17 23:31:13 [main] INFO  o.hibernate.orm.connections.pooling - HHH10001005: Database info:
	Database JDBC URL [Connecting through datasource 'HikariDataSource (HikariPool-1)']
	Database driver: undefined/unknown
	Database version: 8.0
	Autocommit mode: undefined/unknown
	Isolation level: undefined/unknown
	Minimum pool size: undefined/unknown
	Maximum pool size: undefined/unknown
2026-02-17 23:31:15 [main] INFO  o.h.e.t.j.p.i.JtaPlatformInitiator - HHH000489: No JTA platform available (set 'hibernate.transaction.jta.platform' to enable JTA platform integration)
2026-02-17 23:31:15 [main] INFO  o.s.o.j.LocalContainerEntityManagerFactoryBean - Initialized JPA EntityManagerFactory for persistence unit 'default'
2026-02-17 23:31:16 [main] WARN  o.s.b.a.o.j.JpaBaseConfiguration$JpaWebConfiguration - spring.jpa.open-in-view is enabled by default. Therefore, database queries may be performed during view rendering. Explicitly configure spring.jpa.open-in-view to disable this warning
2026-02-17 23:31:16 [main] WARN  o.s.b.a.s.s.UserDetailsServiceAutoConfiguration - 

Using generated security password: af2de274-a09b-41d4-922f-7b39f224dab0

This generated password is for development use only. Your security configuration must be updated before running your application in production.

2026-02-17 23:31:16 [main] INFO  o.s.s.c.a.a.c.InitializeUserDetailsBeanManagerConfigurer$InitializeUserDetailsManagerConfigurer - Global AuthenticationManager configured with UserDetailsService bean with name inMemoryUserDetailsManager
2026-02-17 23:31:17 [main] DEBUG o.s.w.s.m.m.a.RequestMappingHandlerMapping - 25 mappings in 'requestMappingHandlerMapping'
2026-02-17 23:31:17 [main] DEBUG o.s.w.s.h.SimpleUrlHandlerMapping - Patterns [/webjars/**, /**, /swagger-ui*/*swagger-initializer.js, /swagger-ui*/**] in 'resourceHandlerMapping'
2026-02-17 23:31:17 [main] WARN  o.s.s.c.a.w.c.AuthorizeHttpRequestsConfigurer$AuthorizationManagerRequestMatcherRegistry - One of the patterns in [GET, /auth/me, /api/auth/me] is missing a leading slash. This is discouraged; please include the leading slash in all your request matcher patterns. In future versions of Spring Security, leaving out the leading slash will result in an exception.
2026-02-17 23:31:17 [main] WARN  o.s.s.c.a.w.c.AuthorizeHttpRequestsConfigurer$AuthorizationManagerRequestMatcherRegistry - One of the patterns in [GET, /auth/users, /api/auth/users] is missing a leading slash. This is discouraged; please include the leading slash in all your request matcher patterns. In future versions of Spring Security, leaving out the leading slash will result in an exception.
2026-02-17 23:31:17 [main] WARN  o.s.s.c.a.w.c.AuthorizeHttpRequestsConfigurer$AuthorizationManagerRequestMatcherRegistry - One of the patterns in [GET, /auth/users/**, /api/auth/users/**] is missing a leading slash. This is discouraged; please include the leading slash in all your request matcher patterns. In future versions of Spring Security, leaving out the leading slash will result in an exception.
2026-02-17 23:31:17 [main] WARN  o.s.s.c.a.w.c.AuthorizeHttpRequestsConfigurer$AuthorizationManagerRequestMatcherRegistry - One of the patterns in [PUT, /auth/users/**, /api/auth/users/**] is missing a leading slash. This is discouraged; please include the leading slash in all your request matcher patterns. In future versions of Spring Security, leaving out the leading slash will result in an exception.
2026-02-17 23:31:17 [main] WARN  o.s.s.c.a.w.c.AuthorizeHttpRequestsConfigurer$AuthorizationManagerRequestMatcherRegistry - One of the patterns in [DELETE, /auth/users/**, /api/auth/users/**] is missing a leading slash. This is discouraged; please include the leading slash in all your request matcher patterns. In future versions of Spring Security, leaving out the leading slash will result in an exception.
2026-02-17 23:31:17 [main] DEBUG o.s.s.web.DefaultSecurityFilterChain - Will secure any request with filters: DisableEncodeUrlFilter, WebAsyncManagerIntegrationFilter, SecurityContextHolderFilter, HeaderWriterFilter, LogoutFilter, JwtAuthenticationFilter, RequestCacheAwareFilter, SecurityContextHolderAwareRequestFilter, AnonymousAuthenticationFilter, ExceptionTranslationFilter, AuthorizationFilter
2026-02-17 23:31:17 [main] DEBUG o.s.w.s.m.m.a.RequestMappingHandlerAdapter - ControllerAdvice beans: 0 @ModelAttribute, 0 @InitBinder, 1 RequestBodyAdvice, 1 ResponseBodyAdvice
2026-02-17 23:31:17 [main] DEBUG o.s.w.s.m.m.a.ExceptionHandlerExceptionResolver - ControllerAdvice beans: 2 @ExceptionHandler, 1 ResponseBodyAdvice
2026-02-17 23:31:18 [main] WARN  o.s.s.c.a.web.builders.WebSecurity - You are asking Spring Security to ignore Deferred [Mvc [pattern='/v3/api-docs'], Ant [pattern='/v3/api-docs']]. This is not recommended -- please use permitAll via HttpSecurity#authorizeHttpRequests instead.
2026-02-17 23:31:18 [main] DEBUG o.s.s.web.DefaultSecurityFilterChain - Will not secure Deferred [Mvc [pattern='/v3/api-docs'], Ant [pattern='/v3/api-docs']]
2026-02-17 23:31:18 [main] WARN  o.s.s.c.a.web.builders.WebSecurity - You are asking Spring Security to ignore Deferred [Mvc [pattern='/v3/api-docs/**'], Ant [pattern='/v3/api-docs/**']]. This is not recommended -- please use permitAll via HttpSecurity#authorizeHttpRequests instead.
2026-02-17 23:31:18 [main] DEBUG o.s.s.web.DefaultSecurityFilterChain - Will not secure Deferred [Mvc [pattern='/v3/api-docs/**'], Ant [pattern='/v3/api-docs/**']]
2026-02-17 23:31:18 [main] WARN  o.s.s.c.a.web.builders.WebSecurity - You are asking Spring Security to ignore Deferred [Mvc [pattern='/v3/api-docs.yaml'], Ant [pattern='/v3/api-docs.yaml']]. This is not recommended -- please use permitAll via HttpSecurity#authorizeHttpRequests instead.
2026-02-17 23:31:18 [main] DEBUG o.s.s.web.DefaultSecurityFilterChain - Will not secure Deferred [Mvc [pattern='/v3/api-docs.yaml'], Ant [pattern='/v3/api-docs.yaml']]
2026-02-17 23:31:18 [main] WARN  o.s.s.c.a.web.builders.WebSecurity - You are asking Spring Security to ignore Deferred [Mvc [pattern='/swagger-ui/**'], Ant [pattern='/swagger-ui/**']]. This is not recommended -- please use permitAll via HttpSecurity#authorizeHttpRequests instead.
2026-02-17 23:31:18 [main] DEBUG o.s.s.web.DefaultSecurityFilterChain - Will not secure Deferred [Mvc [pattern='/swagger-ui/**'], Ant [pattern='/swagger-ui/**']]
2026-02-17 23:31:18 [main] WARN  o.s.s.c.a.web.builders.WebSecurity - You are asking Spring Security to ignore Deferred [Mvc [pattern='/swagger-ui.html'], Ant [pattern='/swagger-ui.html']]. This is not recommended -- please use permitAll via HttpSecurity#authorizeHttpRequests instead.
2026-02-17 23:31:18 [main] DEBUG o.s.s.web.DefaultSecurityFilterChain - Will not secure Deferred [Mvc [pattern='/swagger-ui.html'], Ant [pattern='/swagger-ui.html']]
2026-02-17 23:31:18 [main] WARN  o.s.s.c.a.web.builders.WebSecurity - You are asking Spring Security to ignore Deferred [Mvc [pattern='/swagger-resources/**'], Ant [pattern='/swagger-resources/**']]. This is not recommended -- please use permitAll via HttpSecurity#authorizeHttpRequests instead.
2026-02-17 23:31:18 [main] DEBUG o.s.s.web.DefaultSecurityFilterChain - Will not secure Deferred [Mvc [pattern='/swagger-resources/**'], Ant [pattern='/swagger-resources/**']]
2026-02-17 23:31:18 [main] WARN  o.s.s.c.a.web.builders.WebSecurity - You are asking Spring Security to ignore Deferred [Mvc [pattern='/webjars/**'], Ant [pattern='/webjars/**']]. This is not recommended -- please use permitAll via HttpSecurity#authorizeHttpRequests instead.
2026-02-17 23:31:18 [main] DEBUG o.s.s.web.DefaultSecurityFilterChain - Will not secure Deferred [Mvc [pattern='/webjars/**'], Ant [pattern='/webjars/**']]
2026-02-17 23:31:18 [main] INFO  o.s.c.n.e.c.DiscoveryClientOptionalArgsConfiguration - Eureka HTTP Client uses RestTemplate.
2026-02-17 23:31:18 [main] WARN  o.s.c.l.c.LoadBalancerCacheAutoConfiguration$LoadBalancerCaffeineWarnLogger - Spring Cloud LoadBalancer is currently working with the default cache. While this cache implementation is useful for development and tests, it's recommended to use Caffeine cache in production.You can switch to using Caffeine cache, by adding it and org.springframework.cache.caffeine.CaffeineCacheManager to the classpath.
2026-02-17 23:31:18 [main] INFO  o.s.c.n.eureka.InstanceInfoFactory - Setting initial instance status as: STARTING
2026-02-17 23:31:18 [main] INFO  c.netflix.discovery.DiscoveryClient - Initializing Eureka in region us-east-1
2026-02-17 23:31:18 [main] INFO  c.n.d.s.r.aws.ConfigClusterResolver - Resolving eureka endpoints via configuration
2026-02-17 23:31:18 [main] INFO  c.netflix.discovery.DiscoveryClient - Disable delta property : false
2026-02-17 23:31:18 [main] INFO  c.netflix.discovery.DiscoveryClient - Single vip registry refresh property : null
2026-02-17 23:31:18 [main] INFO  c.netflix.discovery.DiscoveryClient - Force full registry fetch : false
2026-02-17 23:31:18 [main] INFO  c.netflix.discovery.DiscoveryClient - Application is null : false
2026-02-17 23:31:18 [main] INFO  c.netflix.discovery.DiscoveryClient - Registered Applications size is zero : true
2026-02-17 23:31:18 [main] INFO  c.netflix.discovery.DiscoveryClient - Application version is -1: true
2026-02-17 23:31:18 [main] INFO  c.netflix.discovery.DiscoveryClient - Getting all instance registry info from the eureka server
2026-02-17 23:31:18 [main] DEBUG o.s.web.client.RestTemplate - HTTP GET http://localhost:8761/eureka/apps/
2026-02-17 23:31:19 [main] DEBUG o.s.web.client.RestTemplate - Accept=[application/json, application/yaml, application/*+json]
2026-02-17 23:31:19 [main] DEBUG o.s.web.client.RestTemplate - Response 200 OK
2026-02-17 23:31:19 [main] DEBUG o.s.web.client.RestTemplate - Reading to [org.springframework.cloud.netflix.eureka.http.EurekaApplications]
2026-02-17 23:31:19 [main] INFO  c.netflix.discovery.DiscoveryClient - The response status is 200
2026-02-17 23:31:19 [main] INFO  c.netflix.discovery.DiscoveryClient - Starting heartbeat executor: renew interval is: 30
2026-02-17 23:31:19 [main] INFO  c.n.discovery.InstanceInfoReplicator - InstanceInfoReplicator onDemand update allowed rate per min is 4
2026-02-17 23:31:19 [main] INFO  c.netflix.discovery.DiscoveryClient - Discovery Client initialized at timestamp 1771351279361 with initial instances count: 6
2026-02-17 23:31:19 [main] INFO  o.s.c.n.e.s.EurekaServiceRegistry - Registering application AUTH-SERVICE with eureka with status UP
2026-02-17 23:31:19 [main] INFO  c.netflix.discovery.DiscoveryClient - Saw local status change event StatusChangeEvent [timestamp=1771351279368, current=UP, previous=STARTING]
2026-02-17 23:31:19 [main] INFO  o.a.coyote.http11.Http11NioProtocol - Starting ProtocolHandler ["http-nio-8081"]
2026-02-17 23:31:19 [DiscoveryClient-InstanceInfoReplicator-%d] INFO  c.netflix.discovery.DiscoveryClient - DiscoveryClient_AUTH-SERVICE/auth-service:8081: registering service...
2026-02-17 23:31:19 [DiscoveryClient-InstanceInfoReplicator-%d] DEBUG o.s.web.client.RestTemplate - HTTP POST http://localhost:8761/eureka/apps/AUTH-SERVICE
2026-02-17 23:31:19 [DiscoveryClient-InstanceInfoReplicator-%d] DEBUG o.s.web.client.RestTemplate - Accept=[application/json, application/yaml, application/*+json]
2026-02-17 23:31:19 [main] INFO  o.s.b.w.e.tomcat.TomcatWebServer - Tomcat started on port 8081 (http) with context path '/'
2026-02-17 23:31:19 [main] INFO  o.s.c.n.e.s.EurekaAutoServiceRegistration - Updating port to 8081
2026-02-17 23:31:19 [DiscoveryClient-InstanceInfoReplicator-%d] DEBUG o.s.web.client.RestTemplate - Writing [InstanceInfo [instanceId = auth-service:8081, appName = AUTH-SERVICE, hostName = localhost, status = UP, ipAddr = 192.168.1.107, port = 8081, securePort = 443, dataCenterInfo = com.netflix.appinfo.MyDataCenterInfo@7ba5d307] as "application/json"
2026-02-17 23:31:19 [main] INFO  c.m.auth.AuthServiceApplication - Started AuthServiceApplication in 14.938 seconds (process running for 16.831)
2026-02-17 23:31:19 [main] INFO  c.m.auth.config.DataInitializer - Starting application data initialization...
2026-02-17 23:31:19 [DiscoveryClient-InstanceInfoReplicator-%d] DEBUG o.s.web.client.RestTemplate - Response 204 NO_CONTENT
2026-02-17 23:31:19 [DiscoveryClient-InstanceInfoReplicator-%d] INFO  c.netflix.discovery.DiscoveryClient - DiscoveryClient_AUTH-SERVICE/auth-service:8081 - registration status: 204
2026-02-17 23:31:19 [main] INFO  c.m.auth.config.DataInitializer - Admin user already exists
2026-02-17 23:31:19 [main] INFO  c.m.auth.config.DataInitializer - Application data initialization completed.
2026-02-17 23:31:49 [DiscoveryClient-CacheRefreshExecutor-%d] DEBUG o.s.web.client.RestTemplate - HTTP GET http://localhost:8761/eureka/apps/delta
2026-02-17 23:31:49 [DiscoveryClient-CacheRefreshExecutor-%d] DEBUG o.s.web.client.RestTemplate - Accept=[application/json, application/yaml, application/*+json]
2026-02-17 23:31:49 [DiscoveryClient-HeartbeatExecutor-%d] DEBUG o.s.web.client.RestTemplate - HTTP PUT http://localhost:8761/eureka/apps/AUTH-SERVICE/auth-service:8081?status=UP&lastDirtyTimestamp=1771351279368
2026-02-17 23:31:49 [DiscoveryClient-HeartbeatExecutor-%d] DEBUG o.s.web.client.RestTemplate - Accept=[application/json, application/yaml, application/*+json]
2026-02-17 23:31:49 [DiscoveryClient-CacheRefreshExecutor-%d] DEBUG o.s.web.client.RestTemplate - Response 200 OK
2026-02-17 23:31:49 [DiscoveryClient-CacheRefreshExecutor-%d] DEBUG o.s.web.client.RestTemplate - Reading to [org.springframework.cloud.netflix.eureka.http.EurekaApplications]
2026-02-17 23:31:49 [DiscoveryClient-HeartbeatExecutor-%d] DEBUG o.s.web.client.RestTemplate - Response 200 OK
2026-02-17 23:32:20 [DiscoveryClient-HeartbeatExecutor-%d] DEBUG o.s.web.client.RestTemplate - HTTP PUT http://localhost:8761/eureka/apps/AUTH-SERVICE/auth-service:8081?status=UP&lastDirtyTimestamp=1771351279368
2026-02-17 23:32:20 [DiscoveryClient-CacheRefreshExecutor-%d] DEBUG o.s.web.client.RestTemplate - HTTP GET http://localhost:8761/eureka/apps/delta
2026-02-17 23:32:20 [DiscoveryClient-HeartbeatExecutor-%d] DEBUG o.s.web.client.RestTemplate - Accept=[application/json, application/yaml, application/*+json]
2026-02-17 23:32:20 [DiscoveryClient-CacheRefreshExecutor-%d] DEBUG o.s.web.client.RestTemplate - Accept=[application/json, application/yaml, application/*+json]
2026-02-17 23:32:20 [DiscoveryClient-HeartbeatExecutor-%d] DEBUG o.s.web.client.RestTemplate - Response 200 OK
2026-02-17 23:32:20 [DiscoveryClient-CacheRefreshExecutor-%d] DEBUG o.s.web.client.RestTemplate - Response 200 OK
2026-02-17 23:32:20 [DiscoveryClient-CacheRefreshExecutor-%d] DEBUG o.s.web.client.RestTemplate - Reading to [org.springframework.cloud.netflix.eureka.http.EurekaApplications]
2026-02-17 23:32:50 [DiscoveryClient-CacheRefreshExecutor-%d] DEBUG o.s.web.client.RestTemplate - HTTP GET http://localhost:8761/eureka/apps/delta
2026-02-17 23:32:50 [DiscoveryClient-HeartbeatExecutor-%d] DEBUG o.s.web.client.RestTemplate - HTTP PUT http://localhost:8761/eureka/apps/AUTH-SERVICE/auth-service:8081?status=UP&lastDirtyTimestamp=1771351279368
2026-02-17 23:32:50 [DiscoveryClient-HeartbeatExecutor-%d] DEBUG o.s.web.client.RestTemplate - Accept=[application/json, application/yaml, application/*+json]
2026-02-17 23:32:50 [DiscoveryClient-CacheRefreshExecutor-%d] DEBUG o.s.web.client.RestTemplate - Accept=[application/json, application/yaml, application/*+json]
2026-02-17 23:32:50 [DiscoveryClient-HeartbeatExecutor-%d] DEBUG o.s.web.client.RestTemplate - Response 200 OK
2026-02-17 23:32:50 [DiscoveryClient-CacheRefreshExecutor-%d] DEBUG o.s.web.client.RestTemplate - Response 200 OK
2026-02-17 23:32:50 [DiscoveryClient-CacheRefreshExecutor-%d] DEBUG o.s.web.client.RestTemplate - Reading to [org.springframework.cloud.netflix.eureka.http.EurekaApplications]
2026-02-17 23:33:20 [DiscoveryClient-CacheRefreshExecutor-%d] DEBUG o.s.web.client.RestTemplate - HTTP GET http://localhost:8761/eureka/apps/delta
2026-02-17 23:33:20 [DiscoveryClient-HeartbeatExecutor-%d] DEBUG o.s.web.client.RestTemplate - HTTP PUT http://localhost:8761/eureka/apps/AUTH-SERVICE/auth-service:8081?status=UP&lastDirtyTimestamp=1771351279368
2026-02-17 23:33:20 [DiscoveryClient-CacheRefreshExecutor-%d] DEBUG o.s.web.client.RestTemplate - Accept=[application/json, application/yaml, application/*+json]
2026-02-17 23:33:20 [DiscoveryClient-HeartbeatExecutor-%d] DEBUG o.s.web.client.RestTemplate - Accept=[application/json, application/yaml, application/*+json]
2026-02-17 23:33:20 [DiscoveryClient-HeartbeatExecutor-%d] DEBUG o.s.web.client.RestTemplate - Response 200 OK
2026-02-17 23:33:20 [DiscoveryClient-CacheRefreshExecutor-%d] DEBUG o.s.web.client.RestTemplate - Response 200 OK
2026-02-17 23:33:20 [DiscoveryClient-CacheRefreshExecutor-%d] DEBUG o.s.web.client.RestTemplate - Reading to [org.springframework.cloud.netflix.eureka.http.EurekaApplications]
2026-02-17 23:33:50 [DiscoveryClient-HeartbeatExecutor-%d] DEBUG o.s.web.client.RestTemplate - HTTP PUT http://localhost:8761/eureka/apps/AUTH-SERVICE/auth-service:8081?status=UP&lastDirtyTimestamp=1771351279368
2026-02-17 23:33:50 [DiscoveryClient-HeartbeatExecutor-%d] DEBUG o.s.web.client.RestTemplate - Accept=[application/json, application/yaml, application/*+json]
2026-02-17 23:33:50 [DiscoveryClient-CacheRefreshExecutor-%d] DEBUG o.s.web.client.RestTemplate - HTTP GET http://localhost:8761/eureka/apps/delta
2026-02-17 23:33:50 [DiscoveryClient-CacheRefreshExecutor-%d] DEBUG o.s.web.client.RestTemplate - Accept=[application/json, application/yaml, application/*+json]
2026-02-17 23:33:50 [DiscoveryClient-HeartbeatExecutor-%d] DEBUG o.s.web.client.RestTemplate - Response 200 OK
2026-02-17 23:33:50 [DiscoveryClient-CacheRefreshExecutor-%d] DEBUG o.s.web.client.RestTemplate - Response 200 OK
2026-02-17 23:33:50 [DiscoveryClient-CacheRefreshExecutor-%d] DEBUG o.s.web.client.RestTemplate - Reading to [org.springframework.cloud.netflix.eureka.http.EurekaApplications]
2026-02-17 23:51:57 [HikariPool-1 housekeeper] WARN  com.zaxxer.hikari.pool.HikariPool - HikariPool-1 - Thread starvation or clock leap detected (housekeeper delta=18m12s605ms686µs700ns).
2026-02-17 23:52:03 [DiscoveryClient-CacheRefreshExecutor-%d] DEBUG o.s.web.client.RestTemplate - HTTP GET http://localhost:8761/eureka/apps/delta
2026-02-17 23:52:03 [DiscoveryClient-CacheRefreshExecutor-%d] DEBUG o.s.web.client.RestTemplate - Accept=[application/json, application/yaml, application/*+json]
2026-02-17 23:52:03 [DiscoveryClient-CacheRefreshExecutor-%d] DEBUG o.s.web.client.RestTemplate - Response 200 OK
2026-02-17 23:52:03 [DiscoveryClient-HeartbeatExecutor-%d] DEBUG o.s.web.client.RestTemplate - HTTP PUT http://localhost:8761/eureka/apps/AUTH-SERVICE/auth-service:8081?status=UP&lastDirtyTimestamp=1771351279368
2026-02-17 23:52:03 [DiscoveryClient-CacheRefreshExecutor-%d] DEBUG o.s.web.client.RestTemplate - Reading to [org.springframework.cloud.netflix.eureka.http.EurekaApplications]
2026-02-17 23:52:03 [DiscoveryClient-HeartbeatExecutor-%d] DEBUG o.s.web.client.RestTemplate - Accept=[application/json, application/yaml, application/*+json]
2026-02-17 23:52:03 [DiscoveryClient-HeartbeatExecutor-%d] DEBUG o.s.web.client.RestTemplate - Response 200 OK
2026-02-17 23:52:31 [background-preinit] INFO  o.h.validator.internal.util.Version - HV000001: Hibernate Validator 8.0.2.Final
2026-02-17 23:52:31 [main] INFO  c.m.auth.AuthServiceApplication - Starting AuthServiceApplication using Java 21.0.6 with PID 30040 (C:\Users\2460680\Downloads\Medicart full stack\Medicart full stack\microservices\auth-service\target\classes started by 2460680 in C:\Users\2460680\Downloads\Medicart full stack\Medicart full stack)
2026-02-17 23:52:31 [main] DEBUG c.m.auth.AuthServiceApplication - Running with Spring Boot v3.4.2, Spring v6.2.2
2026-02-17 23:52:31 [main] INFO  c.m.auth.AuthServiceApplication - The following 1 profile is active: "dev"
2026-02-17 23:52:33 [main] INFO  o.s.d.r.c.RepositoryConfigurationDelegate - Bootstrapping Spring Data JPA repositories in DEFAULT mode.
2026-02-17 23:52:34 [main] INFO  o.s.d.r.c.RepositoryConfigurationDelegate - Finished Spring Data repository scanning in 416 ms. Found 2 JPA repository interfaces.
2026-02-17 23:52:35 [main] INFO  o.s.cloud.context.scope.GenericScope - BeanFactory id=193c5db6-45af-3b98-a341-2e46375129a6
2026-02-17 23:52:36 [main] INFO  o.s.b.w.e.tomcat.TomcatWebServer - Tomcat initialized with port 8081 (http)
2026-02-17 23:52:36 [main] INFO  o.a.coyote.http11.Http11NioProtocol - Initializing ProtocolHandler ["http-nio-8081"]
2026-02-17 23:52:36 [main] INFO  o.a.catalina.core.StandardService - Starting service [Tomcat]
2026-02-17 23:52:36 [main] INFO  o.a.catalina.core.StandardEngine - Starting Servlet engine: [Apache Tomcat/10.1.34]
2026-02-17 23:52:37 [main] INFO  o.a.c.c.C.[Tomcat].[localhost].[/] - Initializing Spring embedded WebApplicationContext
2026-02-17 23:52:37 [main] INFO  o.s.b.w.s.c.ServletWebServerApplicationContext - Root WebApplicationContext: initialization completed in 5962 ms
2026-02-17 23:52:37 [main] DEBUG c.m.a.s.JwtAuthenticationFilter - Filter 'jwtAuthenticationFilter' configured for use
2026-02-17 23:52:37 [main] INFO  o.h.jpa.internal.util.LogHelper - HHH000204: Processing PersistenceUnitInfo [name: default]
2026-02-17 23:52:38 [main] INFO  org.hibernate.Version - HHH000412: Hibernate ORM core version 6.6.5.Final
2026-02-17 23:52:38 [main] INFO  o.h.c.i.RegionFactoryInitiator - HHH000026: Second-level cache disabled
2026-02-17 23:52:39 [main] INFO  o.s.o.j.p.SpringPersistenceUnitInfo - No LoadTimeWeaver setup: ignoring JPA class transformer
2026-02-17 23:52:39 [main] INFO  com.zaxxer.hikari.HikariDataSource - HikariPool-1 - Starting...
2026-02-17 23:52:39 [main] INFO  com.zaxxer.hikari.pool.HikariPool - HikariPool-1 - Added connection com.mysql.cj.jdbc.ConnectionImpl@323b0632
2026-02-17 23:52:39 [main] INFO  com.zaxxer.hikari.HikariDataSource - HikariPool-1 - Start completed.
2026-02-17 23:52:39 [main] WARN  org.hibernate.orm.deprecation - HHH90000025: MySQL8Dialect does not need to be specified explicitly using 'hibernate.dialect' (remove the property setting and it will be selected by default)
2026-02-17 23:52:39 [main] WARN  org.hibernate.orm.deprecation - HHH90000026: MySQL8Dialect has been deprecated; use org.hibernate.dialect.MySQLDialect instead
2026-02-17 23:52:39 [main] INFO  o.hibernate.orm.connections.pooling - HHH10001005: Database info:
	Database JDBC URL [Connecting through datasource 'HikariDataSource (HikariPool-1)']
	Database driver: undefined/unknown
	Database version: 8.0
	Autocommit mode: undefined/unknown
	Isolation level: undefined/unknown
	Minimum pool size: undefined/unknown
	Maximum pool size: undefined/unknown
2026-02-17 23:52:42 [main] INFO  o.h.e.t.j.p.i.JtaPlatformInitiator - HHH000489: No JTA platform available (set 'hibernate.transaction.jta.platform' to enable JTA platform integration)
2026-02-17 23:52:42 [main] INFO  o.s.o.j.LocalContainerEntityManagerFactoryBean - Initialized JPA EntityManagerFactory for persistence unit 'default'
2026-02-17 23:52:43 [main] WARN  o.s.b.a.o.j.JpaBaseConfiguration$JpaWebConfiguration - spring.jpa.open-in-view is enabled by default. Therefore, database queries may be performed during view rendering. Explicitly configure spring.jpa.open-in-view to disable this warning
2026-02-17 23:52:43 [main] WARN  o.s.b.a.s.s.UserDetailsServiceAutoConfiguration - 

Using generated security password: aec41bd3-47ca-44f6-8f01-59cf72b5764d

This generated password is for development use only. Your security configuration must be updated before running your application in production.

2026-02-17 23:52:43 [main] INFO  o.s.s.c.a.a.c.InitializeUserDetailsBeanManagerConfigurer$InitializeUserDetailsManagerConfigurer - Global AuthenticationManager configured with UserDetailsService bean with name inMemoryUserDetailsManager
2026-02-17 23:52:44 [main] DEBUG o.s.w.s.m.m.a.RequestMappingHandlerMapping - 25 mappings in 'requestMappingHandlerMapping'
2026-02-17 23:52:44 [main] DEBUG o.s.w.s.h.SimpleUrlHandlerMapping - Patterns [/webjars/**, /**, /swagger-ui*/*swagger-initializer.js, /swagger-ui*/**] in 'resourceHandlerMapping'
2026-02-17 23:52:44 [main] WARN  o.s.s.c.a.w.c.AuthorizeHttpRequestsConfigurer$AuthorizationManagerRequestMatcherRegistry - One of the patterns in [GET, /auth/me, /api/auth/me] is missing a leading slash. This is discouraged; please include the leading slash in all your request matcher patterns. In future versions of Spring Security, leaving out the leading slash will result in an exception.
2026-02-17 23:52:44 [main] WARN  o.s.s.c.a.w.c.AuthorizeHttpRequestsConfigurer$AuthorizationManagerRequestMatcherRegistry - One of the patterns in [GET, /auth/users, /api/auth/users] is missing a leading slash. This is discouraged; please include the leading slash in all your request matcher patterns. In future versions of Spring Security, leaving out the leading slash will result in an exception.
2026-02-17 23:52:44 [main] WARN  o.s.s.c.a.w.c.AuthorizeHttpRequestsConfigurer$AuthorizationManagerRequestMatcherRegistry - One of the patterns in [GET, /auth/users/**, /api/auth/users/**] is missing a leading slash. This is discouraged; please include the leading slash in all your request matcher patterns. In future versions of Spring Security, leaving out the leading slash will result in an exception.
2026-02-17 23:52:44 [main] WARN  o.s.s.c.a.w.c.AuthorizeHttpRequestsConfigurer$AuthorizationManagerRequestMatcherRegistry - One of the patterns in [PUT, /auth/users/**, /api/auth/users/**] is missing a leading slash. This is discouraged; please include the leading slash in all your request matcher patterns. In future versions of Spring Security, leaving out the leading slash will result in an exception.
2026-02-17 23:52:44 [main] WARN  o.s.s.c.a.w.c.AuthorizeHttpRequestsConfigurer$AuthorizationManagerRequestMatcherRegistry - One of the patterns in [DELETE, /auth/users/**, /api/auth/users/**] is missing a leading slash. This is discouraged; please include the leading slash in all your request matcher patterns. In future versions of Spring Security, leaving out the leading slash will result in an exception.
2026-02-17 23:52:44 [main] DEBUG o.s.s.web.DefaultSecurityFilterChain - Will secure any request with filters: DisableEncodeUrlFilter, WebAsyncManagerIntegrationFilter, SecurityContextHolderFilter, HeaderWriterFilter, LogoutFilter, JwtAuthenticationFilter, RequestCacheAwareFilter, SecurityContextHolderAwareRequestFilter, AnonymousAuthenticationFilter, ExceptionTranslationFilter, AuthorizationFilter
2026-02-17 23:52:44 [main] DEBUG o.s.w.s.m.m.a.RequestMappingHandlerAdapter - ControllerAdvice beans: 0 @ModelAttribute, 0 @InitBinder, 1 RequestBodyAdvice, 1 ResponseBodyAdvice
2026-02-17 23:52:45 [main] DEBUG o.s.w.s.m.m.a.ExceptionHandlerExceptionResolver - ControllerAdvice beans: 2 @ExceptionHandler, 1 ResponseBodyAdvice
2026-02-17 23:52:45 [main] WARN  o.s.s.c.a.web.builders.WebSecurity - You are asking Spring Security to ignore Deferred [Mvc [pattern='/v3/api-docs'], Ant [pattern='/v3/api-docs']]. This is not recommended -- please use permitAll via HttpSecurity#authorizeHttpRequests instead.
2026-02-17 23:52:45 [main] DEBUG o.s.s.web.DefaultSecurityFilterChain - Will not secure Deferred [Mvc [pattern='/v3/api-docs'], Ant [pattern='/v3/api-docs']]
2026-02-17 23:52:45 [main] WARN  o.s.s.c.a.web.builders.WebSecurity - You are asking Spring Security to ignore Deferred [Mvc [pattern='/v3/api-docs/**'], Ant [pattern='/v3/api-docs/**']]. This is not recommended -- please use permitAll via HttpSecurity#authorizeHttpRequests instead.
2026-02-17 23:52:45 [main] DEBUG o.s.s.web.DefaultSecurityFilterChain - Will not secure Deferred [Mvc [pattern='/v3/api-docs/**'], Ant [pattern='/v3/api-docs/**']]
2026-02-17 23:52:45 [main] WARN  o.s.s.c.a.web.builders.WebSecurity - You are asking Spring Security to ignore Deferred [Mvc [pattern='/v3/api-docs.yaml'], Ant [pattern='/v3/api-docs.yaml']]. This is not recommended -- please use permitAll via HttpSecurity#authorizeHttpRequests instead.
2026-02-17 23:52:45 [main] DEBUG o.s.s.web.DefaultSecurityFilterChain - Will not secure Deferred [Mvc [pattern='/v3/api-docs.yaml'], Ant [pattern='/v3/api-docs.yaml']]
2026-02-17 23:52:45 [main] WARN  o.s.s.c.a.web.builders.WebSecurity - You are asking Spring Security to ignore Deferred [Mvc [pattern='/swagger-ui/**'], Ant [pattern='/swagger-ui/**']]. This is not recommended -- please use permitAll via HttpSecurity#authorizeHttpRequests instead.
2026-02-17 23:52:45 [main] DEBUG o.s.s.web.DefaultSecurityFilterChain - Will not secure Deferred [Mvc [pattern='/swagger-ui/**'], Ant [pattern='/swagger-ui/**']]
2026-02-17 23:52:45 [main] WARN  o.s.s.c.a.web.builders.WebSecurity - You are asking Spring Security to ignore Deferred [Mvc [pattern='/swagger-ui.html'], Ant [pattern='/swagger-ui.html']]. This is not recommended -- please use permitAll via HttpSecurity#authorizeHttpRequests instead.
2026-02-17 23:52:45 [main] DEBUG o.s.s.web.DefaultSecurityFilterChain - Will not secure Deferred [Mvc [pattern='/swagger-ui.html'], Ant [pattern='/swagger-ui.html']]
2026-02-17 23:52:45 [main] WARN  o.s.s.c.a.web.builders.WebSecurity - You are asking Spring Security to ignore Deferred [Mvc [pattern='/swagger-resources/**'], Ant [pattern='/swagger-resources/**']]. This is not recommended -- please use permitAll via HttpSecurity#authorizeHttpRequests instead.
2026-02-17 23:52:45 [main] DEBUG o.s.s.web.DefaultSecurityFilterChain - Will not secure Deferred [Mvc [pattern='/swagger-resources/**'], Ant [pattern='/swagger-resources/**']]
2026-02-17 23:52:45 [main] WARN  o.s.s.c.a.web.builders.WebSecurity - You are asking Spring Security to ignore Deferred [Mvc [pattern='/webjars/**'], Ant [pattern='/webjars/**']]. This is not recommended -- please use permitAll via HttpSecurity#authorizeHttpRequests instead.
2026-02-17 23:52:45 [main] DEBUG o.s.s.web.DefaultSecurityFilterChain - Will not secure Deferred [Mvc [pattern='/webjars/**'], Ant [pattern='/webjars/**']]
2026-02-17 23:52:45 [main] INFO  o.s.c.n.e.c.DiscoveryClientOptionalArgsConfiguration - Eureka HTTP Client uses RestTemplate.
2026-02-17 23:52:45 [main] WARN  o.s.c.l.c.LoadBalancerCacheAutoConfiguration$LoadBalancerCaffeineWarnLogger - Spring Cloud LoadBalancer is currently working with the default cache. While this cache implementation is useful for development and tests, it's recommended to use Caffeine cache in production.You can switch to using Caffeine cache, by adding it and org.springframework.cache.caffeine.CaffeineCacheManager to the classpath.
2026-02-17 23:52:45 [main] INFO  o.s.c.n.eureka.InstanceInfoFactory - Setting initial instance status as: STARTING
2026-02-17 23:52:45 [main] INFO  c.netflix.discovery.DiscoveryClient - Initializing Eureka in region us-east-1
2026-02-17 23:52:46 [main] INFO  c.n.d.s.r.aws.ConfigClusterResolver - Resolving eureka endpoints via configuration
2026-02-17 23:52:46 [main] INFO  c.netflix.discovery.DiscoveryClient - Disable delta property : false
2026-02-17 23:52:46 [main] INFO  c.netflix.discovery.DiscoveryClient - Single vip registry refresh property : null
2026-02-17 23:52:46 [main] INFO  c.netflix.discovery.DiscoveryClient - Force full registry fetch : false
2026-02-17 23:52:46 [main] INFO  c.netflix.discovery.DiscoveryClient - Application is null : false
2026-02-17 23:52:46 [main] INFO  c.netflix.discovery.DiscoveryClient - Registered Applications size is zero : true
2026-02-17 23:52:46 [main] INFO  c.netflix.discovery.DiscoveryClient - Application version is -1: true
2026-02-17 23:52:46 [main] INFO  c.netflix.discovery.DiscoveryClient - Getting all instance registry info from the eureka server
2026-02-17 23:52:46 [main] DEBUG o.s.web.client.RestTemplate - HTTP GET http://localhost:8761/eureka/apps/
2026-02-17 23:52:46 [main] DEBUG o.s.web.client.RestTemplate - Accept=[application/json, application/yaml, application/*+json]
2026-02-17 23:52:46 [main] DEBUG o.s.web.client.RestTemplate - Response 200 OK
2026-02-17 23:52:46 [main] DEBUG o.s.web.client.RestTemplate - Reading to [org.springframework.cloud.netflix.eureka.http.EurekaApplications]
2026-02-17 23:52:46 [main] INFO  c.netflix.discovery.DiscoveryClient - The response status is 200
2026-02-17 23:52:46 [main] INFO  c.netflix.discovery.DiscoveryClient - Starting heartbeat executor: renew interval is: 30
2026-02-17 23:52:46 [main] INFO  c.n.discovery.InstanceInfoReplicator - InstanceInfoReplicator onDemand update allowed rate per min is 4
2026-02-17 23:52:46 [main] INFO  c.netflix.discovery.DiscoveryClient - Discovery Client initialized at timestamp 1771352566751 with initial instances count: 6
2026-02-17 23:52:46 [main] INFO  o.s.c.n.e.s.EurekaServiceRegistry - Registering application AUTH-SERVICE with eureka with status UP
2026-02-17 23:52:46 [main] INFO  c.netflix.discovery.DiscoveryClient - Saw local status change event StatusChangeEvent [timestamp=1771352566759, current=UP, previous=STARTING]
2026-02-17 23:52:46 [main] INFO  o.a.coyote.http11.Http11NioProtocol - Starting ProtocolHandler ["http-nio-8081"]
2026-02-17 23:52:46 [DiscoveryClient-InstanceInfoReplicator-%d] INFO  c.netflix.discovery.DiscoveryClient - DiscoveryClient_AUTH-SERVICE/auth-service:8081: registering service...
2026-02-17 23:52:46 [DiscoveryClient-InstanceInfoReplicator-%d] DEBUG o.s.web.client.RestTemplate - HTTP POST http://localhost:8761/eureka/apps/AUTH-SERVICE
2026-02-17 23:52:46 [DiscoveryClient-InstanceInfoReplicator-%d] DEBUG o.s.web.client.RestTemplate - Accept=[application/json, application/yaml, application/*+json]
2026-02-17 23:52:46 [main] INFO  o.s.b.w.e.tomcat.TomcatWebServer - Tomcat started on port 8081 (http) with context path '/'
2026-02-17 23:52:46 [main] INFO  o.s.c.n.e.s.EurekaAutoServiceRegistration - Updating port to 8081
2026-02-17 23:52:46 [DiscoveryClient-InstanceInfoReplicator-%d] DEBUG o.s.web.client.RestTemplate - Writing [InstanceInfo [instanceId = auth-service:8081, appName = AUTH-SERVICE, hostName = localhost, status = UP, ipAddr = 192.168.1.107, port = 8081, securePort = 443, dataCenterInfo = com.netflix.appinfo.MyDataCenterInfo@7138e064] as "application/json"
2026-02-17 23:52:46 [main] INFO  c.m.auth.AuthServiceApplication - Started AuthServiceApplication in 16.97 seconds (process running for 18.599)
2026-02-17 23:52:46 [main] INFO  c.m.auth.config.DataInitializer - Starting application data initialization...
2026-02-17 23:52:46 [DiscoveryClient-InstanceInfoReplicator-%d] DEBUG o.s.web.client.RestTemplate - Response 204 NO_CONTENT
2026-02-17 23:52:46 [DiscoveryClient-InstanceInfoReplicator-%d] INFO  c.netflix.discovery.DiscoveryClient - DiscoveryClient_AUTH-SERVICE/auth-service:8081 - registration status: 204
2026-02-17 23:52:47 [main] INFO  c.m.auth.config.DataInitializer - Admin user already exists
2026-02-17 23:52:47 [main] INFO  c.m.auth.config.DataInitializer - Application data initialization completed.
2026-02-17 23:53:16 [DiscoveryClient-CacheRefreshExecutor-%d] DEBUG o.s.web.client.RestTemplate - HTTP GET http://localhost:8761/eureka/apps/delta
2026-02-17 23:53:16 [DiscoveryClient-CacheRefreshExecutor-%d] DEBUG o.s.web.client.RestTemplate - Accept=[application/json, application/yaml, application/*+json]
2026-02-17 23:53:16 [DiscoveryClient-HeartbeatExecutor-%d] DEBUG o.s.web.client.RestTemplate - HTTP PUT http://localhost:8761/eureka/apps/AUTH-SERVICE/auth-service:8081?status=UP&lastDirtyTimestamp=1771352566759
2026-02-17 23:53:16 [DiscoveryClient-HeartbeatExecutor-%d] DEBUG o.s.web.client.RestTemplate - Accept=[application/json, application/yaml, application/*+json]
2026-02-17 23:53:16 [DiscoveryClient-CacheRefreshExecutor-%d] DEBUG o.s.web.client.RestTemplate - Response 200 OK
2026-02-17 23:53:16 [DiscoveryClient-CacheRefreshExecutor-%d] DEBUG o.s.web.client.RestTemplate - Reading to [org.springframework.cloud.netflix.eureka.http.EurekaApplications]
2026-02-17 23:53:16 [DiscoveryClient-HeartbeatExecutor-%d] DEBUG o.s.web.client.RestTemplate - Response 200 OK
2026-02-17 23:53:46 [DiscoveryClient-CacheRefreshExecutor-%d] DEBUG o.s.web.client.RestTemplate - HTTP GET http://localhost:8761/eureka/apps/delta
2026-02-17 23:53:46 [DiscoveryClient-CacheRefreshExecutor-%d] DEBUG o.s.web.client.RestTemplate - Accept=[application/json, application/yaml, application/*+json]
2026-02-17 23:53:46 [DiscoveryClient-HeartbeatExecutor-%d] DEBUG o.s.web.client.RestTemplate - HTTP PUT http://localhost:8761/eureka/apps/AUTH-SERVICE/auth-service:8081?status=UP&lastDirtyTimestamp=1771352566759
2026-02-17 23:53:46 [DiscoveryClient-CacheRefreshExecutor-%d] DEBUG o.s.web.client.RestTemplate - Response 200 OK
2026-02-17 23:53:46 [DiscoveryClient-CacheRefreshExecutor-%d] DEBUG o.s.web.client.RestTemplate - Reading to [org.springframework.cloud.netflix.eureka.http.EurekaApplications]
2026-02-17 23:53:46 [DiscoveryClient-HeartbeatExecutor-%d] DEBUG o.s.web.client.RestTemplate - Accept=[application/json, application/yaml, application/*+json]
2026-02-17 23:53:46 [DiscoveryClient-HeartbeatExecutor-%d] DEBUG o.s.web.client.RestTemplate - Response 200 OK
2026-02-17 23:54:16 [DiscoveryClient-CacheRefreshExecutor-%d] DEBUG o.s.web.client.RestTemplate - HTTP GET http://localhost:8761/eureka/apps/delta
2026-02-17 23:54:16 [DiscoveryClient-CacheRefreshExecutor-%d] DEBUG o.s.web.client.RestTemplate - Accept=[application/json, application/yaml, application/*+json]
2026-02-17 23:54:16 [DiscoveryClient-HeartbeatExecutor-%d] DEBUG o.s.web.client.RestTemplate - HTTP PUT http://localhost:8761/eureka/apps/AUTH-SERVICE/auth-service:8081?status=UP&lastDirtyTimestamp=1771352566759
2026-02-17 23:54:16 [DiscoveryClient-HeartbeatExecutor-%d] DEBUG o.s.web.client.RestTemplate - Accept=[application/json, application/yaml, application/*+json]
2026-02-17 23:54:16 [DiscoveryClient-CacheRefreshExecutor-%d] DEBUG o.s.web.client.RestTemplate - Response 200 OK
2026-02-17 23:54:16 [DiscoveryClient-CacheRefreshExecutor-%d] DEBUG o.s.web.client.RestTemplate - Reading to [org.springframework.cloud.netflix.eureka.http.EurekaApplications]
2026-02-17 23:54:16 [DiscoveryClient-HeartbeatExecutor-%d] DEBUG o.s.web.client.RestTemplate - Response 200 OK
2026-02-17 23:54:25 [http-nio-8081-exec-1] INFO  o.a.c.c.C.[Tomcat].[localhost].[/] - Initializing Spring DispatcherServlet 'dispatcherServlet'
2026-02-17 23:54:25 [http-nio-8081-exec-1] INFO  o.s.web.servlet.DispatcherServlet - Initializing Servlet 'dispatcherServlet'
2026-02-17 23:54:25 [http-nio-8081-exec-1] DEBUG o.s.web.servlet.DispatcherServlet - Detected StandardServletMultipartResolver
2026-02-17 23:54:25 [http-nio-8081-exec-1] DEBUG o.s.web.servlet.DispatcherServlet - Detected AcceptHeaderLocaleResolver
2026-02-17 23:54:25 [http-nio-8081-exec-1] DEBUG o.s.web.servlet.DispatcherServlet - Detected FixedThemeResolver
2026-02-17 23:54:25 [http-nio-8081-exec-1] DEBUG o.s.web.servlet.DispatcherServlet - Detected org.springframework.web.servlet.view.DefaultRequestToViewNameTranslator@e62d757
2026-02-17 23:54:25 [http-nio-8081-exec-1] DEBUG o.s.web.servlet.DispatcherServlet - Detected org.springframework.web.servlet.support.SessionFlashMapManager@31620971
2026-02-17 23:54:25 [http-nio-8081-exec-1] DEBUG o.s.web.servlet.DispatcherServlet - enableLoggingRequestDetails='false': request parameters and headers will be masked to prevent unsafe logging of potentially sensitive data
2026-02-17 23:54:25 [http-nio-8081-exec-1] INFO  o.s.web.servlet.DispatcherServlet - Completed initialization in 6 ms
2026-02-17 23:54:25 [http-nio-8081-exec-1] DEBUG o.s.security.web.FilterChainProxy - Securing GET /auth/users
2026-02-17 23:54:25 [http-nio-8081-exec-1] DEBUG c.m.a.s.JwtAuthenticationFilter - No Authorization header present for request /auth/users
2026-02-17 23:54:25 [http-nio-8081-exec-1] DEBUG o.s.security.web.FilterChainProxy - Secured GET /auth/users
2026-02-17 23:54:25 [http-nio-8081-exec-1] DEBUG o.s.web.servlet.DispatcherServlet - GET "/auth/users", parameters={}
2026-02-17 23:54:25 [http-nio-8081-exec-1] DEBUG o.s.w.s.m.m.a.RequestMappingHandlerMapping - Mapped to com.medicart.auth.controller.UserController#getAllUsers()
2026-02-17 23:54:25 [http-nio-8081-exec-1] INFO  c.medicart.auth.service.AuthService - Fetching all users from database
2026-02-17 23:54:25 [http-nio-8081-exec-1] INFO  c.m.auth.controller.UserController - Fetched 3 users
2026-02-17 23:54:25 [http-nio-8081-exec-1] DEBUG o.s.w.s.m.m.a.HttpEntityMethodProcessor - Using 'application/json', given [*/*] and supported [application/json, application/*+json, application/yaml]
2026-02-17 23:54:25 [http-nio-8081-exec-1] DEBUG o.s.w.s.m.m.a.HttpEntityMethodProcessor - Writing [[UserDTO(id=2, email=rohinrajsingh003@gmail.com, fullName=Rohin Raj Singh, phone=1234567890, isActiv (truncated)...]
2026-02-17 23:54:25 [http-nio-8081-exec-1] DEBUG o.s.web.servlet.DispatcherServlet - Completed 200 OK
2026-02-17 23:54:25 [http-nio-8081-exec-1] DEBUG o.s.s.w.a.AnonymousAuthenticationFilter - Set SecurityContextHolder to anonymous SecurityContext
2026-02-17 23:54:46 [DiscoveryClient-CacheRefreshExecutor-%d] DEBUG o.s.web.client.RestTemplate - HTTP GET http://localhost:8761/eureka/apps/delta
2026-02-17 23:54:46 [DiscoveryClient-CacheRefreshExecutor-%d] DEBUG o.s.web.client.RestTemplate - Accept=[application/json, application/yaml, application/*+json]
2026-02-17 23:54:46 [DiscoveryClient-HeartbeatExecutor-%d] DEBUG o.s.web.client.RestTemplate - HTTP PUT http://localhost:8761/eureka/apps/AUTH-SERVICE/auth-service:8081?status=UP&lastDirtyTimestamp=1771352566759
2026-02-17 23:54:46 [DiscoveryClient-HeartbeatExecutor-%d] DEBUG o.s.web.client.RestTemplate - Accept=[application/json, application/yaml, application/*+json]
2026-02-17 23:54:46 [DiscoveryClient-HeartbeatExecutor-%d] DEBUG o.s.web.client.RestTemplate - Response 200 OK
2026-02-17 23:54:46 [DiscoveryClient-CacheRefreshExecutor-%d] DEBUG o.s.web.client.RestTemplate - Response 200 OK
2026-02-17 23:54:46 [DiscoveryClient-CacheRefreshExecutor-%d] DEBUG o.s.web.client.RestTemplate - Reading to [org.springframework.cloud.netflix.eureka.http.EurekaApplications]
2026-02-17 23:55:16 [DiscoveryClient-HeartbeatExecutor-%d] DEBUG o.s.web.client.RestTemplate - HTTP PUT http://localhost:8761/eureka/apps/AUTH-SERVICE/auth-service:8081?status=UP&lastDirtyTimestamp=1771352566759
2026-02-17 23:55:16 [DiscoveryClient-HeartbeatExecutor-%d] DEBUG o.s.web.client.RestTemplate - Accept=[application/json, application/yaml, application/*+json]
2026-02-17 23:55:16 [DiscoveryClient-CacheRefreshExecutor-%d] DEBUG o.s.web.client.RestTemplate - HTTP GET http://localhost:8761/eureka/apps/delta
2026-02-17 23:55:16 [DiscoveryClient-CacheRefreshExecutor-%d] DEBUG o.s.web.client.RestTemplate - Accept=[application/json, application/yaml, application/*+json]
2026-02-17 23:55:16 [DiscoveryClient-CacheRefreshExecutor-%d] DEBUG o.s.web.client.RestTemplate - Response 200 OK
2026-02-17 23:55:16 [DiscoveryClient-HeartbeatExecutor-%d] DEBUG o.s.web.client.RestTemplate - Response 200 OK
2026-02-17 23:55:16 [DiscoveryClient-CacheRefreshExecutor-%d] DEBUG o.s.web.client.RestTemplate - Reading to [org.springframework.cloud.netflix.eureka.http.EurekaApplications]
2026-02-17 23:55:27 [http-nio-8081-exec-3] DEBUG o.s.security.web.FilterChainProxy - Securing GET /auth/users
2026-02-17 23:55:27 [http-nio-8081-exec-3] DEBUG c.m.a.s.JwtAuthenticationFilter - No Authorization header present for request /auth/users
2026-02-17 23:55:27 [http-nio-8081-exec-3] DEBUG o.s.security.web.FilterChainProxy - Secured GET /auth/users
2026-02-17 23:55:27 [http-nio-8081-exec-3] DEBUG o.s.web.servlet.DispatcherServlet - GET "/auth/users", parameters={}
2026-02-17 23:55:27 [http-nio-8081-exec-3] DEBUG o.s.w.s.m.m.a.RequestMappingHandlerMapping - Mapped to com.medicart.auth.controller.UserController#getAllUsers()
2026-02-17 23:55:27 [http-nio-8081-exec-3] INFO  c.medicart.auth.service.AuthService - Fetching all users from database
2026-02-17 23:55:27 [http-nio-8081-exec-3] INFO  c.m.auth.controller.UserController - Fetched 3 users
2026-02-17 23:55:27 [http-nio-8081-exec-3] DEBUG o.s.w.s.m.m.a.HttpEntityMethodProcessor - Using 'application/json', given [*/*] and supported [application/json, application/*+json, application/yaml]
2026-02-17 23:55:27 [http-nio-8081-exec-3] DEBUG o.s.w.s.m.m.a.HttpEntityMethodProcessor - Writing [[UserDTO(id=2, email=rohinrajsingh003@gmail.com, fullName=Rohin Raj Singh, phone=1234567890, isActiv (truncated)...]
2026-02-17 23:55:27 [http-nio-8081-exec-3] DEBUG o.s.web.servlet.DispatcherServlet - Completed 200 OK
2026-02-17 23:55:27 [http-nio-8081-exec-3] DEBUG o.s.s.w.a.AnonymousAuthenticationFilter - Set SecurityContextHolder to anonymous SecurityContext
2026-02-17 23:55:46 [DiscoveryClient-HeartbeatExecutor-%d] DEBUG o.s.web.client.RestTemplate - HTTP PUT http://localhost:8761/eureka/apps/AUTH-SERVICE/auth-service:8081?status=UP&lastDirtyTimestamp=1771352566759
2026-02-17 23:55:46 [DiscoveryClient-HeartbeatExecutor-%d] DEBUG o.s.web.client.RestTemplate - Accept=[application/json, application/yaml, application/*+json]
2026-02-17 23:55:46 [DiscoveryClient-CacheRefreshExecutor-%d] DEBUG o.s.web.client.RestTemplate - HTTP GET http://localhost:8761/eureka/apps/delta
2026-02-17 23:55:46 [DiscoveryClient-CacheRefreshExecutor-%d] DEBUG o.s.web.client.RestTemplate - Accept=[application/json, application/yaml, application/*+json]
2026-02-17 23:55:46 [DiscoveryClient-HeartbeatExecutor-%d] DEBUG o.s.web.client.RestTemplate - Response 200 OK
2026-02-17 23:55:46 [DiscoveryClient-CacheRefreshExecutor-%d] DEBUG o.s.web.client.RestTemplate - Response 200 OK
2026-02-17 23:55:46 [DiscoveryClient-CacheRefreshExecutor-%d] DEBUG o.s.web.client.RestTemplate - Reading to [org.springframework.cloud.netflix.eureka.http.EurekaApplications]
2026-02-17 23:56:16 [DiscoveryClient-CacheRefreshExecutor-%d] DEBUG o.s.web.client.RestTemplate - HTTP GET http://localhost:8761/eureka/apps/delta
2026-02-17 23:56:16 [DiscoveryClient-HeartbeatExecutor-%d] DEBUG o.s.web.client.RestTemplate - HTTP PUT http://localhost:8761/eureka/apps/AUTH-SERVICE/auth-service:8081?status=UP&lastDirtyTimestamp=1771352566759
2026-02-17 23:56:16 [DiscoveryClient-CacheRefreshExecutor-%d] DEBUG o.s.web.client.RestTemplate - Accept=[application/json, application/yaml, application/*+json]
2026-02-17 23:56:16 [DiscoveryClient-HeartbeatExecutor-%d] DEBUG o.s.web.client.RestTemplate - Accept=[application/json, application/yaml, application/*+json]
2026-02-17 23:56:16 [DiscoveryClient-CacheRefreshExecutor-%d] DEBUG o.s.web.client.RestTemplate - Response 200 OK
2026-02-17 23:56:16 [DiscoveryClient-CacheRefreshExecutor-%d] DEBUG o.s.web.client.RestTemplate - Reading to [org.springframework.cloud.netflix.eureka.http.EurekaApplications]
2026-02-17 23:56:16 [DiscoveryClient-HeartbeatExecutor-%d] DEBUG o.s.web.client.RestTemplate - Response 200 OK
2026-02-17 23:56:47 [DiscoveryClient-CacheRefreshExecutor-%d] DEBUG o.s.web.client.RestTemplate - HTTP GET http://localhost:8761/eureka/apps/delta
2026-02-17 23:56:47 [DiscoveryClient-HeartbeatExecutor-%d] DEBUG o.s.web.client.RestTemplate - HTTP PUT http://localhost:8761/eureka/apps/AUTH-SERVICE/auth-service:8081?status=UP&lastDirtyTimestamp=1771352566759
2026-02-17 23:56:47 [DiscoveryClient-CacheRefreshExecutor-%d] DEBUG o.s.web.client.RestTemplate - Accept=[application/json, application/yaml, application/*+json]
2026-02-17 23:56:47 [DiscoveryClient-HeartbeatExecutor-%d] DEBUG o.s.web.client.RestTemplate - Accept=[application/json, application/yaml, application/*+json]
2026-02-17 23:56:47 [DiscoveryClient-HeartbeatExecutor-%d] DEBUG o.s.web.client.RestTemplate - Response 200 OK
2026-02-17 23:56:47 [DiscoveryClient-CacheRefreshExecutor-%d] DEBUG o.s.web.client.RestTemplate - Response 200 OK
2026-02-17 23:56:47 [DiscoveryClient-CacheRefreshExecutor-%d] DEBUG o.s.web.client.RestTemplate - Reading to [org.springframework.cloud.netflix.eureka.http.EurekaApplications]
2026-02-17 23:57:17 [DiscoveryClient-CacheRefreshExecutor-%d] DEBUG o.s.web.client.RestTemplate - HTTP GET http://localhost:8761/eureka/apps/delta
2026-02-17 23:57:17 [DiscoveryClient-HeartbeatExecutor-%d] DEBUG o.s.web.client.RestTemplate - HTTP PUT http://localhost:8761/eureka/apps/AUTH-SERVICE/auth-service:8081?status=UP&lastDirtyTimestamp=1771352566759
2026-02-17 23:57:17 [DiscoveryClient-HeartbeatExecutor-%d] DEBUG o.s.web.client.RestTemplate - Accept=[application/json, application/yaml, application/*+json]
2026-02-17 23:57:17 [DiscoveryClient-CacheRefreshExecutor-%d] DEBUG o.s.web.client.RestTemplate - Accept=[application/json, application/yaml, application/*+json]
2026-02-17 23:57:17 [DiscoveryClient-HeartbeatExecutor-%d] DEBUG o.s.web.client.RestTemplate - Response 200 OK
2026-02-17 23:57:17 [DiscoveryClient-CacheRefreshExecutor-%d] DEBUG o.s.web.client.RestTemplate - Response 200 OK
2026-02-17 23:57:17 [DiscoveryClient-CacheRefreshExecutor-%d] DEBUG o.s.web.client.RestTemplate - Reading to [org.springframework.cloud.netflix.eureka.http.EurekaApplications]
2026-02-17 23:57:41 [http-nio-8081-exec-4] DEBUG o.s.security.web.FilterChainProxy - Securing GET /auth/users
2026-02-17 23:57:41 [http-nio-8081-exec-4] DEBUG c.m.a.s.JwtAuthenticationFilter - No Authorization header present for request /auth/users
2026-02-17 23:57:41 [http-nio-8081-exec-4] DEBUG o.s.security.web.FilterChainProxy - Secured GET /auth/users
2026-02-17 23:57:41 [http-nio-8081-exec-4] DEBUG o.s.web.servlet.DispatcherServlet - GET "/auth/users", parameters={}
2026-02-17 23:57:41 [http-nio-8081-exec-4] DEBUG o.s.w.s.m.m.a.RequestMappingHandlerMapping - Mapped to com.medicart.auth.controller.UserController#getAllUsers()
2026-02-17 23:57:41 [http-nio-8081-exec-4] INFO  c.medicart.auth.service.AuthService - Fetching all users from database
2026-02-17 23:57:41 [http-nio-8081-exec-4] INFO  c.m.auth.controller.UserController - Fetched 3 users
2026-02-17 23:57:41 [http-nio-8081-exec-4] DEBUG o.s.w.s.m.m.a.HttpEntityMethodProcessor - Using 'application/json', given [*/*] and supported [application/json, application/*+json, application/yaml]
2026-02-17 23:57:41 [http-nio-8081-exec-4] DEBUG o.s.w.s.m.m.a.HttpEntityMethodProcessor - Writing [[UserDTO(id=2, email=rohinrajsingh003@gmail.com, fullName=Rohin Raj Singh, phone=1234567890, isActiv (truncated)...]
2026-02-17 23:57:41 [http-nio-8081-exec-4] DEBUG o.s.web.servlet.DispatcherServlet - Completed 200 OK
2026-02-17 23:57:41 [http-nio-8081-exec-4] DEBUG o.s.s.w.a.AnonymousAuthenticationFilter - Set SecurityContextHolder to anonymous SecurityContext
2026-02-17 23:57:46 [AsyncResolver-bootstrap-executor-%d] INFO  c.n.d.s.r.aws.ConfigClusterResolver - Resolving eureka endpoints via configuration
2026-02-17 23:57:47 [DiscoveryClient-CacheRefreshExecutor-%d] DEBUG o.s.web.client.RestTemplate - HTTP GET http://localhost:8761/eureka/apps/delta
2026-02-17 23:57:47 [DiscoveryClient-HeartbeatExecutor-%d] DEBUG o.s.web.client.RestTemplate - HTTP PUT http://localhost:8761/eureka/apps/AUTH-SERVICE/auth-service:8081?status=UP&lastDirtyTimestamp=1771352566759
2026-02-17 23:57:47 [DiscoveryClient-CacheRefreshExecutor-%d] DEBUG o.s.web.client.RestTemplate - Accept=[application/json, application/yaml, application/*+json]
2026-02-17 23:57:47 [DiscoveryClient-HeartbeatExecutor-%d] DEBUG o.s.web.client.RestTemplate - Accept=[application/json, application/yaml, application/*+json]
2026-02-17 23:57:47 [DiscoveryClient-CacheRefreshExecutor-%d] DEBUG o.s.web.client.RestTemplate - Response 200 OK
2026-02-17 23:57:47 [DiscoveryClient-HeartbeatExecutor-%d] DEBUG o.s.web.client.RestTemplate - Response 200 OK
2026-02-17 23:57:47 [DiscoveryClient-CacheRefreshExecutor-%d] DEBUG o.s.web.client.RestTemplate - Reading to [org.springframework.cloud.netflix.eureka.http.EurekaApplications]
2026-02-17 23:58:17 [DiscoveryClient-CacheRefreshExecutor-%d] DEBUG o.s.web.client.RestTemplate - HTTP GET http://localhost:8761/eureka/apps/delta
2026-02-17 23:58:17 [DiscoveryClient-HeartbeatExecutor-%d] DEBUG o.s.web.client.RestTemplate - HTTP PUT http://localhost:8761/eureka/apps/AUTH-SERVICE/auth-service:8081?status=UP&lastDirtyTimestamp=1771352566759
2026-02-17 23:58:17 [DiscoveryClient-CacheRefreshExecutor-%d] DEBUG o.s.web.client.RestTemplate - Accept=[application/json, application/yaml, application/*+json]
2026-02-17 23:58:17 [DiscoveryClient-HeartbeatExecutor-%d] DEBUG o.s.web.client.RestTemplate - Accept=[application/json, application/yaml, application/*+json]
2026-02-17 23:58:17 [DiscoveryClient-HeartbeatExecutor-%d] DEBUG o.s.web.client.RestTemplate - Response 200 OK
2026-02-17 23:58:17 [DiscoveryClient-CacheRefreshExecutor-%d] DEBUG o.s.web.client.RestTemplate - Response 200 OK
2026-02-17 23:58:17 [DiscoveryClient-CacheRefreshExecutor-%d] DEBUG o.s.web.client.RestTemplate - Reading to [org.springframework.cloud.netflix.eureka.http.EurekaApplications]
2026-02-17 23:58:47 [DiscoveryClient-HeartbeatExecutor-%d] DEBUG o.s.web.client.RestTemplate - HTTP PUT http://localhost:8761/eureka/apps/AUTH-SERVICE/auth-service:8081?status=UP&lastDirtyTimestamp=1771352566759
2026-02-17 23:58:47 [DiscoveryClient-CacheRefreshExecutor-%d] DEBUG o.s.web.client.RestTemplate - HTTP GET http://localhost:8761/eureka/apps/delta
2026-02-17 23:58:47 [DiscoveryClient-HeartbeatExecutor-%d] DEBUG o.s.web.client.RestTemplate - Accept=[application/json, application/yaml, application/*+json]
2026-02-17 23:58:47 [DiscoveryClient-CacheRefreshExecutor-%d] DEBUG o.s.web.client.RestTemplate - Accept=[application/json, application/yaml, application/*+json]
2026-02-17 23:58:47 [DiscoveryClient-HeartbeatExecutor-%d] DEBUG o.s.web.client.RestTemplate - Response 200 OK
2026-02-17 23:58:47 [DiscoveryClient-CacheRefreshExecutor-%d] DEBUG o.s.web.client.RestTemplate - Response 200 OK
2026-02-17 23:58:47 [DiscoveryClient-CacheRefreshExecutor-%d] DEBUG o.s.web.client.RestTemplate - Reading to [org.springframework.cloud.netflix.eureka.http.EurekaApplications]
2026-02-17 23:59:17 [DiscoveryClient-CacheRefreshExecutor-%d] DEBUG o.s.web.client.RestTemplate - HTTP GET http://localhost:8761/eureka/apps/delta
2026-02-17 23:59:17 [DiscoveryClient-HeartbeatExecutor-%d] DEBUG o.s.web.client.RestTemplate - HTTP PUT http://localhost:8761/eureka/apps/AUTH-SERVICE/auth-service:8081?status=UP&lastDirtyTimestamp=1771352566759
2026-02-17 23:59:17 [DiscoveryClient-HeartbeatExecutor-%d] DEBUG o.s.web.client.RestTemplate - Accept=[application/json, application/yaml, application/*+json]
2026-02-17 23:59:17 [DiscoveryClient-CacheRefreshExecutor-%d] DEBUG o.s.web.client.RestTemplate - Accept=[application/json, application/yaml, application/*+json]
2026-02-17 23:59:17 [DiscoveryClient-HeartbeatExecutor-%d] DEBUG o.s.web.client.RestTemplate - Response 200 OK
2026-02-17 23:59:17 [DiscoveryClient-CacheRefreshExecutor-%d] DEBUG o.s.web.client.RestTemplate - Response 200 OK
2026-02-17 23:59:17 [DiscoveryClient-CacheRefreshExecutor-%d] DEBUG o.s.web.client.RestTemplate - Reading to [org.springframework.cloud.netflix.eureka.http.EurekaApplications]
2026-02-17 23:59:47 [DiscoveryClient-CacheRefreshExecutor-%d] DEBUG o.s.web.client.RestTemplate - HTTP GET http://localhost:8761/eureka/apps/delta
2026-02-17 23:59:47 [DiscoveryClient-HeartbeatExecutor-%d] DEBUG o.s.web.client.RestTemplate - HTTP PUT http://localhost:8761/eureka/apps/AUTH-SERVICE/auth-service:8081?status=UP&lastDirtyTimestamp=1771352566759
2026-02-17 23:59:47 [DiscoveryClient-HeartbeatExecutor-%d] DEBUG o.s.web.client.RestTemplate - Accept=[application/json, application/yaml, application/*+json]
2026-02-17 23:59:47 [DiscoveryClient-CacheRefreshExecutor-%d] DEBUG o.s.web.client.RestTemplate - Accept=[application/json, application/yaml, application/*+json]
2026-02-17 23:59:47 [DiscoveryClient-HeartbeatExecutor-%d] DEBUG o.s.web.client.RestTemplate - Response 200 OK
2026-02-17 23:59:47 [DiscoveryClient-CacheRefreshExecutor-%d] DEBUG o.s.web.client.RestTemplate - Response 200 OK
2026-02-17 23:59:47 [DiscoveryClient-CacheRefreshExecutor-%d] DEBUG o.s.web.client.RestTemplate - Reading to [org.springframework.cloud.netflix.eureka.http.EurekaApplications]
