2026-02-16 00:00:16 [DiscoveryClient-CacheRefreshExecutor-%d] DEBUG o.s.web.client.RestTemplate - HTTP GET http://localhost:8761/eureka/apps/delta
2026-02-16 00:00:16 [DiscoveryClient-HeartbeatExecutor-%d] DEBUG o.s.web.client.RestTemplate - HTTP PUT http://localhost:8761/eureka/apps/AUTH-SERVICE/auth-service:8081?status=UP&lastDirtyTimestamp=1771179165566
2026-02-16 00:00:16 [DiscoveryClient-CacheRefreshExecutor-%d] DEBUG o.s.web.client.RestTemplate - Accept=[application/json, application/yaml, application/*+json]
2026-02-16 00:00:16 [DiscoveryClient-HeartbeatExecutor-%d] DEBUG o.s.web.client.RestTemplate - Accept=[application/json, application/yaml, application/*+json]
2026-02-16 00:00:16 [DiscoveryClient-CacheRefreshExecutor-%d] DEBUG o.s.web.client.RestTemplate - Response 200 OK
2026-02-16 00:00:16 [DiscoveryClient-CacheRefreshExecutor-%d] DEBUG o.s.web.client.RestTemplate - Reading to [org.springframework.cloud.netflix.eureka.http.EurekaApplications]
2026-02-16 00:00:16 [DiscoveryClient-HeartbeatExecutor-%d] DEBUG o.s.web.client.RestTemplate - Response 200 OK
2026-02-16 00:00:46 [DiscoveryClient-CacheRefreshExecutor-%d] DEBUG o.s.web.client.RestTemplate - HTTP GET http://localhost:8761/eureka/apps/delta
2026-02-16 00:00:46 [DiscoveryClient-HeartbeatExecutor-%d] DEBUG o.s.web.client.RestTemplate - HTTP PUT http://localhost:8761/eureka/apps/AUTH-SERVICE/auth-service:8081?status=UP&lastDirtyTimestamp=1771179165566
2026-02-16 00:00:46 [DiscoveryClient-HeartbeatExecutor-%d] DEBUG o.s.web.client.RestTemplate - Accept=[application/json, application/yaml, application/*+json]
2026-02-16 00:00:46 [DiscoveryClient-CacheRefreshExecutor-%d] DEBUG o.s.web.client.RestTemplate - Accept=[application/json, application/yaml, application/*+json]
2026-02-16 00:00:46 [DiscoveryClient-HeartbeatExecutor-%d] DEBUG o.s.web.client.RestTemplate - Response 200 OK
2026-02-16 00:00:46 [DiscoveryClient-CacheRefreshExecutor-%d] DEBUG o.s.web.client.RestTemplate - Response 200 OK
2026-02-16 00:00:46 [DiscoveryClient-CacheRefreshExecutor-%d] DEBUG o.s.web.client.RestTemplate - Reading to [org.springframework.cloud.netflix.eureka.http.EurekaApplications]
2026-02-16 00:01:16 [DiscoveryClient-CacheRefreshExecutor-%d] DEBUG o.s.web.client.RestTemplate - HTTP GET http://localhost:8761/eureka/apps/delta
2026-02-16 00:01:16 [DiscoveryClient-HeartbeatExecutor-%d] DEBUG o.s.web.client.RestTemplate - HTTP PUT http://localhost:8761/eureka/apps/AUTH-SERVICE/auth-service:8081?status=UP&lastDirtyTimestamp=1771179165566
2026-02-16 00:01:16 [DiscoveryClient-CacheRefreshExecutor-%d] DEBUG o.s.web.client.RestTemplate - Accept=[application/json, application/yaml, application/*+json]
2026-02-16 00:01:16 [DiscoveryClient-HeartbeatExecutor-%d] DEBUG o.s.web.client.RestTemplate - Accept=[application/json, application/yaml, application/*+json]
2026-02-16 00:01:16 [DiscoveryClient-CacheRefreshExecutor-%d] DEBUG o.s.web.client.RestTemplate - Response 200 OK
2026-02-16 00:01:16 [DiscoveryClient-HeartbeatExecutor-%d] DEBUG o.s.web.client.RestTemplate - Response 200 OK
2026-02-16 00:01:16 [DiscoveryClient-CacheRefreshExecutor-%d] DEBUG o.s.web.client.RestTemplate - Reading to [org.springframework.cloud.netflix.eureka.http.EurekaApplications]
2026-02-16 00:01:46 [DiscoveryClient-CacheRefreshExecutor-%d] DEBUG o.s.web.client.RestTemplate - HTTP GET http://localhost:8761/eureka/apps/delta
2026-02-16 00:01:46 [DiscoveryClient-HeartbeatExecutor-%d] DEBUG o.s.web.client.RestTemplate - HTTP PUT http://localhost:8761/eureka/apps/AUTH-SERVICE/auth-service:8081?status=UP&lastDirtyTimestamp=1771179165566
2026-02-16 00:01:46 [DiscoveryClient-HeartbeatExecutor-%d] DEBUG o.s.web.client.RestTemplate - Accept=[application/json, application/yaml, application/*+json]
2026-02-16 00:01:46 [DiscoveryClient-CacheRefreshExecutor-%d] DEBUG o.s.web.client.RestTemplate - Accept=[application/json, application/yaml, application/*+json]
2026-02-16 00:01:46 [DiscoveryClient-HeartbeatExecutor-%d] DEBUG o.s.web.client.RestTemplate - Response 200 OK
2026-02-16 00:01:46 [DiscoveryClient-CacheRefreshExecutor-%d] DEBUG o.s.web.client.RestTemplate - Response 200 OK
2026-02-16 00:01:46 [DiscoveryClient-CacheRefreshExecutor-%d] DEBUG o.s.web.client.RestTemplate - Reading to [org.springframework.cloud.netflix.eureka.http.EurekaApplications]
2026-02-16 00:02:30 [HikariPool-1 housekeeper] WARN  com.zaxxer.hikari.pool.HikariPool - HikariPool-1 - Thread starvation or clock leap detected (housekeeper delta=50s958ms78µs300ns).
2026-02-16 00:02:37 [DiscoveryClient-HeartbeatExecutor-%d] DEBUG o.s.web.client.RestTemplate - HTTP PUT http://localhost:8761/eureka/apps/AUTH-SERVICE/auth-service:8081?status=UP&lastDirtyTimestamp=1771179165566
2026-02-16 00:02:37 [DiscoveryClient-CacheRefreshExecutor-%d] DEBUG o.s.web.client.RestTemplate - HTTP GET http://localhost:8761/eureka/apps/delta
2026-02-16 00:02:37 [DiscoveryClient-HeartbeatExecutor-%d] DEBUG o.s.web.client.RestTemplate - Accept=[application/json, application/yaml, application/*+json]
2026-02-16 00:02:37 [DiscoveryClient-CacheRefreshExecutor-%d] DEBUG o.s.web.client.RestTemplate - Accept=[application/json, application/yaml, application/*+json]
2026-02-16 00:02:37 [DiscoveryClient-CacheRefreshExecutor-%d] DEBUG o.s.web.client.RestTemplate - Response 200 OK
2026-02-16 00:02:37 [DiscoveryClient-CacheRefreshExecutor-%d] DEBUG o.s.web.client.RestTemplate - Reading to [org.springframework.cloud.netflix.eureka.http.EurekaApplications]
2026-02-16 00:02:37 [DiscoveryClient-HeartbeatExecutor-%d] DEBUG o.s.web.client.RestTemplate - Response 200 OK
2026-02-16 00:03:05 [AsyncResolver-bootstrap-executor-%d] INFO  c.n.d.s.r.aws.ConfigClusterResolver - Resolving eureka endpoints via configuration
2026-02-16 00:03:07 [DiscoveryClient-CacheRefreshExecutor-%d] DEBUG o.s.web.client.RestTemplate - HTTP GET http://localhost:8761/eureka/apps/delta
2026-02-16 00:03:07 [DiscoveryClient-HeartbeatExecutor-%d] DEBUG o.s.web.client.RestTemplate - HTTP PUT http://localhost:8761/eureka/apps/AUTH-SERVICE/auth-service:8081?status=UP&lastDirtyTimestamp=1771179165566
2026-02-16 00:03:07 [DiscoveryClient-HeartbeatExecutor-%d] DEBUG o.s.web.client.RestTemplate - Accept=[application/json, application/yaml, application/*+json]
2026-02-16 00:03:07 [DiscoveryClient-CacheRefreshExecutor-%d] DEBUG o.s.web.client.RestTemplate - Accept=[application/json, application/yaml, application/*+json]
2026-02-16 00:03:07 [DiscoveryClient-HeartbeatExecutor-%d] DEBUG o.s.web.client.RestTemplate - Response 200 OK
2026-02-16 00:03:07 [DiscoveryClient-CacheRefreshExecutor-%d] DEBUG o.s.web.client.RestTemplate - Response 200 OK
2026-02-16 00:03:07 [DiscoveryClient-CacheRefreshExecutor-%d] DEBUG o.s.web.client.RestTemplate - Reading to [org.springframework.cloud.netflix.eureka.http.EurekaApplications]
2026-02-16 00:03:37 [DiscoveryClient-CacheRefreshExecutor-%d] DEBUG o.s.web.client.RestTemplate - HTTP GET http://localhost:8761/eureka/apps/delta
2026-02-16 00:03:37 [DiscoveryClient-HeartbeatExecutor-%d] DEBUG o.s.web.client.RestTemplate - HTTP PUT http://localhost:8761/eureka/apps/AUTH-SERVICE/auth-service:8081?status=UP&lastDirtyTimestamp=1771179165566
2026-02-16 00:03:37 [DiscoveryClient-CacheRefreshExecutor-%d] DEBUG o.s.web.client.RestTemplate - Accept=[application/json, application/yaml, application/*+json]
2026-02-16 00:03:37 [DiscoveryClient-HeartbeatExecutor-%d] DEBUG o.s.web.client.RestTemplate - Accept=[application/json, application/yaml, application/*+json]
2026-02-16 00:03:37 [DiscoveryClient-HeartbeatExecutor-%d] DEBUG o.s.web.client.RestTemplate - Response 200 OK
2026-02-16 00:03:37 [DiscoveryClient-CacheRefreshExecutor-%d] DEBUG o.s.web.client.RestTemplate - Response 200 OK
2026-02-16 00:03:37 [DiscoveryClient-CacheRefreshExecutor-%d] DEBUG o.s.web.client.RestTemplate - Reading to [org.springframework.cloud.netflix.eureka.http.EurekaApplications]
2026-02-16 00:04:07 [DiscoveryClient-HeartbeatExecutor-%d] DEBUG o.s.web.client.RestTemplate - HTTP PUT http://localhost:8761/eureka/apps/AUTH-SERVICE/auth-service:8081?status=UP&lastDirtyTimestamp=1771179165566
2026-02-16 00:04:07 [DiscoveryClient-HeartbeatExecutor-%d] DEBUG o.s.web.client.RestTemplate - Accept=[application/json, application/yaml, application/*+json]
2026-02-16 00:04:07 [DiscoveryClient-CacheRefreshExecutor-%d] DEBUG o.s.web.client.RestTemplate - HTTP GET http://localhost:8761/eureka/apps/delta
2026-02-16 00:04:07 [DiscoveryClient-CacheRefreshExecutor-%d] DEBUG o.s.web.client.RestTemplate - Accept=[application/json, application/yaml, application/*+json]
2026-02-16 00:04:07 [DiscoveryClient-HeartbeatExecutor-%d] DEBUG o.s.web.client.RestTemplate - Response 200 OK
2026-02-16 00:04:07 [DiscoveryClient-CacheRefreshExecutor-%d] DEBUG o.s.web.client.RestTemplate - Response 200 OK
2026-02-16 00:04:07 [DiscoveryClient-CacheRefreshExecutor-%d] DEBUG o.s.web.client.RestTemplate - Reading to [org.springframework.cloud.netflix.eureka.http.EurekaApplications]
2026-02-16 00:04:37 [DiscoveryClient-HeartbeatExecutor-%d] DEBUG o.s.web.client.RestTemplate - HTTP PUT http://localhost:8761/eureka/apps/AUTH-SERVICE/auth-service:8081?status=UP&lastDirtyTimestamp=1771179165566
2026-02-16 00:04:37 [DiscoveryClient-HeartbeatExecutor-%d] DEBUG o.s.web.client.RestTemplate - Accept=[application/json, application/yaml, application/*+json]
2026-02-16 00:04:37 [DiscoveryClient-CacheRefreshExecutor-%d] DEBUG o.s.web.client.RestTemplate - HTTP GET http://localhost:8761/eureka/apps/delta
2026-02-16 00:04:37 [DiscoveryClient-HeartbeatExecutor-%d] DEBUG o.s.web.client.RestTemplate - Response 200 OK
2026-02-16 00:04:37 [DiscoveryClient-CacheRefreshExecutor-%d] DEBUG o.s.web.client.RestTemplate - Accept=[application/json, application/yaml, application/*+json]
2026-02-16 00:04:37 [DiscoveryClient-CacheRefreshExecutor-%d] DEBUG o.s.web.client.RestTemplate - Response 200 OK
2026-02-16 00:04:37 [DiscoveryClient-CacheRefreshExecutor-%d] DEBUG o.s.web.client.RestTemplate - Reading to [org.springframework.cloud.netflix.eureka.http.EurekaApplications]
2026-02-16 00:05:07 [DiscoveryClient-HeartbeatExecutor-%d] DEBUG o.s.web.client.RestTemplate - HTTP PUT http://localhost:8761/eureka/apps/AUTH-SERVICE/auth-service:8081?status=UP&lastDirtyTimestamp=1771179165566
2026-02-16 00:05:07 [DiscoveryClient-HeartbeatExecutor-%d] DEBUG o.s.web.client.RestTemplate - Accept=[application/json, application/yaml, application/*+json]
2026-02-16 00:05:07 [DiscoveryClient-CacheRefreshExecutor-%d] DEBUG o.s.web.client.RestTemplate - HTTP GET http://localhost:8761/eureka/apps/delta
2026-02-16 00:05:07 [DiscoveryClient-CacheRefreshExecutor-%d] DEBUG o.s.web.client.RestTemplate - Accept=[application/json, application/yaml, application/*+json]
2026-02-16 00:05:07 [DiscoveryClient-HeartbeatExecutor-%d] DEBUG o.s.web.client.RestTemplate - Response 200 OK
2026-02-16 00:05:07 [DiscoveryClient-CacheRefreshExecutor-%d] DEBUG o.s.web.client.RestTemplate - Response 200 OK
2026-02-16 00:05:07 [DiscoveryClient-CacheRefreshExecutor-%d] DEBUG o.s.web.client.RestTemplate - Reading to [org.springframework.cloud.netflix.eureka.http.EurekaApplications]
2026-02-16 00:20:37 [HikariPool-1 housekeeper] WARN  com.zaxxer.hikari.pool.HikariPool - HikariPool-1 - Thread starvation or clock leap detected (housekeeper delta=15m37s402ms578µs200ns).
2026-02-16 00:20:45 [DiscoveryClient-HeartbeatExecutor-%d] DEBUG o.s.web.client.RestTemplate - HTTP PUT http://localhost:8761/eureka/apps/AUTH-SERVICE/auth-service:8081?status=UP&lastDirtyTimestamp=1771179165566
2026-02-16 00:20:45 [DiscoveryClient-HeartbeatExecutor-%d] DEBUG o.s.web.client.RestTemplate - Accept=[application/json, application/yaml, application/*+json]
2026-02-16 00:20:45 [DiscoveryClient-HeartbeatExecutor-%d] DEBUG o.s.web.client.RestTemplate - Response 200 OK
2026-02-16 00:20:45 [DiscoveryClient-CacheRefreshExecutor-%d] DEBUG o.s.web.client.RestTemplate - HTTP GET http://localhost:8761/eureka/apps/delta
2026-02-16 00:20:45 [DiscoveryClient-CacheRefreshExecutor-%d] DEBUG o.s.web.client.RestTemplate - Accept=[application/json, application/yaml, application/*+json]
2026-02-16 00:20:45 [DiscoveryClient-CacheRefreshExecutor-%d] DEBUG o.s.web.client.RestTemplate - Response 200 OK
2026-02-16 00:20:45 [DiscoveryClient-CacheRefreshExecutor-%d] DEBUG o.s.web.client.RestTemplate - Reading to [org.springframework.cloud.netflix.eureka.http.EurekaApplications]
2026-02-16 00:21:15 [DiscoveryClient-HeartbeatExecutor-%d] DEBUG o.s.web.client.RestTemplate - HTTP PUT http://localhost:8761/eureka/apps/AUTH-SERVICE/auth-service:8081?status=UP&lastDirtyTimestamp=1771179165566
2026-02-16 00:21:15 [DiscoveryClient-HeartbeatExecutor-%d] DEBUG o.s.web.client.RestTemplate - Accept=[application/json, application/yaml, application/*+json]
2026-02-16 00:21:15 [DiscoveryClient-HeartbeatExecutor-%d] DEBUG o.s.web.client.RestTemplate - Response 200 OK
2026-02-16 00:21:15 [DiscoveryClient-CacheRefreshExecutor-%d] DEBUG o.s.web.client.RestTemplate - HTTP GET http://localhost:8761/eureka/apps/delta
2026-02-16 00:21:15 [DiscoveryClient-CacheRefreshExecutor-%d] DEBUG o.s.web.client.RestTemplate - Accept=[application/json, application/yaml, application/*+json]
2026-02-16 00:21:15 [DiscoveryClient-CacheRefreshExecutor-%d] DEBUG o.s.web.client.RestTemplate - Response 200 OK
2026-02-16 00:21:15 [DiscoveryClient-CacheRefreshExecutor-%d] DEBUG o.s.web.client.RestTemplate - Reading to [org.springframework.cloud.netflix.eureka.http.EurekaApplications]
2026-02-16 00:21:55 [DiscoveryClient-CacheRefreshExecutor-%d] DEBUG o.s.web.client.RestTemplate - HTTP GET http://localhost:8761/eureka/apps/delta
2026-02-16 00:21:55 [DiscoveryClient-HeartbeatExecutor-%d] DEBUG o.s.web.client.RestTemplate - HTTP PUT http://localhost:8761/eureka/apps/AUTH-SERVICE/auth-service:8081?status=UP&lastDirtyTimestamp=1771179165566
2026-02-16 00:21:55 [DiscoveryClient-CacheRefreshExecutor-%d] DEBUG o.s.web.client.RestTemplate - Accept=[application/json, application/yaml, application/*+json]
2026-02-16 00:21:55 [DiscoveryClient-HeartbeatExecutor-%d] DEBUG o.s.web.client.RestTemplate - Accept=[application/json, application/yaml, application/*+json]
2026-02-16 00:21:55 [DiscoveryClient-CacheRefreshExecutor-%d] DEBUG o.s.web.client.RestTemplate - Response 200 OK
2026-02-16 00:21:55 [DiscoveryClient-HeartbeatExecutor-%d] DEBUG o.s.web.client.RestTemplate - Response 200 OK
2026-02-16 00:21:55 [DiscoveryClient-CacheRefreshExecutor-%d] DEBUG o.s.web.client.RestTemplate - Reading to [org.springframework.cloud.netflix.eureka.http.EurekaApplications]
2026-02-16 00:22:25 [DiscoveryClient-HeartbeatExecutor-%d] DEBUG o.s.web.client.RestTemplate - HTTP PUT http://localhost:8761/eureka/apps/AUTH-SERVICE/auth-service:8081?status=UP&lastDirtyTimestamp=1771179165566
2026-02-16 00:22:25 [DiscoveryClient-HeartbeatExecutor-%d] DEBUG o.s.web.client.RestTemplate - Accept=[application/json, application/yaml, application/*+json]
2026-02-16 00:22:25 [DiscoveryClient-CacheRefreshExecutor-%d] DEBUG o.s.web.client.RestTemplate - HTTP GET http://localhost:8761/eureka/apps/delta
2026-02-16 00:22:25 [DiscoveryClient-CacheRefreshExecutor-%d] DEBUG o.s.web.client.RestTemplate - Accept=[application/json, application/yaml, application/*+json]
2026-02-16 00:22:25 [DiscoveryClient-HeartbeatExecutor-%d] DEBUG o.s.web.client.RestTemplate - Response 200 OK
2026-02-16 00:22:25 [DiscoveryClient-CacheRefreshExecutor-%d] DEBUG o.s.web.client.RestTemplate - Response 200 OK
2026-02-16 00:22:25 [DiscoveryClient-CacheRefreshExecutor-%d] DEBUG o.s.web.client.RestTemplate - Reading to [org.springframework.cloud.netflix.eureka.http.EurekaApplications]
2026-02-16 00:22:55 [DiscoveryClient-HeartbeatExecutor-%d] DEBUG o.s.web.client.RestTemplate - HTTP PUT http://localhost:8761/eureka/apps/AUTH-SERVICE/auth-service:8081?status=UP&lastDirtyTimestamp=1771179165566
2026-02-16 00:22:55 [DiscoveryClient-HeartbeatExecutor-%d] DEBUG o.s.web.client.RestTemplate - Accept=[application/json, application/yaml, application/*+json]
2026-02-16 00:22:55 [DiscoveryClient-CacheRefreshExecutor-%d] DEBUG o.s.web.client.RestTemplate - HTTP GET http://localhost:8761/eureka/apps/delta
2026-02-16 00:22:55 [DiscoveryClient-CacheRefreshExecutor-%d] DEBUG o.s.web.client.RestTemplate - Accept=[application/json, application/yaml, application/*+json]
2026-02-16 00:22:55 [DiscoveryClient-HeartbeatExecutor-%d] DEBUG o.s.web.client.RestTemplate - Response 200 OK
2026-02-16 00:22:55 [DiscoveryClient-CacheRefreshExecutor-%d] DEBUG o.s.web.client.RestTemplate - Response 200 OK
2026-02-16 00:22:55 [DiscoveryClient-CacheRefreshExecutor-%d] DEBUG o.s.web.client.RestTemplate - Reading to [org.springframework.cloud.netflix.eureka.http.EurekaApplications]
2026-02-16 00:23:22 [AsyncResolver-bootstrap-executor-%d] INFO  c.n.d.s.r.aws.ConfigClusterResolver - Resolving eureka endpoints via configuration
2026-02-16 00:23:25 [DiscoveryClient-CacheRefreshExecutor-%d] DEBUG o.s.web.client.RestTemplate - HTTP GET http://localhost:8761/eureka/apps/delta
2026-02-16 00:23:25 [DiscoveryClient-HeartbeatExecutor-%d] DEBUG o.s.web.client.RestTemplate - HTTP PUT http://localhost:8761/eureka/apps/AUTH-SERVICE/auth-service:8081?status=UP&lastDirtyTimestamp=1771179165566
2026-02-16 00:23:25 [DiscoveryClient-CacheRefreshExecutor-%d] DEBUG o.s.web.client.RestTemplate - Accept=[application/json, application/yaml, application/*+json]
2026-02-16 00:23:25 [DiscoveryClient-HeartbeatExecutor-%d] DEBUG o.s.web.client.RestTemplate - Accept=[application/json, application/yaml, application/*+json]
2026-02-16 00:23:25 [DiscoveryClient-HeartbeatExecutor-%d] DEBUG o.s.web.client.RestTemplate - Response 200 OK
2026-02-16 00:23:25 [DiscoveryClient-CacheRefreshExecutor-%d] DEBUG o.s.web.client.RestTemplate - Response 200 OK
2026-02-16 00:23:25 [DiscoveryClient-CacheRefreshExecutor-%d] DEBUG o.s.web.client.RestTemplate - Reading to [org.springframework.cloud.netflix.eureka.http.EurekaApplications]
2026-02-16 00:23:55 [DiscoveryClient-CacheRefreshExecutor-%d] DEBUG o.s.web.client.RestTemplate - HTTP GET http://localhost:8761/eureka/apps/delta
2026-02-16 00:23:55 [DiscoveryClient-HeartbeatExecutor-%d] DEBUG o.s.web.client.RestTemplate - HTTP PUT http://localhost:8761/eureka/apps/AUTH-SERVICE/auth-service:8081?status=UP&lastDirtyTimestamp=1771179165566
2026-02-16 00:23:55 [DiscoveryClient-CacheRefreshExecutor-%d] DEBUG o.s.web.client.RestTemplate - Accept=[application/json, application/yaml, application/*+json]
2026-02-16 00:23:55 [DiscoveryClient-HeartbeatExecutor-%d] DEBUG o.s.web.client.RestTemplate - Accept=[application/json, application/yaml, application/*+json]
2026-02-16 00:23:55 [DiscoveryClient-CacheRefreshExecutor-%d] DEBUG o.s.web.client.RestTemplate - Response 200 OK
2026-02-16 00:23:55 [DiscoveryClient-CacheRefreshExecutor-%d] DEBUG o.s.web.client.RestTemplate - Reading to [org.springframework.cloud.netflix.eureka.http.EurekaApplications]
2026-02-16 00:23:55 [DiscoveryClient-HeartbeatExecutor-%d] DEBUG o.s.web.client.RestTemplate - Response 200 OK
2026-02-16 00:24:25 [DiscoveryClient-CacheRefreshExecutor-%d] DEBUG o.s.web.client.RestTemplate - HTTP GET http://localhost:8761/eureka/apps/delta
2026-02-16 00:24:25 [DiscoveryClient-HeartbeatExecutor-%d] DEBUG o.s.web.client.RestTemplate - HTTP PUT http://localhost:8761/eureka/apps/AUTH-SERVICE/auth-service:8081?status=UP&lastDirtyTimestamp=1771179165566
2026-02-16 00:24:25 [DiscoveryClient-CacheRefreshExecutor-%d] DEBUG o.s.web.client.RestTemplate - Accept=[application/json, application/yaml, application/*+json]
2026-02-16 00:24:25 [DiscoveryClient-HeartbeatExecutor-%d] DEBUG o.s.web.client.RestTemplate - Accept=[application/json, application/yaml, application/*+json]
2026-02-16 00:24:25 [DiscoveryClient-CacheRefreshExecutor-%d] DEBUG o.s.web.client.RestTemplate - Response 200 OK
2026-02-16 00:24:25 [DiscoveryClient-CacheRefreshExecutor-%d] DEBUG o.s.web.client.RestTemplate - Reading to [org.springframework.cloud.netflix.eureka.http.EurekaApplications]
2026-02-16 00:24:25 [DiscoveryClient-HeartbeatExecutor-%d] DEBUG o.s.web.client.RestTemplate - Response 200 OK
2026-02-16 00:24:55 [DiscoveryClient-CacheRefreshExecutor-%d] DEBUG o.s.web.client.RestTemplate - HTTP GET http://localhost:8761/eureka/apps/delta
2026-02-16 00:24:55 [DiscoveryClient-HeartbeatExecutor-%d] DEBUG o.s.web.client.RestTemplate - HTTP PUT http://localhost:8761/eureka/apps/AUTH-SERVICE/auth-service:8081?status=UP&lastDirtyTimestamp=1771179165566
2026-02-16 00:24:55 [DiscoveryClient-HeartbeatExecutor-%d] DEBUG o.s.web.client.RestTemplate - Accept=[application/json, application/yaml, application/*+json]
2026-02-16 00:24:55 [DiscoveryClient-CacheRefreshExecutor-%d] DEBUG o.s.web.client.RestTemplate - Accept=[application/json, application/yaml, application/*+json]
2026-02-16 00:24:55 [DiscoveryClient-HeartbeatExecutor-%d] DEBUG o.s.web.client.RestTemplate - Response 200 OK
2026-02-16 00:24:55 [DiscoveryClient-CacheRefreshExecutor-%d] DEBUG o.s.web.client.RestTemplate - Response 200 OK
2026-02-16 00:24:55 [DiscoveryClient-CacheRefreshExecutor-%d] DEBUG o.s.web.client.RestTemplate - Reading to [org.springframework.cloud.netflix.eureka.http.EurekaApplications]
2026-02-16 00:25:25 [DiscoveryClient-HeartbeatExecutor-%d] DEBUG o.s.web.client.RestTemplate - HTTP PUT http://localhost:8761/eureka/apps/AUTH-SERVICE/auth-service:8081?status=UP&lastDirtyTimestamp=1771179165566
2026-02-16 00:25:25 [DiscoveryClient-HeartbeatExecutor-%d] DEBUG o.s.web.client.RestTemplate - Accept=[application/json, application/yaml, application/*+json]
2026-02-16 00:25:25 [DiscoveryClient-CacheRefreshExecutor-%d] DEBUG o.s.web.client.RestTemplate - HTTP GET http://localhost:8761/eureka/apps/delta
2026-02-16 00:25:25 [DiscoveryClient-CacheRefreshExecutor-%d] DEBUG o.s.web.client.RestTemplate - Accept=[application/json, application/yaml, application/*+json]
2026-02-16 00:25:25 [DiscoveryClient-HeartbeatExecutor-%d] DEBUG o.s.web.client.RestTemplate - Response 200 OK
2026-02-16 00:25:25 [DiscoveryClient-CacheRefreshExecutor-%d] DEBUG o.s.web.client.RestTemplate - Response 200 OK
2026-02-16 00:25:25 [DiscoveryClient-CacheRefreshExecutor-%d] DEBUG o.s.web.client.RestTemplate - Reading to [org.springframework.cloud.netflix.eureka.http.EurekaApplications]
2026-02-16 00:25:55 [DiscoveryClient-HeartbeatExecutor-%d] DEBUG o.s.web.client.RestTemplate - HTTP PUT http://localhost:8761/eureka/apps/AUTH-SERVICE/auth-service:8081?status=UP&lastDirtyTimestamp=1771179165566
2026-02-16 00:25:55 [DiscoveryClient-HeartbeatExecutor-%d] DEBUG o.s.web.client.RestTemplate - Accept=[application/json, application/yaml, application/*+json]
2026-02-16 00:25:55 [DiscoveryClient-CacheRefreshExecutor-%d] DEBUG o.s.web.client.RestTemplate - HTTP GET http://localhost:8761/eureka/apps/delta
2026-02-16 00:25:55 [DiscoveryClient-CacheRefreshExecutor-%d] DEBUG o.s.web.client.RestTemplate - Accept=[application/json, application/yaml, application/*+json]
2026-02-16 00:25:55 [DiscoveryClient-HeartbeatExecutor-%d] DEBUG o.s.web.client.RestTemplate - Response 200 OK
2026-02-16 00:25:55 [DiscoveryClient-CacheRefreshExecutor-%d] DEBUG o.s.web.client.RestTemplate - Response 200 OK
2026-02-16 00:25:55 [DiscoveryClient-CacheRefreshExecutor-%d] DEBUG o.s.web.client.RestTemplate - Reading to [org.springframework.cloud.netflix.eureka.http.EurekaApplications]
2026-02-16 00:26:25 [DiscoveryClient-HeartbeatExecutor-%d] DEBUG o.s.web.client.RestTemplate - HTTP PUT http://localhost:8761/eureka/apps/AUTH-SERVICE/auth-service:8081?status=UP&lastDirtyTimestamp=1771179165566
2026-02-16 00:26:25 [DiscoveryClient-HeartbeatExecutor-%d] DEBUG o.s.web.client.RestTemplate - Accept=[application/json, application/yaml, application/*+json]
2026-02-16 00:26:25 [DiscoveryClient-CacheRefreshExecutor-%d] DEBUG o.s.web.client.RestTemplate - HTTP GET http://localhost:8761/eureka/apps/delta
2026-02-16 00:26:25 [DiscoveryClient-CacheRefreshExecutor-%d] DEBUG o.s.web.client.RestTemplate - Accept=[application/json, application/yaml, application/*+json]
2026-02-16 00:26:25 [DiscoveryClient-HeartbeatExecutor-%d] DEBUG o.s.web.client.RestTemplate - Response 200 OK
2026-02-16 00:26:25 [DiscoveryClient-CacheRefreshExecutor-%d] DEBUG o.s.web.client.RestTemplate - Response 200 OK
2026-02-16 00:26:25 [DiscoveryClient-CacheRefreshExecutor-%d] DEBUG o.s.web.client.RestTemplate - Reading to [org.springframework.cloud.netflix.eureka.http.EurekaApplications]
2026-02-16 00:26:55 [DiscoveryClient-HeartbeatExecutor-%d] DEBUG o.s.web.client.RestTemplate - HTTP PUT http://localhost:8761/eureka/apps/AUTH-SERVICE/auth-service:8081?status=UP&lastDirtyTimestamp=1771179165566
2026-02-16 00:26:55 [DiscoveryClient-HeartbeatExecutor-%d] DEBUG o.s.web.client.RestTemplate - Accept=[application/json, application/yaml, application/*+json]
2026-02-16 00:26:55 [DiscoveryClient-CacheRefreshExecutor-%d] DEBUG o.s.web.client.RestTemplate - HTTP GET http://localhost:8761/eureka/apps/delta
2026-02-16 00:26:55 [DiscoveryClient-CacheRefreshExecutor-%d] DEBUG o.s.web.client.RestTemplate - Accept=[application/json, application/yaml, application/*+json]
2026-02-16 00:26:55 [DiscoveryClient-HeartbeatExecutor-%d] DEBUG o.s.web.client.RestTemplate - Response 200 OK
2026-02-16 00:26:55 [DiscoveryClient-CacheRefreshExecutor-%d] DEBUG o.s.web.client.RestTemplate - Response 200 OK
2026-02-16 00:26:55 [DiscoveryClient-CacheRefreshExecutor-%d] DEBUG o.s.web.client.RestTemplate - Reading to [org.springframework.cloud.netflix.eureka.http.EurekaApplications]
2026-02-16 00:27:25 [DiscoveryClient-HeartbeatExecutor-%d] DEBUG o.s.web.client.RestTemplate - HTTP PUT http://localhost:8761/eureka/apps/AUTH-SERVICE/auth-service:8081?status=UP&lastDirtyTimestamp=1771179165566
2026-02-16 00:27:25 [DiscoveryClient-HeartbeatExecutor-%d] DEBUG o.s.web.client.RestTemplate - Accept=[application/json, application/yaml, application/*+json]
2026-02-16 00:27:25 [DiscoveryClient-HeartbeatExecutor-%d] DEBUG o.s.web.client.RestTemplate - Response 200 OK
2026-02-16 00:27:25 [DiscoveryClient-CacheRefreshExecutor-%d] DEBUG o.s.web.client.RestTemplate - HTTP GET http://localhost:8761/eureka/apps/delta
2026-02-16 00:27:25 [DiscoveryClient-CacheRefreshExecutor-%d] DEBUG o.s.web.client.RestTemplate - Accept=[application/json, application/yaml, application/*+json]
2026-02-16 00:27:25 [DiscoveryClient-CacheRefreshExecutor-%d] DEBUG o.s.web.client.RestTemplate - Response 200 OK
2026-02-16 00:27:25 [DiscoveryClient-CacheRefreshExecutor-%d] DEBUG o.s.web.client.RestTemplate - Reading to [org.springframework.cloud.netflix.eureka.http.EurekaApplications]
2026-02-16 00:27:55 [DiscoveryClient-HeartbeatExecutor-%d] DEBUG o.s.web.client.RestTemplate - HTTP PUT http://localhost:8761/eureka/apps/AUTH-SERVICE/auth-service:8081?status=UP&lastDirtyTimestamp=1771179165566
2026-02-16 00:27:55 [DiscoveryClient-HeartbeatExecutor-%d] DEBUG o.s.web.client.RestTemplate - Accept=[application/json, application/yaml, application/*+json]
2026-02-16 00:27:55 [DiscoveryClient-HeartbeatExecutor-%d] DEBUG o.s.web.client.RestTemplate - Response 200 OK
2026-02-16 00:27:55 [DiscoveryClient-CacheRefreshExecutor-%d] DEBUG o.s.web.client.RestTemplate - HTTP GET http://localhost:8761/eureka/apps/delta
2026-02-16 00:27:55 [DiscoveryClient-CacheRefreshExecutor-%d] DEBUG o.s.web.client.RestTemplate - Accept=[application/json, application/yaml, application/*+json]
2026-02-16 00:27:55 [DiscoveryClient-CacheRefreshExecutor-%d] DEBUG o.s.web.client.RestTemplate - Response 200 OK
2026-02-16 00:27:55 [DiscoveryClient-CacheRefreshExecutor-%d] DEBUG o.s.web.client.RestTemplate - Reading to [org.springframework.cloud.netflix.eureka.http.EurekaApplications]
2026-02-16 00:28:22 [AsyncResolver-bootstrap-executor-%d] INFO  c.n.d.s.r.aws.ConfigClusterResolver - Resolving eureka endpoints via configuration
2026-02-16 00:28:25 [DiscoveryClient-HeartbeatExecutor-%d] DEBUG o.s.web.client.RestTemplate - HTTP PUT http://localhost:8761/eureka/apps/AUTH-SERVICE/auth-service:8081?status=UP&lastDirtyTimestamp=1771179165566
2026-02-16 00:28:25 [DiscoveryClient-HeartbeatExecutor-%d] DEBUG o.s.web.client.RestTemplate - Accept=[application/json, application/yaml, application/*+json]
2026-02-16 00:28:25 [DiscoveryClient-HeartbeatExecutor-%d] DEBUG o.s.web.client.RestTemplate - Response 200 OK
2026-02-16 00:28:25 [DiscoveryClient-CacheRefreshExecutor-%d] DEBUG o.s.web.client.RestTemplate - HTTP GET http://localhost:8761/eureka/apps/delta
2026-02-16 00:28:25 [DiscoveryClient-CacheRefreshExecutor-%d] DEBUG o.s.web.client.RestTemplate - Accept=[application/json, application/yaml, application/*+json]
2026-02-16 00:28:25 [DiscoveryClient-CacheRefreshExecutor-%d] DEBUG o.s.web.client.RestTemplate - Response 200 OK
2026-02-16 00:28:25 [DiscoveryClient-CacheRefreshExecutor-%d] DEBUG o.s.web.client.RestTemplate - Reading to [org.springframework.cloud.netflix.eureka.http.EurekaApplications]
2026-02-16 00:28:55 [DiscoveryClient-HeartbeatExecutor-%d] DEBUG o.s.web.client.RestTemplate - HTTP PUT http://localhost:8761/eureka/apps/AUTH-SERVICE/auth-service:8081?status=UP&lastDirtyTimestamp=1771179165566
2026-02-16 00:28:55 [DiscoveryClient-HeartbeatExecutor-%d] DEBUG o.s.web.client.RestTemplate - Accept=[application/json, application/yaml, application/*+json]
2026-02-16 00:28:55 [DiscoveryClient-CacheRefreshExecutor-%d] DEBUG o.s.web.client.RestTemplate - HTTP GET http://localhost:8761/eureka/apps/delta
2026-02-16 00:28:55 [DiscoveryClient-CacheRefreshExecutor-%d] DEBUG o.s.web.client.RestTemplate - Accept=[application/json, application/yaml, application/*+json]
2026-02-16 00:28:55 [DiscoveryClient-HeartbeatExecutor-%d] DEBUG o.s.web.client.RestTemplate - Response 200 OK
2026-02-16 00:28:55 [DiscoveryClient-CacheRefreshExecutor-%d] DEBUG o.s.web.client.RestTemplate - Response 200 OK
2026-02-16 00:28:55 [DiscoveryClient-CacheRefreshExecutor-%d] DEBUG o.s.web.client.RestTemplate - Reading to [org.springframework.cloud.netflix.eureka.http.EurekaApplications]
2026-02-16 00:29:25 [DiscoveryClient-CacheRefreshExecutor-%d] DEBUG o.s.web.client.RestTemplate - HTTP GET http://localhost:8761/eureka/apps/delta
2026-02-16 00:29:25 [DiscoveryClient-HeartbeatExecutor-%d] DEBUG o.s.web.client.RestTemplate - HTTP PUT http://localhost:8761/eureka/apps/AUTH-SERVICE/auth-service:8081?status=UP&lastDirtyTimestamp=1771179165566
2026-02-16 00:29:25 [DiscoveryClient-CacheRefreshExecutor-%d] DEBUG o.s.web.client.RestTemplate - Accept=[application/json, application/yaml, application/*+json]
2026-02-16 00:29:25 [DiscoveryClient-HeartbeatExecutor-%d] DEBUG o.s.web.client.RestTemplate - Accept=[application/json, application/yaml, application/*+json]
2026-02-16 00:29:25 [DiscoveryClient-CacheRefreshExecutor-%d] DEBUG o.s.web.client.RestTemplate - Response 200 OK
2026-02-16 00:29:25 [DiscoveryClient-HeartbeatExecutor-%d] DEBUG o.s.web.client.RestTemplate - Response 200 OK
2026-02-16 00:29:25 [DiscoveryClient-CacheRefreshExecutor-%d] DEBUG o.s.web.client.RestTemplate - Reading to [org.springframework.cloud.netflix.eureka.http.EurekaApplications]
2026-02-16 00:29:55 [DiscoveryClient-CacheRefreshExecutor-%d] DEBUG o.s.web.client.RestTemplate - HTTP GET http://localhost:8761/eureka/apps/delta
2026-02-16 00:29:55 [DiscoveryClient-HeartbeatExecutor-%d] DEBUG o.s.web.client.RestTemplate - HTTP PUT http://localhost:8761/eureka/apps/AUTH-SERVICE/auth-service:8081?status=UP&lastDirtyTimestamp=1771179165566
2026-02-16 00:29:55 [DiscoveryClient-HeartbeatExecutor-%d] DEBUG o.s.web.client.RestTemplate - Accept=[application/json, application/yaml, application/*+json]
2026-02-16 00:29:55 [DiscoveryClient-CacheRefreshExecutor-%d] DEBUG o.s.web.client.RestTemplate - Accept=[application/json, application/yaml, application/*+json]
2026-02-16 00:29:55 [DiscoveryClient-CacheRefreshExecutor-%d] DEBUG o.s.web.client.RestTemplate - Response 200 OK
2026-02-16 00:29:55 [DiscoveryClient-HeartbeatExecutor-%d] DEBUG o.s.web.client.RestTemplate - Response 200 OK
2026-02-16 00:29:55 [DiscoveryClient-CacheRefreshExecutor-%d] DEBUG o.s.web.client.RestTemplate - Reading to [org.springframework.cloud.netflix.eureka.http.EurekaApplications]
2026-02-16 00:30:25 [DiscoveryClient-HeartbeatExecutor-%d] DEBUG o.s.web.client.RestTemplate - HTTP PUT http://localhost:8761/eureka/apps/AUTH-SERVICE/auth-service:8081?status=UP&lastDirtyTimestamp=1771179165566
2026-02-16 00:30:25 [DiscoveryClient-HeartbeatExecutor-%d] DEBUG o.s.web.client.RestTemplate - Accept=[application/json, application/yaml, application/*+json]
2026-02-16 00:30:25 [DiscoveryClient-CacheRefreshExecutor-%d] DEBUG o.s.web.client.RestTemplate - HTTP GET http://localhost:8761/eureka/apps/delta
2026-02-16 00:30:25 [DiscoveryClient-HeartbeatExecutor-%d] DEBUG o.s.web.client.RestTemplate - Response 200 OK
2026-02-16 00:30:25 [DiscoveryClient-CacheRefreshExecutor-%d] DEBUG o.s.web.client.RestTemplate - Accept=[application/json, application/yaml, application/*+json]
2026-02-16 00:30:25 [DiscoveryClient-CacheRefreshExecutor-%d] DEBUG o.s.web.client.RestTemplate - Response 200 OK
2026-02-16 00:30:25 [DiscoveryClient-CacheRefreshExecutor-%d] DEBUG o.s.web.client.RestTemplate - Reading to [org.springframework.cloud.netflix.eureka.http.EurekaApplications]
2026-02-16 00:30:55 [DiscoveryClient-HeartbeatExecutor-%d] DEBUG o.s.web.client.RestTemplate - HTTP PUT http://localhost:8761/eureka/apps/AUTH-SERVICE/auth-service:8081?status=UP&lastDirtyTimestamp=1771179165566
2026-02-16 00:30:55 [DiscoveryClient-HeartbeatExecutor-%d] DEBUG o.s.web.client.RestTemplate - Accept=[application/json, application/yaml, application/*+json]
2026-02-16 00:30:55 [DiscoveryClient-CacheRefreshExecutor-%d] DEBUG o.s.web.client.RestTemplate - HTTP GET http://localhost:8761/eureka/apps/delta
2026-02-16 00:30:55 [DiscoveryClient-CacheRefreshExecutor-%d] DEBUG o.s.web.client.RestTemplate - Accept=[application/json, application/yaml, application/*+json]
2026-02-16 00:30:55 [DiscoveryClient-HeartbeatExecutor-%d] DEBUG o.s.web.client.RestTemplate - Response 200 OK
2026-02-16 00:30:55 [DiscoveryClient-CacheRefreshExecutor-%d] DEBUG o.s.web.client.RestTemplate - Response 200 OK
2026-02-16 00:30:55 [DiscoveryClient-CacheRefreshExecutor-%d] DEBUG o.s.web.client.RestTemplate - Reading to [org.springframework.cloud.netflix.eureka.http.EurekaApplications]
2026-02-16 00:31:25 [DiscoveryClient-HeartbeatExecutor-%d] DEBUG o.s.web.client.RestTemplate - HTTP PUT http://localhost:8761/eureka/apps/AUTH-SERVICE/auth-service:8081?status=UP&lastDirtyTimestamp=1771179165566
2026-02-16 00:31:25 [DiscoveryClient-HeartbeatExecutor-%d] DEBUG o.s.web.client.RestTemplate - Accept=[application/json, application/yaml, application/*+json]
2026-02-16 00:31:25 [DiscoveryClient-CacheRefreshExecutor-%d] DEBUG o.s.web.client.RestTemplate - HTTP GET http://localhost:8761/eureka/apps/delta
2026-02-16 00:31:25 [DiscoveryClient-HeartbeatExecutor-%d] DEBUG o.s.web.client.RestTemplate - Response 200 OK
2026-02-16 00:31:25 [DiscoveryClient-CacheRefreshExecutor-%d] DEBUG o.s.web.client.RestTemplate - Accept=[application/json, application/yaml, application/*+json]
2026-02-16 00:31:25 [DiscoveryClient-CacheRefreshExecutor-%d] DEBUG o.s.web.client.RestTemplate - Response 200 OK
2026-02-16 00:31:25 [DiscoveryClient-CacheRefreshExecutor-%d] DEBUG o.s.web.client.RestTemplate - Reading to [org.springframework.cloud.netflix.eureka.http.EurekaApplications]
2026-02-16 00:31:55 [DiscoveryClient-HeartbeatExecutor-%d] DEBUG o.s.web.client.RestTemplate - HTTP PUT http://localhost:8761/eureka/apps/AUTH-SERVICE/auth-service:8081?status=UP&lastDirtyTimestamp=1771179165566
2026-02-16 00:31:55 [DiscoveryClient-HeartbeatExecutor-%d] DEBUG o.s.web.client.RestTemplate - Accept=[application/json, application/yaml, application/*+json]
2026-02-16 00:31:55 [DiscoveryClient-CacheRefreshExecutor-%d] DEBUG o.s.web.client.RestTemplate - HTTP GET http://localhost:8761/eureka/apps/delta
2026-02-16 00:31:55 [DiscoveryClient-CacheRefreshExecutor-%d] DEBUG o.s.web.client.RestTemplate - Accept=[application/json, application/yaml, application/*+json]
2026-02-16 00:31:55 [DiscoveryClient-HeartbeatExecutor-%d] DEBUG o.s.web.client.RestTemplate - Response 200 OK
2026-02-16 00:31:55 [DiscoveryClient-CacheRefreshExecutor-%d] DEBUG o.s.web.client.RestTemplate - Response 200 OK
2026-02-16 00:31:55 [DiscoveryClient-CacheRefreshExecutor-%d] DEBUG o.s.web.client.RestTemplate - Reading to [org.springframework.cloud.netflix.eureka.http.EurekaApplications]
2026-02-16 00:32:25 [DiscoveryClient-HeartbeatExecutor-%d] DEBUG o.s.web.client.RestTemplate - HTTP PUT http://localhost:8761/eureka/apps/AUTH-SERVICE/auth-service:8081?status=UP&lastDirtyTimestamp=1771179165566
2026-02-16 00:32:25 [DiscoveryClient-HeartbeatExecutor-%d] DEBUG o.s.web.client.RestTemplate - Accept=[application/json, application/yaml, application/*+json]
2026-02-16 00:32:25 [DiscoveryClient-CacheRefreshExecutor-%d] DEBUG o.s.web.client.RestTemplate - HTTP GET http://localhost:8761/eureka/apps/delta
2026-02-16 00:32:25 [DiscoveryClient-CacheRefreshExecutor-%d] DEBUG o.s.web.client.RestTemplate - Accept=[application/json, application/yaml, application/*+json]
2026-02-16 00:32:25 [DiscoveryClient-HeartbeatExecutor-%d] DEBUG o.s.web.client.RestTemplate - Response 200 OK
2026-02-16 00:32:25 [DiscoveryClient-CacheRefreshExecutor-%d] DEBUG o.s.web.client.RestTemplate - Response 200 OK
2026-02-16 00:32:25 [DiscoveryClient-CacheRefreshExecutor-%d] DEBUG o.s.web.client.RestTemplate - Reading to [org.springframework.cloud.netflix.eureka.http.EurekaApplications]
2026-02-16 00:32:55 [DiscoveryClient-HeartbeatExecutor-%d] DEBUG o.s.web.client.RestTemplate - HTTP PUT http://localhost:8761/eureka/apps/AUTH-SERVICE/auth-service:8081?status=UP&lastDirtyTimestamp=1771179165566
2026-02-16 00:32:55 [DiscoveryClient-HeartbeatExecutor-%d] DEBUG o.s.web.client.RestTemplate - Accept=[application/json, application/yaml, application/*+json]
2026-02-16 00:32:55 [DiscoveryClient-CacheRefreshExecutor-%d] DEBUG o.s.web.client.RestTemplate - HTTP GET http://localhost:8761/eureka/apps/delta
2026-02-16 00:32:55 [DiscoveryClient-CacheRefreshExecutor-%d] DEBUG o.s.web.client.RestTemplate - Accept=[application/json, application/yaml, application/*+json]
2026-02-16 00:32:55 [DiscoveryClient-HeartbeatExecutor-%d] DEBUG o.s.web.client.RestTemplate - Response 200 OK
2026-02-16 00:32:55 [DiscoveryClient-CacheRefreshExecutor-%d] DEBUG o.s.web.client.RestTemplate - Response 200 OK
2026-02-16 00:32:55 [DiscoveryClient-CacheRefreshExecutor-%d] DEBUG o.s.web.client.RestTemplate - Reading to [org.springframework.cloud.netflix.eureka.http.EurekaApplications]
2026-02-16 00:33:22 [AsyncResolver-bootstrap-executor-%d] INFO  c.n.d.s.r.aws.ConfigClusterResolver - Resolving eureka endpoints via configuration
2026-02-16 00:33:25 [DiscoveryClient-CacheRefreshExecutor-%d] DEBUG o.s.web.client.RestTemplate - HTTP GET http://localhost:8761/eureka/apps/delta
2026-02-16 00:33:25 [DiscoveryClient-HeartbeatExecutor-%d] DEBUG o.s.web.client.RestTemplate - HTTP PUT http://localhost:8761/eureka/apps/AUTH-SERVICE/auth-service:8081?status=UP&lastDirtyTimestamp=1771179165566
2026-02-16 00:33:25 [DiscoveryClient-CacheRefreshExecutor-%d] DEBUG o.s.web.client.RestTemplate - Accept=[application/json, application/yaml, application/*+json]
2026-02-16 00:33:25 [DiscoveryClient-HeartbeatExecutor-%d] DEBUG o.s.web.client.RestTemplate - Accept=[application/json, application/yaml, application/*+json]
2026-02-16 00:33:25 [DiscoveryClient-HeartbeatExecutor-%d] DEBUG o.s.web.client.RestTemplate - Response 200 OK
2026-02-16 00:33:25 [DiscoveryClient-CacheRefreshExecutor-%d] DEBUG o.s.web.client.RestTemplate - Response 200 OK
2026-02-16 00:33:25 [DiscoveryClient-CacheRefreshExecutor-%d] DEBUG o.s.web.client.RestTemplate - Reading to [org.springframework.cloud.netflix.eureka.http.EurekaApplications]
2026-02-16 00:33:55 [DiscoveryClient-CacheRefreshExecutor-%d] DEBUG o.s.web.client.RestTemplate - HTTP GET http://localhost:8761/eureka/apps/delta
2026-02-16 00:33:55 [DiscoveryClient-HeartbeatExecutor-%d] DEBUG o.s.web.client.RestTemplate - HTTP PUT http://localhost:8761/eureka/apps/AUTH-SERVICE/auth-service:8081?status=UP&lastDirtyTimestamp=1771179165566
2026-02-16 00:33:55 [DiscoveryClient-CacheRefreshExecutor-%d] DEBUG o.s.web.client.RestTemplate - Accept=[application/json, application/yaml, application/*+json]
2026-02-16 00:33:55 [DiscoveryClient-HeartbeatExecutor-%d] DEBUG o.s.web.client.RestTemplate - Accept=[application/json, application/yaml, application/*+json]
2026-02-16 00:33:55 [DiscoveryClient-CacheRefreshExecutor-%d] DEBUG o.s.web.client.RestTemplate - Response 200 OK
2026-02-16 00:33:55 [DiscoveryClient-HeartbeatExecutor-%d] DEBUG o.s.web.client.RestTemplate - Response 200 OK
2026-02-16 00:33:55 [DiscoveryClient-CacheRefreshExecutor-%d] DEBUG o.s.web.client.RestTemplate - Reading to [org.springframework.cloud.netflix.eureka.http.EurekaApplications]
2026-02-16 00:34:25 [DiscoveryClient-CacheRefreshExecutor-%d] DEBUG o.s.web.client.RestTemplate - HTTP GET http://localhost:8761/eureka/apps/delta
2026-02-16 00:34:25 [DiscoveryClient-HeartbeatExecutor-%d] DEBUG o.s.web.client.RestTemplate - HTTP PUT http://localhost:8761/eureka/apps/AUTH-SERVICE/auth-service:8081?status=UP&lastDirtyTimestamp=1771179165566
2026-02-16 00:34:25 [DiscoveryClient-HeartbeatExecutor-%d] DEBUG o.s.web.client.RestTemplate - Accept=[application/json, application/yaml, application/*+json]
2026-02-16 00:34:25 [DiscoveryClient-CacheRefreshExecutor-%d] DEBUG o.s.web.client.RestTemplate - Accept=[application/json, application/yaml, application/*+json]
2026-02-16 00:34:25 [DiscoveryClient-HeartbeatExecutor-%d] DEBUG o.s.web.client.RestTemplate - Response 200 OK
2026-02-16 00:34:25 [DiscoveryClient-CacheRefreshExecutor-%d] DEBUG o.s.web.client.RestTemplate - Response 200 OK
2026-02-16 00:34:25 [DiscoveryClient-CacheRefreshExecutor-%d] DEBUG o.s.web.client.RestTemplate - Reading to [org.springframework.cloud.netflix.eureka.http.EurekaApplications]
2026-02-16 00:34:55 [DiscoveryClient-CacheRefreshExecutor-%d] DEBUG o.s.web.client.RestTemplate - HTTP GET http://localhost:8761/eureka/apps/delta
2026-02-16 00:34:55 [DiscoveryClient-HeartbeatExecutor-%d] DEBUG o.s.web.client.RestTemplate - HTTP PUT http://localhost:8761/eureka/apps/AUTH-SERVICE/auth-service:8081?status=UP&lastDirtyTimestamp=1771179165566
2026-02-16 00:34:55 [DiscoveryClient-CacheRefreshExecutor-%d] DEBUG o.s.web.client.RestTemplate - Accept=[application/json, application/yaml, application/*+json]
2026-02-16 00:34:55 [DiscoveryClient-HeartbeatExecutor-%d] DEBUG o.s.web.client.RestTemplate - Accept=[application/json, application/yaml, application/*+json]
2026-02-16 00:34:55 [DiscoveryClient-HeartbeatExecutor-%d] DEBUG o.s.web.client.RestTemplate - Response 200 OK
2026-02-16 00:34:55 [DiscoveryClient-CacheRefreshExecutor-%d] DEBUG o.s.web.client.RestTemplate - Response 200 OK
2026-02-16 00:34:55 [DiscoveryClient-CacheRefreshExecutor-%d] DEBUG o.s.web.client.RestTemplate - Reading to [org.springframework.cloud.netflix.eureka.http.EurekaApplications]
2026-02-16 00:35:25 [DiscoveryClient-CacheRefreshExecutor-%d] DEBUG o.s.web.client.RestTemplate - HTTP GET http://localhost:8761/eureka/apps/delta
2026-02-16 00:35:25 [DiscoveryClient-HeartbeatExecutor-%d] DEBUG o.s.web.client.RestTemplate - HTTP PUT http://localhost:8761/eureka/apps/AUTH-SERVICE/auth-service:8081?status=UP&lastDirtyTimestamp=1771179165566
2026-02-16 00:35:25 [DiscoveryClient-CacheRefreshExecutor-%d] DEBUG o.s.web.client.RestTemplate - Accept=[application/json, application/yaml, application/*+json]
2026-02-16 00:35:25 [DiscoveryClient-HeartbeatExecutor-%d] DEBUG o.s.web.client.RestTemplate - Accept=[application/json, application/yaml, application/*+json]
2026-02-16 00:35:25 [DiscoveryClient-HeartbeatExecutor-%d] DEBUG o.s.web.client.RestTemplate - Response 200 OK
2026-02-16 00:35:25 [DiscoveryClient-CacheRefreshExecutor-%d] DEBUG o.s.web.client.RestTemplate - Response 200 OK
2026-02-16 00:35:25 [DiscoveryClient-CacheRefreshExecutor-%d] DEBUG o.s.web.client.RestTemplate - Reading to [org.springframework.cloud.netflix.eureka.http.EurekaApplications]
2026-02-16 00:35:55 [DiscoveryClient-CacheRefreshExecutor-%d] DEBUG o.s.web.client.RestTemplate - HTTP GET http://localhost:8761/eureka/apps/delta
2026-02-16 00:35:55 [DiscoveryClient-HeartbeatExecutor-%d] DEBUG o.s.web.client.RestTemplate - HTTP PUT http://localhost:8761/eureka/apps/AUTH-SERVICE/auth-service:8081?status=UP&lastDirtyTimestamp=1771179165566
2026-02-16 00:35:55 [DiscoveryClient-CacheRefreshExecutor-%d] DEBUG o.s.web.client.RestTemplate - Accept=[application/json, application/yaml, application/*+json]
2026-02-16 00:35:55 [DiscoveryClient-HeartbeatExecutor-%d] DEBUG o.s.web.client.RestTemplate - Accept=[application/json, application/yaml, application/*+json]
2026-02-16 00:35:55 [DiscoveryClient-HeartbeatExecutor-%d] DEBUG o.s.web.client.RestTemplate - Response 200 OK
2026-02-16 00:35:55 [DiscoveryClient-CacheRefreshExecutor-%d] DEBUG o.s.web.client.RestTemplate - Response 200 OK
2026-02-16 00:35:55 [DiscoveryClient-CacheRefreshExecutor-%d] DEBUG o.s.web.client.RestTemplate - Reading to [org.springframework.cloud.netflix.eureka.http.EurekaApplications]
2026-02-16 00:36:25 [DiscoveryClient-CacheRefreshExecutor-%d] DEBUG o.s.web.client.RestTemplate - HTTP GET http://localhost:8761/eureka/apps/delta
2026-02-16 00:36:25 [DiscoveryClient-HeartbeatExecutor-%d] DEBUG o.s.web.client.RestTemplate - HTTP PUT http://localhost:8761/eureka/apps/AUTH-SERVICE/auth-service:8081?status=UP&lastDirtyTimestamp=1771179165566
2026-02-16 00:36:25 [DiscoveryClient-CacheRefreshExecutor-%d] DEBUG o.s.web.client.RestTemplate - Accept=[application/json, application/yaml, application/*+json]
2026-02-16 00:36:25 [DiscoveryClient-HeartbeatExecutor-%d] DEBUG o.s.web.client.RestTemplate - Accept=[application/json, application/yaml, application/*+json]
2026-02-16 00:36:25 [DiscoveryClient-CacheRefreshExecutor-%d] DEBUG o.s.web.client.RestTemplate - Response 200 OK
2026-02-16 00:36:25 [DiscoveryClient-HeartbeatExecutor-%d] DEBUG o.s.web.client.RestTemplate - Response 200 OK
2026-02-16 00:36:25 [DiscoveryClient-CacheRefreshExecutor-%d] DEBUG o.s.web.client.RestTemplate - Reading to [org.springframework.cloud.netflix.eureka.http.EurekaApplications]
2026-02-16 00:36:55 [DiscoveryClient-CacheRefreshExecutor-%d] DEBUG o.s.web.client.RestTemplate - HTTP GET http://localhost:8761/eureka/apps/delta
2026-02-16 00:36:55 [DiscoveryClient-HeartbeatExecutor-%d] DEBUG o.s.web.client.RestTemplate - HTTP PUT http://localhost:8761/eureka/apps/AUTH-SERVICE/auth-service:8081?status=UP&lastDirtyTimestamp=1771179165566
2026-02-16 00:36:55 [DiscoveryClient-CacheRefreshExecutor-%d] DEBUG o.s.web.client.RestTemplate - Accept=[application/json, application/yaml, application/*+json]
2026-02-16 00:36:55 [DiscoveryClient-HeartbeatExecutor-%d] DEBUG o.s.web.client.RestTemplate - Accept=[application/json, application/yaml, application/*+json]
2026-02-16 00:36:55 [DiscoveryClient-HeartbeatExecutor-%d] DEBUG o.s.web.client.RestTemplate - Response 200 OK
2026-02-16 00:36:55 [DiscoveryClient-CacheRefreshExecutor-%d] DEBUG o.s.web.client.RestTemplate - Response 200 OK
2026-02-16 00:36:55 [DiscoveryClient-CacheRefreshExecutor-%d] DEBUG o.s.web.client.RestTemplate - Reading to [org.springframework.cloud.netflix.eureka.http.EurekaApplications]
2026-02-16 00:37:25 [DiscoveryClient-CacheRefreshExecutor-%d] DEBUG o.s.web.client.RestTemplate - HTTP GET http://localhost:8761/eureka/apps/delta
2026-02-16 00:37:25 [DiscoveryClient-HeartbeatExecutor-%d] DEBUG o.s.web.client.RestTemplate - HTTP PUT http://localhost:8761/eureka/apps/AUTH-SERVICE/auth-service:8081?status=UP&lastDirtyTimestamp=1771179165566
2026-02-16 00:37:25 [DiscoveryClient-HeartbeatExecutor-%d] DEBUG o.s.web.client.RestTemplate - Accept=[application/json, application/yaml, application/*+json]
2026-02-16 00:37:25 [DiscoveryClient-CacheRefreshExecutor-%d] DEBUG o.s.web.client.RestTemplate - Accept=[application/json, application/yaml, application/*+json]
2026-02-16 00:37:25 [DiscoveryClient-CacheRefreshExecutor-%d] DEBUG o.s.web.client.RestTemplate - Response 200 OK
2026-02-16 00:37:25 [DiscoveryClient-HeartbeatExecutor-%d] DEBUG o.s.web.client.RestTemplate - Response 200 OK
2026-02-16 00:37:25 [DiscoveryClient-CacheRefreshExecutor-%d] DEBUG o.s.web.client.RestTemplate - Reading to [org.springframework.cloud.netflix.eureka.http.EurekaApplications]
2026-02-16 00:37:55 [DiscoveryClient-CacheRefreshExecutor-%d] DEBUG o.s.web.client.RestTemplate - HTTP GET http://localhost:8761/eureka/apps/delta
2026-02-16 00:37:55 [DiscoveryClient-HeartbeatExecutor-%d] DEBUG o.s.web.client.RestTemplate - HTTP PUT http://localhost:8761/eureka/apps/AUTH-SERVICE/auth-service:8081?status=UP&lastDirtyTimestamp=1771179165566
2026-02-16 00:37:55 [DiscoveryClient-CacheRefreshExecutor-%d] DEBUG o.s.web.client.RestTemplate - Accept=[application/json, application/yaml, application/*+json]
2026-02-16 00:37:55 [DiscoveryClient-HeartbeatExecutor-%d] DEBUG o.s.web.client.RestTemplate - Accept=[application/json, application/yaml, application/*+json]
2026-02-16 00:37:55 [DiscoveryClient-CacheRefreshExecutor-%d] DEBUG o.s.web.client.RestTemplate - Response 200 OK
2026-02-16 00:37:55 [DiscoveryClient-HeartbeatExecutor-%d] DEBUG o.s.web.client.RestTemplate - Response 200 OK
2026-02-16 00:37:55 [DiscoveryClient-CacheRefreshExecutor-%d] DEBUG o.s.web.client.RestTemplate - Reading to [org.springframework.cloud.netflix.eureka.http.EurekaApplications]
2026-02-16 00:38:22 [AsyncResolver-bootstrap-executor-%d] INFO  c.n.d.s.r.aws.ConfigClusterResolver - Resolving eureka endpoints via configuration
2026-02-16 00:38:25 [DiscoveryClient-CacheRefreshExecutor-%d] DEBUG o.s.web.client.RestTemplate - HTTP GET http://localhost:8761/eureka/apps/delta
2026-02-16 00:38:25 [DiscoveryClient-HeartbeatExecutor-%d] DEBUG o.s.web.client.RestTemplate - HTTP PUT http://localhost:8761/eureka/apps/AUTH-SERVICE/auth-service:8081?status=UP&lastDirtyTimestamp=1771179165566
2026-02-16 00:38:25 [DiscoveryClient-CacheRefreshExecutor-%d] DEBUG o.s.web.client.RestTemplate - Accept=[application/json, application/yaml, application/*+json]
2026-02-16 00:38:25 [DiscoveryClient-HeartbeatExecutor-%d] DEBUG o.s.web.client.RestTemplate - Accept=[application/json, application/yaml, application/*+json]
2026-02-16 00:38:25 [DiscoveryClient-CacheRefreshExecutor-%d] DEBUG o.s.web.client.RestTemplate - Response 200 OK
2026-02-16 00:38:25 [DiscoveryClient-HeartbeatExecutor-%d] DEBUG o.s.web.client.RestTemplate - Response 200 OK
2026-02-16 00:38:25 [DiscoveryClient-CacheRefreshExecutor-%d] DEBUG o.s.web.client.RestTemplate - Reading to [org.springframework.cloud.netflix.eureka.http.EurekaApplications]
2026-02-16 00:38:55 [DiscoveryClient-CacheRefreshExecutor-%d] DEBUG o.s.web.client.RestTemplate - HTTP GET http://localhost:8761/eureka/apps/delta
2026-02-16 00:38:55 [DiscoveryClient-HeartbeatExecutor-%d] DEBUG o.s.web.client.RestTemplate - HTTP PUT http://localhost:8761/eureka/apps/AUTH-SERVICE/auth-service:8081?status=UP&lastDirtyTimestamp=1771179165566
2026-02-16 00:38:55 [DiscoveryClient-CacheRefreshExecutor-%d] DEBUG o.s.web.client.RestTemplate - Accept=[application/json, application/yaml, application/*+json]
2026-02-16 00:38:55 [DiscoveryClient-HeartbeatExecutor-%d] DEBUG o.s.web.client.RestTemplate - Accept=[application/json, application/yaml, application/*+json]
2026-02-16 00:38:55 [DiscoveryClient-HeartbeatExecutor-%d] DEBUG o.s.web.client.RestTemplate - Response 200 OK
2026-02-16 00:38:55 [DiscoveryClient-CacheRefreshExecutor-%d] DEBUG o.s.web.client.RestTemplate - Response 200 OK
2026-02-16 00:38:55 [DiscoveryClient-CacheRefreshExecutor-%d] DEBUG o.s.web.client.RestTemplate - Reading to [org.springframework.cloud.netflix.eureka.http.EurekaApplications]
2026-02-16 00:39:25 [DiscoveryClient-HeartbeatExecutor-%d] DEBUG o.s.web.client.RestTemplate - HTTP PUT http://localhost:8761/eureka/apps/AUTH-SERVICE/auth-service:8081?status=UP&lastDirtyTimestamp=1771179165566
2026-02-16 00:39:25 [DiscoveryClient-HeartbeatExecutor-%d] DEBUG o.s.web.client.RestTemplate - Accept=[application/json, application/yaml, application/*+json]
2026-02-16 00:39:25 [DiscoveryClient-CacheRefreshExecutor-%d] DEBUG o.s.web.client.RestTemplate - HTTP GET http://localhost:8761/eureka/apps/delta
2026-02-16 00:39:25 [DiscoveryClient-CacheRefreshExecutor-%d] DEBUG o.s.web.client.RestTemplate - Accept=[application/json, application/yaml, application/*+json]
2026-02-16 00:39:25 [DiscoveryClient-HeartbeatExecutor-%d] DEBUG o.s.web.client.RestTemplate - Response 200 OK
2026-02-16 00:39:25 [DiscoveryClient-CacheRefreshExecutor-%d] DEBUG o.s.web.client.RestTemplate - Response 200 OK
2026-02-16 00:39:25 [DiscoveryClient-CacheRefreshExecutor-%d] DEBUG o.s.web.client.RestTemplate - Reading to [org.springframework.cloud.netflix.eureka.http.EurekaApplications]
2026-02-16 00:39:55 [DiscoveryClient-HeartbeatExecutor-%d] DEBUG o.s.web.client.RestTemplate - HTTP PUT http://localhost:8761/eureka/apps/AUTH-SERVICE/auth-service:8081?status=UP&lastDirtyTimestamp=1771179165566
2026-02-16 00:39:55 [DiscoveryClient-HeartbeatExecutor-%d] DEBUG o.s.web.client.RestTemplate - Accept=[application/json, application/yaml, application/*+json]
2026-02-16 00:39:55 [DiscoveryClient-CacheRefreshExecutor-%d] DEBUG o.s.web.client.RestTemplate - HTTP GET http://localhost:8761/eureka/apps/delta
2026-02-16 00:39:55 [DiscoveryClient-CacheRefreshExecutor-%d] DEBUG o.s.web.client.RestTemplate - Accept=[application/json, application/yaml, application/*+json]
2026-02-16 00:39:55 [DiscoveryClient-HeartbeatExecutor-%d] DEBUG o.s.web.client.RestTemplate - Response 200 OK
2026-02-16 00:39:55 [DiscoveryClient-CacheRefreshExecutor-%d] DEBUG o.s.web.client.RestTemplate - Response 200 OK
2026-02-16 00:39:55 [DiscoveryClient-CacheRefreshExecutor-%d] DEBUG o.s.web.client.RestTemplate - Reading to [org.springframework.cloud.netflix.eureka.http.EurekaApplications]
2026-02-16 00:40:25 [DiscoveryClient-HeartbeatExecutor-%d] DEBUG o.s.web.client.RestTemplate - HTTP PUT http://localhost:8761/eureka/apps/AUTH-SERVICE/auth-service:8081?status=UP&lastDirtyTimestamp=1771179165566
2026-02-16 00:40:25 [DiscoveryClient-HeartbeatExecutor-%d] DEBUG o.s.web.client.RestTemplate - Accept=[application/json, application/yaml, application/*+json]
2026-02-16 00:40:25 [DiscoveryClient-CacheRefreshExecutor-%d] DEBUG o.s.web.client.RestTemplate - HTTP GET http://localhost:8761/eureka/apps/delta
2026-02-16 00:40:25 [DiscoveryClient-CacheRefreshExecutor-%d] DEBUG o.s.web.client.RestTemplate - Accept=[application/json, application/yaml, application/*+json]
2026-02-16 00:40:25 [DiscoveryClient-HeartbeatExecutor-%d] DEBUG o.s.web.client.RestTemplate - Response 200 OK
2026-02-16 00:40:25 [DiscoveryClient-CacheRefreshExecutor-%d] DEBUG o.s.web.client.RestTemplate - Response 200 OK
2026-02-16 00:40:25 [DiscoveryClient-CacheRefreshExecutor-%d] DEBUG o.s.web.client.RestTemplate - Reading to [org.springframework.cloud.netflix.eureka.http.EurekaApplications]
2026-02-16 00:40:55 [DiscoveryClient-HeartbeatExecutor-%d] DEBUG o.s.web.client.RestTemplate - HTTP PUT http://localhost:8761/eureka/apps/AUTH-SERVICE/auth-service:8081?status=UP&lastDirtyTimestamp=1771179165566
2026-02-16 00:40:55 [DiscoveryClient-HeartbeatExecutor-%d] DEBUG o.s.web.client.RestTemplate - Accept=[application/json, application/yaml, application/*+json]
2026-02-16 00:40:55 [DiscoveryClient-CacheRefreshExecutor-%d] DEBUG o.s.web.client.RestTemplate - HTTP GET http://localhost:8761/eureka/apps/delta
2026-02-16 00:40:55 [DiscoveryClient-CacheRefreshExecutor-%d] DEBUG o.s.web.client.RestTemplate - Accept=[application/json, application/yaml, application/*+json]
2026-02-16 00:40:55 [DiscoveryClient-HeartbeatExecutor-%d] DEBUG o.s.web.client.RestTemplate - Response 200 OK
2026-02-16 00:40:55 [DiscoveryClient-CacheRefreshExecutor-%d] DEBUG o.s.web.client.RestTemplate - Response 200 OK
2026-02-16 00:40:55 [DiscoveryClient-CacheRefreshExecutor-%d] DEBUG o.s.web.client.RestTemplate - Reading to [org.springframework.cloud.netflix.eureka.http.EurekaApplications]
2026-02-16 00:41:25 [DiscoveryClient-HeartbeatExecutor-%d] DEBUG o.s.web.client.RestTemplate - HTTP PUT http://localhost:8761/eureka/apps/AUTH-SERVICE/auth-service:8081?status=UP&lastDirtyTimestamp=1771179165566
2026-02-16 00:41:25 [DiscoveryClient-HeartbeatExecutor-%d] DEBUG o.s.web.client.RestTemplate - Accept=[application/json, application/yaml, application/*+json]
2026-02-16 00:41:25 [DiscoveryClient-CacheRefreshExecutor-%d] DEBUG o.s.web.client.RestTemplate - HTTP GET http://localhost:8761/eureka/apps/delta
2026-02-16 00:41:25 [DiscoveryClient-CacheRefreshExecutor-%d] DEBUG o.s.web.client.RestTemplate - Accept=[application/json, application/yaml, application/*+json]
2026-02-16 00:41:25 [DiscoveryClient-HeartbeatExecutor-%d] DEBUG o.s.web.client.RestTemplate - Response 200 OK
2026-02-16 00:41:25 [DiscoveryClient-CacheRefreshExecutor-%d] DEBUG o.s.web.client.RestTemplate - Response 200 OK
2026-02-16 00:41:25 [DiscoveryClient-CacheRefreshExecutor-%d] DEBUG o.s.web.client.RestTemplate - Reading to [org.springframework.cloud.netflix.eureka.http.EurekaApplications]
2026-02-16 00:41:55 [DiscoveryClient-HeartbeatExecutor-%d] DEBUG o.s.web.client.RestTemplate - HTTP PUT http://localhost:8761/eureka/apps/AUTH-SERVICE/auth-service:8081?status=UP&lastDirtyTimestamp=1771179165566
2026-02-16 00:41:55 [DiscoveryClient-HeartbeatExecutor-%d] DEBUG o.s.web.client.RestTemplate - Accept=[application/json, application/yaml, application/*+json]
2026-02-16 00:41:55 [DiscoveryClient-HeartbeatExecutor-%d] DEBUG o.s.web.client.RestTemplate - Response 200 OK
2026-02-16 00:41:55 [DiscoveryClient-CacheRefreshExecutor-%d] DEBUG o.s.web.client.RestTemplate - HTTP GET http://localhost:8761/eureka/apps/delta
2026-02-16 00:41:55 [DiscoveryClient-CacheRefreshExecutor-%d] DEBUG o.s.web.client.RestTemplate - Accept=[application/json, application/yaml, application/*+json]
2026-02-16 00:41:56 [DiscoveryClient-CacheRefreshExecutor-%d] DEBUG o.s.web.client.RestTemplate - Response 200 OK
2026-02-16 00:41:56 [DiscoveryClient-CacheRefreshExecutor-%d] DEBUG o.s.web.client.RestTemplate - Reading to [org.springframework.cloud.netflix.eureka.http.EurekaApplications]
2026-02-16 00:42:25 [DiscoveryClient-HeartbeatExecutor-%d] DEBUG o.s.web.client.RestTemplate - HTTP PUT http://localhost:8761/eureka/apps/AUTH-SERVICE/auth-service:8081?status=UP&lastDirtyTimestamp=1771179165566
2026-02-16 00:42:25 [DiscoveryClient-HeartbeatExecutor-%d] DEBUG o.s.web.client.RestTemplate - Accept=[application/json, application/yaml, application/*+json]
2026-02-16 00:42:25 [DiscoveryClient-HeartbeatExecutor-%d] DEBUG o.s.web.client.RestTemplate - Response 200 OK
2026-02-16 00:42:26 [DiscoveryClient-CacheRefreshExecutor-%d] DEBUG o.s.web.client.RestTemplate - HTTP GET http://localhost:8761/eureka/apps/delta
2026-02-16 00:42:26 [DiscoveryClient-CacheRefreshExecutor-%d] DEBUG o.s.web.client.RestTemplate - Accept=[application/json, application/yaml, application/*+json]
2026-02-16 00:42:26 [DiscoveryClient-CacheRefreshExecutor-%d] DEBUG o.s.web.client.RestTemplate - Response 200 OK
2026-02-16 00:42:26 [DiscoveryClient-CacheRefreshExecutor-%d] DEBUG o.s.web.client.RestTemplate - Reading to [org.springframework.cloud.netflix.eureka.http.EurekaApplications]
2026-02-16 00:42:56 [DiscoveryClient-HeartbeatExecutor-%d] DEBUG o.s.web.client.RestTemplate - HTTP PUT http://localhost:8761/eureka/apps/AUTH-SERVICE/auth-service:8081?status=UP&lastDirtyTimestamp=1771179165566
2026-02-16 00:42:56 [DiscoveryClient-HeartbeatExecutor-%d] DEBUG o.s.web.client.RestTemplate - Accept=[application/json, application/yaml, application/*+json]
2026-02-16 00:42:56 [DiscoveryClient-HeartbeatExecutor-%d] DEBUG o.s.web.client.RestTemplate - Response 200 OK
2026-02-16 00:42:56 [DiscoveryClient-CacheRefreshExecutor-%d] DEBUG o.s.web.client.RestTemplate - HTTP GET http://localhost:8761/eureka/apps/delta
2026-02-16 00:42:56 [DiscoveryClient-CacheRefreshExecutor-%d] DEBUG o.s.web.client.RestTemplate - Accept=[application/json, application/yaml, application/*+json]
2026-02-16 00:42:56 [DiscoveryClient-CacheRefreshExecutor-%d] DEBUG o.s.web.client.RestTemplate - Response 200 OK
2026-02-16 00:42:56 [DiscoveryClient-CacheRefreshExecutor-%d] DEBUG o.s.web.client.RestTemplate - Reading to [org.springframework.cloud.netflix.eureka.http.EurekaApplications]
2026-02-16 00:43:22 [AsyncResolver-bootstrap-executor-%d] INFO  c.n.d.s.r.aws.ConfigClusterResolver - Resolving eureka endpoints via configuration
2026-02-16 00:43:26 [DiscoveryClient-HeartbeatExecutor-%d] DEBUG o.s.web.client.RestTemplate - HTTP PUT http://localhost:8761/eureka/apps/AUTH-SERVICE/auth-service:8081?status=UP&lastDirtyTimestamp=1771179165566
2026-02-16 00:43:26 [DiscoveryClient-HeartbeatExecutor-%d] DEBUG o.s.web.client.RestTemplate - Accept=[application/json, application/yaml, application/*+json]
2026-02-16 00:43:26 [DiscoveryClient-HeartbeatExecutor-%d] DEBUG o.s.web.client.RestTemplate - Response 200 OK
2026-02-16 00:43:26 [DiscoveryClient-CacheRefreshExecutor-%d] DEBUG o.s.web.client.RestTemplate - HTTP GET http://localhost:8761/eureka/apps/delta
2026-02-16 00:43:26 [DiscoveryClient-CacheRefreshExecutor-%d] DEBUG o.s.web.client.RestTemplate - Accept=[application/json, application/yaml, application/*+json]
2026-02-16 00:43:26 [DiscoveryClient-CacheRefreshExecutor-%d] DEBUG o.s.web.client.RestTemplate - Response 200 OK
2026-02-16 00:43:26 [DiscoveryClient-CacheRefreshExecutor-%d] DEBUG o.s.web.client.RestTemplate - Reading to [org.springframework.cloud.netflix.eureka.http.EurekaApplications]
2026-02-16 00:43:56 [DiscoveryClient-HeartbeatExecutor-%d] DEBUG o.s.web.client.RestTemplate - HTTP PUT http://localhost:8761/eureka/apps/AUTH-SERVICE/auth-service:8081?status=UP&lastDirtyTimestamp=1771179165566
2026-02-16 00:43:56 [DiscoveryClient-HeartbeatExecutor-%d] DEBUG o.s.web.client.RestTemplate - Accept=[application/json, application/yaml, application/*+json]
2026-02-16 00:43:56 [DiscoveryClient-CacheRefreshExecutor-%d] DEBUG o.s.web.client.RestTemplate - HTTP GET http://localhost:8761/eureka/apps/delta
2026-02-16 00:43:56 [DiscoveryClient-CacheRefreshExecutor-%d] DEBUG o.s.web.client.RestTemplate - Accept=[application/json, application/yaml, application/*+json]
2026-02-16 00:43:56 [DiscoveryClient-HeartbeatExecutor-%d] DEBUG o.s.web.client.RestTemplate - Response 200 OK
2026-02-16 00:43:56 [DiscoveryClient-CacheRefreshExecutor-%d] DEBUG o.s.web.client.RestTemplate - Response 200 OK
2026-02-16 00:43:56 [DiscoveryClient-CacheRefreshExecutor-%d] DEBUG o.s.web.client.RestTemplate - Reading to [org.springframework.cloud.netflix.eureka.http.EurekaApplications]
2026-02-16 00:44:26 [DiscoveryClient-HeartbeatExecutor-%d] DEBUG o.s.web.client.RestTemplate - HTTP PUT http://localhost:8761/eureka/apps/AUTH-SERVICE/auth-service:8081?status=UP&lastDirtyTimestamp=1771179165566
2026-02-16 00:44:26 [DiscoveryClient-HeartbeatExecutor-%d] DEBUG o.s.web.client.RestTemplate - Accept=[application/json, application/yaml, application/*+json]
2026-02-16 00:44:26 [DiscoveryClient-CacheRefreshExecutor-%d] DEBUG o.s.web.client.RestTemplate - HTTP GET http://localhost:8761/eureka/apps/delta
2026-02-16 00:44:26 [DiscoveryClient-CacheRefreshExecutor-%d] DEBUG o.s.web.client.RestTemplate - Accept=[application/json, application/yaml, application/*+json]
2026-02-16 00:44:26 [DiscoveryClient-HeartbeatExecutor-%d] DEBUG o.s.web.client.RestTemplate - Response 200 OK
2026-02-16 00:44:26 [DiscoveryClient-CacheRefreshExecutor-%d] DEBUG o.s.web.client.RestTemplate - Response 200 OK
2026-02-16 00:44:26 [DiscoveryClient-CacheRefreshExecutor-%d] DEBUG o.s.web.client.RestTemplate - Reading to [org.springframework.cloud.netflix.eureka.http.EurekaApplications]
2026-02-16 00:44:56 [DiscoveryClient-CacheRefreshExecutor-%d] DEBUG o.s.web.client.RestTemplate - HTTP GET http://localhost:8761/eureka/apps/delta
2026-02-16 00:44:56 [DiscoveryClient-CacheRefreshExecutor-%d] DEBUG o.s.web.client.RestTemplate - Accept=[application/json, application/yaml, application/*+json]
2026-02-16 00:44:56 [DiscoveryClient-HeartbeatExecutor-%d] DEBUG o.s.web.client.RestTemplate - HTTP PUT http://localhost:8761/eureka/apps/AUTH-SERVICE/auth-service:8081?status=UP&lastDirtyTimestamp=1771179165566
2026-02-16 00:44:56 [DiscoveryClient-CacheRefreshExecutor-%d] DEBUG o.s.web.client.RestTemplate - Response 200 OK
2026-02-16 00:44:56 [DiscoveryClient-HeartbeatExecutor-%d] DEBUG o.s.web.client.RestTemplate - Accept=[application/json, application/yaml, application/*+json]
2026-02-16 00:44:56 [DiscoveryClient-CacheRefreshExecutor-%d] DEBUG o.s.web.client.RestTemplate - Reading to [org.springframework.cloud.netflix.eureka.http.EurekaApplications]
2026-02-16 00:44:56 [DiscoveryClient-HeartbeatExecutor-%d] DEBUG o.s.web.client.RestTemplate - Response 200 OK
2026-02-16 00:45:26 [DiscoveryClient-HeartbeatExecutor-%d] DEBUG o.s.web.client.RestTemplate - HTTP PUT http://localhost:8761/eureka/apps/AUTH-SERVICE/auth-service:8081?status=UP&lastDirtyTimestamp=1771179165566
2026-02-16 00:45:26 [DiscoveryClient-HeartbeatExecutor-%d] DEBUG o.s.web.client.RestTemplate - Accept=[application/json, application/yaml, application/*+json]
2026-02-16 00:45:26 [DiscoveryClient-CacheRefreshExecutor-%d] DEBUG o.s.web.client.RestTemplate - HTTP GET http://localhost:8761/eureka/apps/delta
2026-02-16 00:45:26 [DiscoveryClient-HeartbeatExecutor-%d] DEBUG o.s.web.client.RestTemplate - Response 200 OK
2026-02-16 00:45:26 [DiscoveryClient-CacheRefreshExecutor-%d] DEBUG o.s.web.client.RestTemplate - Accept=[application/json, application/yaml, application/*+json]
2026-02-16 00:45:26 [DiscoveryClient-CacheRefreshExecutor-%d] DEBUG o.s.web.client.RestTemplate - Response 200 OK
2026-02-16 00:45:26 [DiscoveryClient-CacheRefreshExecutor-%d] DEBUG o.s.web.client.RestTemplate - Reading to [org.springframework.cloud.netflix.eureka.http.EurekaApplications]
2026-02-16 00:45:56 [DiscoveryClient-HeartbeatExecutor-%d] DEBUG o.s.web.client.RestTemplate - HTTP PUT http://localhost:8761/eureka/apps/AUTH-SERVICE/auth-service:8081?status=UP&lastDirtyTimestamp=1771179165566
2026-02-16 00:45:56 [DiscoveryClient-HeartbeatExecutor-%d] DEBUG o.s.web.client.RestTemplate - Accept=[application/json, application/yaml, application/*+json]
2026-02-16 00:45:56 [DiscoveryClient-CacheRefreshExecutor-%d] DEBUG o.s.web.client.RestTemplate - HTTP GET http://localhost:8761/eureka/apps/delta
2026-02-16 00:45:56 [DiscoveryClient-CacheRefreshExecutor-%d] DEBUG o.s.web.client.RestTemplate - Accept=[application/json, application/yaml, application/*+json]
2026-02-16 00:45:56 [DiscoveryClient-HeartbeatExecutor-%d] DEBUG o.s.web.client.RestTemplate - Response 200 OK
2026-02-16 00:45:56 [DiscoveryClient-CacheRefreshExecutor-%d] DEBUG o.s.web.client.RestTemplate - Response 200 OK
2026-02-16 00:45:56 [DiscoveryClient-CacheRefreshExecutor-%d] DEBUG o.s.web.client.RestTemplate - Reading to [org.springframework.cloud.netflix.eureka.http.EurekaApplications]
2026-02-16 00:46:26 [DiscoveryClient-HeartbeatExecutor-%d] DEBUG o.s.web.client.RestTemplate - HTTP PUT http://localhost:8761/eureka/apps/AUTH-SERVICE/auth-service:8081?status=UP&lastDirtyTimestamp=1771179165566
2026-02-16 00:46:26 [DiscoveryClient-HeartbeatExecutor-%d] DEBUG o.s.web.client.RestTemplate - Accept=[application/json, application/yaml, application/*+json]
2026-02-16 00:46:26 [DiscoveryClient-CacheRefreshExecutor-%d] DEBUG o.s.web.client.RestTemplate - HTTP GET http://localhost:8761/eureka/apps/delta
2026-02-16 00:46:26 [DiscoveryClient-CacheRefreshExecutor-%d] DEBUG o.s.web.client.RestTemplate - Accept=[application/json, application/yaml, application/*+json]
2026-02-16 00:46:26 [DiscoveryClient-HeartbeatExecutor-%d] DEBUG o.s.web.client.RestTemplate - Response 200 OK
2026-02-16 00:46:26 [DiscoveryClient-CacheRefreshExecutor-%d] DEBUG o.s.web.client.RestTemplate - Response 200 OK
2026-02-16 00:46:26 [DiscoveryClient-CacheRefreshExecutor-%d] DEBUG o.s.web.client.RestTemplate - Reading to [org.springframework.cloud.netflix.eureka.http.EurekaApplications]
2026-02-16 00:46:56 [DiscoveryClient-HeartbeatExecutor-%d] DEBUG o.s.web.client.RestTemplate - HTTP PUT http://localhost:8761/eureka/apps/AUTH-SERVICE/auth-service:8081?status=UP&lastDirtyTimestamp=1771179165566
2026-02-16 00:46:56 [DiscoveryClient-HeartbeatExecutor-%d] DEBUG o.s.web.client.RestTemplate - Accept=[application/json, application/yaml, application/*+json]
2026-02-16 00:46:56 [DiscoveryClient-CacheRefreshExecutor-%d] DEBUG o.s.web.client.RestTemplate - HTTP GET http://localhost:8761/eureka/apps/delta
2026-02-16 00:46:56 [DiscoveryClient-CacheRefreshExecutor-%d] DEBUG o.s.web.client.RestTemplate - Accept=[application/json, application/yaml, application/*+json]
2026-02-16 00:46:56 [DiscoveryClient-HeartbeatExecutor-%d] DEBUG o.s.web.client.RestTemplate - Response 200 OK
2026-02-16 00:46:56 [DiscoveryClient-CacheRefreshExecutor-%d] DEBUG o.s.web.client.RestTemplate - Response 200 OK
2026-02-16 00:46:56 [DiscoveryClient-CacheRefreshExecutor-%d] DEBUG o.s.web.client.RestTemplate - Reading to [org.springframework.cloud.netflix.eureka.http.EurekaApplications]
2026-02-16 00:47:26 [DiscoveryClient-HeartbeatExecutor-%d] DEBUG o.s.web.client.RestTemplate - HTTP PUT http://localhost:8761/eureka/apps/AUTH-SERVICE/auth-service:8081?status=UP&lastDirtyTimestamp=1771179165566
2026-02-16 00:47:26 [DiscoveryClient-HeartbeatExecutor-%d] DEBUG o.s.web.client.RestTemplate - Accept=[application/json, application/yaml, application/*+json]
2026-02-16 00:47:26 [DiscoveryClient-CacheRefreshExecutor-%d] DEBUG o.s.web.client.RestTemplate - HTTP GET http://localhost:8761/eureka/apps/delta
2026-02-16 00:47:26 [DiscoveryClient-CacheRefreshExecutor-%d] DEBUG o.s.web.client.RestTemplate - Accept=[application/json, application/yaml, application/*+json]
2026-02-16 00:47:26 [DiscoveryClient-HeartbeatExecutor-%d] DEBUG o.s.web.client.RestTemplate - Response 200 OK
2026-02-16 00:47:26 [DiscoveryClient-CacheRefreshExecutor-%d] DEBUG o.s.web.client.RestTemplate - Response 200 OK
2026-02-16 00:47:26 [DiscoveryClient-CacheRefreshExecutor-%d] DEBUG o.s.web.client.RestTemplate - Reading to [org.springframework.cloud.netflix.eureka.http.EurekaApplications]
2026-02-16 00:47:56 [DiscoveryClient-HeartbeatExecutor-%d] DEBUG o.s.web.client.RestTemplate - HTTP PUT http://localhost:8761/eureka/apps/AUTH-SERVICE/auth-service:8081?status=UP&lastDirtyTimestamp=1771179165566
2026-02-16 00:47:56 [DiscoveryClient-HeartbeatExecutor-%d] DEBUG o.s.web.client.RestTemplate - Accept=[application/json, application/yaml, application/*+json]
2026-02-16 00:47:56 [DiscoveryClient-CacheRefreshExecutor-%d] DEBUG o.s.web.client.RestTemplate - HTTP GET http://localhost:8761/eureka/apps/delta
2026-02-16 00:47:56 [DiscoveryClient-CacheRefreshExecutor-%d] DEBUG o.s.web.client.RestTemplate - Accept=[application/json, application/yaml, application/*+json]
2026-02-16 00:47:56 [DiscoveryClient-HeartbeatExecutor-%d] DEBUG o.s.web.client.RestTemplate - Response 200 OK
2026-02-16 00:47:56 [DiscoveryClient-CacheRefreshExecutor-%d] DEBUG o.s.web.client.RestTemplate - Response 200 OK
2026-02-16 00:47:56 [DiscoveryClient-CacheRefreshExecutor-%d] DEBUG o.s.web.client.RestTemplate - Reading to [org.springframework.cloud.netflix.eureka.http.EurekaApplications]
2026-02-16 00:48:22 [AsyncResolver-bootstrap-executor-%d] INFO  c.n.d.s.r.aws.ConfigClusterResolver - Resolving eureka endpoints via configuration
2026-02-16 00:48:26 [DiscoveryClient-HeartbeatExecutor-%d] DEBUG o.s.web.client.RestTemplate - HTTP PUT http://localhost:8761/eureka/apps/AUTH-SERVICE/auth-service:8081?status=UP&lastDirtyTimestamp=1771179165566
2026-02-16 00:48:26 [DiscoveryClient-HeartbeatExecutor-%d] DEBUG o.s.web.client.RestTemplate - Accept=[application/json, application/yaml, application/*+json]
2026-02-16 00:48:26 [DiscoveryClient-CacheRefreshExecutor-%d] DEBUG o.s.web.client.RestTemplate - HTTP GET http://localhost:8761/eureka/apps/delta
2026-02-16 00:48:26 [DiscoveryClient-CacheRefreshExecutor-%d] DEBUG o.s.web.client.RestTemplate - Accept=[application/json, application/yaml, application/*+json]
2026-02-16 00:48:26 [DiscoveryClient-HeartbeatExecutor-%d] DEBUG o.s.web.client.RestTemplate - Response 200 OK
2026-02-16 00:48:26 [DiscoveryClient-CacheRefreshExecutor-%d] DEBUG o.s.web.client.RestTemplate - Response 200 OK
2026-02-16 00:48:26 [DiscoveryClient-CacheRefreshExecutor-%d] DEBUG o.s.web.client.RestTemplate - Reading to [org.springframework.cloud.netflix.eureka.http.EurekaApplications]
2026-02-16 00:48:56 [DiscoveryClient-HeartbeatExecutor-%d] DEBUG o.s.web.client.RestTemplate - HTTP PUT http://localhost:8761/eureka/apps/AUTH-SERVICE/auth-service:8081?status=UP&lastDirtyTimestamp=1771179165566
2026-02-16 00:48:56 [DiscoveryClient-HeartbeatExecutor-%d] DEBUG o.s.web.client.RestTemplate - Accept=[application/json, application/yaml, application/*+json]
2026-02-16 00:48:56 [DiscoveryClient-CacheRefreshExecutor-%d] DEBUG o.s.web.client.RestTemplate - HTTP GET http://localhost:8761/eureka/apps/delta
2026-02-16 00:48:56 [DiscoveryClient-CacheRefreshExecutor-%d] DEBUG o.s.web.client.RestTemplate - Accept=[application/json, application/yaml, application/*+json]
2026-02-16 00:48:56 [DiscoveryClient-HeartbeatExecutor-%d] DEBUG o.s.web.client.RestTemplate - Response 200 OK
2026-02-16 00:48:56 [DiscoveryClient-CacheRefreshExecutor-%d] DEBUG o.s.web.client.RestTemplate - Response 200 OK
2026-02-16 00:48:56 [DiscoveryClient-CacheRefreshExecutor-%d] DEBUG o.s.web.client.RestTemplate - Reading to [org.springframework.cloud.netflix.eureka.http.EurekaApplications]
2026-02-16 00:49:26 [DiscoveryClient-CacheRefreshExecutor-%d] DEBUG o.s.web.client.RestTemplate - HTTP GET http://localhost:8761/eureka/apps/delta
2026-02-16 00:49:26 [DiscoveryClient-HeartbeatExecutor-%d] DEBUG o.s.web.client.RestTemplate - HTTP PUT http://localhost:8761/eureka/apps/AUTH-SERVICE/auth-service:8081?status=UP&lastDirtyTimestamp=1771179165566
2026-02-16 00:49:26 [DiscoveryClient-CacheRefreshExecutor-%d] DEBUG o.s.web.client.RestTemplate - Accept=[application/json, application/yaml, application/*+json]
2026-02-16 00:49:26 [DiscoveryClient-HeartbeatExecutor-%d] DEBUG o.s.web.client.RestTemplate - Accept=[application/json, application/yaml, application/*+json]
2026-02-16 00:49:26 [DiscoveryClient-HeartbeatExecutor-%d] DEBUG o.s.web.client.RestTemplate - Response 200 OK
2026-02-16 00:49:26 [DiscoveryClient-CacheRefreshExecutor-%d] DEBUG o.s.web.client.RestTemplate - Response 200 OK
2026-02-16 00:49:26 [DiscoveryClient-CacheRefreshExecutor-%d] DEBUG o.s.web.client.RestTemplate - Reading to [org.springframework.cloud.netflix.eureka.http.EurekaApplications]
2026-02-16 00:49:56 [DiscoveryClient-HeartbeatExecutor-%d] DEBUG o.s.web.client.RestTemplate - HTTP PUT http://localhost:8761/eureka/apps/AUTH-SERVICE/auth-service:8081?status=UP&lastDirtyTimestamp=1771179165566
2026-02-16 00:49:56 [DiscoveryClient-HeartbeatExecutor-%d] DEBUG o.s.web.client.RestTemplate - Accept=[application/json, application/yaml, application/*+json]
2026-02-16 00:49:56 [DiscoveryClient-CacheRefreshExecutor-%d] DEBUG o.s.web.client.RestTemplate - HTTP GET http://localhost:8761/eureka/apps/delta
2026-02-16 00:49:56 [DiscoveryClient-CacheRefreshExecutor-%d] DEBUG o.s.web.client.RestTemplate - Accept=[application/json, application/yaml, application/*+json]
2026-02-16 00:49:56 [DiscoveryClient-HeartbeatExecutor-%d] DEBUG o.s.web.client.RestTemplate - Response 200 OK
2026-02-16 00:49:56 [DiscoveryClient-CacheRefreshExecutor-%d] DEBUG o.s.web.client.RestTemplate - Response 200 OK
2026-02-16 00:49:56 [DiscoveryClient-CacheRefreshExecutor-%d] DEBUG o.s.web.client.RestTemplate - Reading to [org.springframework.cloud.netflix.eureka.http.EurekaApplications]
2026-02-16 00:50:27 [DiscoveryClient-HeartbeatExecutor-%d] DEBUG o.s.web.client.RestTemplate - HTTP PUT http://localhost:8761/eureka/apps/AUTH-SERVICE/auth-service:8081?status=UP&lastDirtyTimestamp=1771179165566
2026-02-16 00:50:27 [DiscoveryClient-HeartbeatExecutor-%d] DEBUG o.s.web.client.RestTemplate - Accept=[application/json, application/yaml, application/*+json]
2026-02-16 00:50:27 [DiscoveryClient-CacheRefreshExecutor-%d] DEBUG o.s.web.client.RestTemplate - HTTP GET http://localhost:8761/eureka/apps/delta
2026-02-16 00:50:27 [DiscoveryClient-CacheRefreshExecutor-%d] DEBUG o.s.web.client.RestTemplate - Accept=[application/json, application/yaml, application/*+json]
2026-02-16 00:50:27 [DiscoveryClient-HeartbeatExecutor-%d] DEBUG o.s.web.client.RestTemplate - Response 200 OK
2026-02-16 00:50:27 [DiscoveryClient-CacheRefreshExecutor-%d] DEBUG o.s.web.client.RestTemplate - Response 200 OK
2026-02-16 00:50:27 [DiscoveryClient-CacheRefreshExecutor-%d] DEBUG o.s.web.client.RestTemplate - Reading to [org.springframework.cloud.netflix.eureka.http.EurekaApplications]
2026-02-16 01:06:03 [HikariPool-1 housekeeper] WARN  com.zaxxer.hikari.pool.HikariPool - HikariPool-1 - Thread starvation or clock leap detected (housekeeper delta=15m45s787ms153µs200ns).
2026-02-16 01:06:30 [DiscoveryClient-CacheRefreshExecutor-%d] DEBUG o.s.web.client.RestTemplate - HTTP GET http://localhost:8761/eureka/apps/delta
2026-02-16 01:06:30 [DiscoveryClient-HeartbeatExecutor-%d] DEBUG o.s.web.client.RestTemplate - HTTP PUT http://localhost:8761/eureka/apps/AUTH-SERVICE/auth-service:8081?status=UP&lastDirtyTimestamp=1771179165566
2026-02-16 01:06:30 [DiscoveryClient-HeartbeatExecutor-%d] DEBUG o.s.web.client.RestTemplate - Accept=[application/json, application/yaml, application/*+json]
2026-02-16 01:06:30 [DiscoveryClient-CacheRefreshExecutor-%d] DEBUG o.s.web.client.RestTemplate - Accept=[application/json, application/yaml, application/*+json]
2026-02-16 01:06:30 [DiscoveryClient-HeartbeatExecutor-%d] DEBUG o.s.web.client.RestTemplate - Response 200 OK
2026-02-16 01:06:30 [DiscoveryClient-CacheRefreshExecutor-%d] DEBUG o.s.web.client.RestTemplate - Response 200 OK
2026-02-16 01:06:30 [DiscoveryClient-CacheRefreshExecutor-%d] DEBUG o.s.web.client.RestTemplate - Reading to [org.springframework.cloud.netflix.eureka.http.EurekaApplications]
2026-02-16 01:07:00 [DiscoveryClient-HeartbeatExecutor-%d] DEBUG o.s.web.client.RestTemplate - HTTP PUT http://localhost:8761/eureka/apps/AUTH-SERVICE/auth-service:8081?status=UP&lastDirtyTimestamp=1771179165566
2026-02-16 01:07:00 [DiscoveryClient-HeartbeatExecutor-%d] DEBUG o.s.web.client.RestTemplate - Accept=[application/json, application/yaml, application/*+json]
2026-02-16 01:07:00 [DiscoveryClient-CacheRefreshExecutor-%d] DEBUG o.s.web.client.RestTemplate - HTTP GET http://localhost:8761/eureka/apps/delta
2026-02-16 01:07:00 [DiscoveryClient-CacheRefreshExecutor-%d] DEBUG o.s.web.client.RestTemplate - Accept=[application/json, application/yaml, application/*+json]
2026-02-16 01:07:00 [DiscoveryClient-HeartbeatExecutor-%d] DEBUG o.s.web.client.RestTemplate - Response 200 OK
2026-02-16 01:07:00 [DiscoveryClient-CacheRefreshExecutor-%d] DEBUG o.s.web.client.RestTemplate - Response 200 OK
2026-02-16 01:07:00 [DiscoveryClient-CacheRefreshExecutor-%d] DEBUG o.s.web.client.RestTemplate - Reading to [org.springframework.cloud.netflix.eureka.http.EurekaApplications]
2026-02-16 01:07:30 [DiscoveryClient-HeartbeatExecutor-%d] DEBUG o.s.web.client.RestTemplate - HTTP PUT http://localhost:8761/eureka/apps/AUTH-SERVICE/auth-service:8081?status=UP&lastDirtyTimestamp=1771179165566
2026-02-16 01:07:30 [DiscoveryClient-HeartbeatExecutor-%d] DEBUG o.s.web.client.RestTemplate - Accept=[application/json, application/yaml, application/*+json]
2026-02-16 01:07:30 [DiscoveryClient-HeartbeatExecutor-%d] DEBUG o.s.web.client.RestTemplate - Response 200 OK
2026-02-16 01:07:30 [DiscoveryClient-CacheRefreshExecutor-%d] DEBUG o.s.web.client.RestTemplate - HTTP GET http://localhost:8761/eureka/apps/delta
2026-02-16 01:07:30 [DiscoveryClient-CacheRefreshExecutor-%d] DEBUG o.s.web.client.RestTemplate - Accept=[application/json, application/yaml, application/*+json]
2026-02-16 01:07:30 [DiscoveryClient-CacheRefreshExecutor-%d] DEBUG o.s.web.client.RestTemplate - Response 200 OK
2026-02-16 01:07:30 [DiscoveryClient-CacheRefreshExecutor-%d] DEBUG o.s.web.client.RestTemplate - Reading to [org.springframework.cloud.netflix.eureka.http.EurekaApplications]
2026-02-16 01:08:00 [DiscoveryClient-HeartbeatExecutor-%d] DEBUG o.s.web.client.RestTemplate - HTTP PUT http://localhost:8761/eureka/apps/AUTH-SERVICE/auth-service:8081?status=UP&lastDirtyTimestamp=1771179165566
2026-02-16 01:08:00 [DiscoveryClient-HeartbeatExecutor-%d] DEBUG o.s.web.client.RestTemplate - Accept=[application/json, application/yaml, application/*+json]
2026-02-16 01:08:00 [DiscoveryClient-HeartbeatExecutor-%d] DEBUG o.s.web.client.RestTemplate - Response 200 OK
2026-02-16 01:08:00 [DiscoveryClient-CacheRefreshExecutor-%d] DEBUG o.s.web.client.RestTemplate - HTTP GET http://localhost:8761/eureka/apps/delta
2026-02-16 01:08:00 [DiscoveryClient-CacheRefreshExecutor-%d] DEBUG o.s.web.client.RestTemplate - Accept=[application/json, application/yaml, application/*+json]
2026-02-16 01:08:00 [DiscoveryClient-CacheRefreshExecutor-%d] DEBUG o.s.web.client.RestTemplate - Response 200 OK
2026-02-16 01:08:00 [DiscoveryClient-CacheRefreshExecutor-%d] DEBUG o.s.web.client.RestTemplate - Reading to [org.springframework.cloud.netflix.eureka.http.EurekaApplications]
2026-02-16 01:08:30 [DiscoveryClient-HeartbeatExecutor-%d] DEBUG o.s.web.client.RestTemplate - HTTP PUT http://localhost:8761/eureka/apps/AUTH-SERVICE/auth-service:8081?status=UP&lastDirtyTimestamp=1771179165566
2026-02-16 01:08:30 [DiscoveryClient-HeartbeatExecutor-%d] DEBUG o.s.web.client.RestTemplate - Accept=[application/json, application/yaml, application/*+json]
2026-02-16 01:08:30 [DiscoveryClient-HeartbeatExecutor-%d] DEBUG o.s.web.client.RestTemplate - Response 200 OK
2026-02-16 01:08:30 [DiscoveryClient-CacheRefreshExecutor-%d] DEBUG o.s.web.client.RestTemplate - HTTP GET http://localhost:8761/eureka/apps/delta
2026-02-16 01:08:30 [DiscoveryClient-CacheRefreshExecutor-%d] DEBUG o.s.web.client.RestTemplate - Accept=[application/json, application/yaml, application/*+json]
2026-02-16 01:08:30 [DiscoveryClient-CacheRefreshExecutor-%d] DEBUG o.s.web.client.RestTemplate - Response 200 OK
2026-02-16 01:08:30 [DiscoveryClient-CacheRefreshExecutor-%d] DEBUG o.s.web.client.RestTemplate - Reading to [org.springframework.cloud.netflix.eureka.http.EurekaApplications]
2026-02-16 01:08:56 [AsyncResolver-bootstrap-executor-%d] INFO  c.n.d.s.r.aws.ConfigClusterResolver - Resolving eureka endpoints via configuration
2026-02-16 01:09:00 [DiscoveryClient-HeartbeatExecutor-%d] DEBUG o.s.web.client.RestTemplate - HTTP PUT http://localhost:8761/eureka/apps/AUTH-SERVICE/auth-service:8081?status=UP&lastDirtyTimestamp=1771179165566
2026-02-16 01:09:00 [DiscoveryClient-HeartbeatExecutor-%d] DEBUG o.s.web.client.RestTemplate - Accept=[application/json, application/yaml, application/*+json]
2026-02-16 01:09:00 [DiscoveryClient-HeartbeatExecutor-%d] DEBUG o.s.web.client.RestTemplate - Response 200 OK
2026-02-16 01:09:00 [DiscoveryClient-CacheRefreshExecutor-%d] DEBUG o.s.web.client.RestTemplate - HTTP GET http://localhost:8761/eureka/apps/delta
2026-02-16 01:09:00 [DiscoveryClient-CacheRefreshExecutor-%d] DEBUG o.s.web.client.RestTemplate - Accept=[application/json, application/yaml, application/*+json]
2026-02-16 01:09:00 [DiscoveryClient-CacheRefreshExecutor-%d] DEBUG o.s.web.client.RestTemplate - Response 200 OK
2026-02-16 01:09:00 [DiscoveryClient-CacheRefreshExecutor-%d] DEBUG o.s.web.client.RestTemplate - Reading to [org.springframework.cloud.netflix.eureka.http.EurekaApplications]
2026-02-16 01:09:30 [DiscoveryClient-HeartbeatExecutor-%d] DEBUG o.s.web.client.RestTemplate - HTTP PUT http://localhost:8761/eureka/apps/AUTH-SERVICE/auth-service:8081?status=UP&lastDirtyTimestamp=1771179165566
2026-02-16 01:09:30 [DiscoveryClient-HeartbeatExecutor-%d] DEBUG o.s.web.client.RestTemplate - Accept=[application/json, application/yaml, application/*+json]
2026-02-16 01:09:30 [DiscoveryClient-HeartbeatExecutor-%d] DEBUG o.s.web.client.RestTemplate - Response 200 OK
2026-02-16 01:09:30 [DiscoveryClient-CacheRefreshExecutor-%d] DEBUG o.s.web.client.RestTemplate - HTTP GET http://localhost:8761/eureka/apps/delta
2026-02-16 01:09:30 [DiscoveryClient-CacheRefreshExecutor-%d] DEBUG o.s.web.client.RestTemplate - Accept=[application/json, application/yaml, application/*+json]
2026-02-16 01:09:30 [DiscoveryClient-CacheRefreshExecutor-%d] DEBUG o.s.web.client.RestTemplate - Response 200 OK
2026-02-16 01:09:30 [DiscoveryClient-CacheRefreshExecutor-%d] DEBUG o.s.web.client.RestTemplate - Reading to [org.springframework.cloud.netflix.eureka.http.EurekaApplications]
2026-02-16 01:10:00 [DiscoveryClient-HeartbeatExecutor-%d] DEBUG o.s.web.client.RestTemplate - HTTP PUT http://localhost:8761/eureka/apps/AUTH-SERVICE/auth-service:8081?status=UP&lastDirtyTimestamp=1771179165566
2026-02-16 01:10:00 [DiscoveryClient-HeartbeatExecutor-%d] DEBUG o.s.web.client.RestTemplate - Accept=[application/json, application/yaml, application/*+json]
2026-02-16 01:10:00 [DiscoveryClient-HeartbeatExecutor-%d] DEBUG o.s.web.client.RestTemplate - Response 200 OK
2026-02-16 01:10:00 [DiscoveryClient-CacheRefreshExecutor-%d] DEBUG o.s.web.client.RestTemplate - HTTP GET http://localhost:8761/eureka/apps/delta
2026-02-16 01:10:00 [DiscoveryClient-CacheRefreshExecutor-%d] DEBUG o.s.web.client.RestTemplate - Accept=[application/json, application/yaml, application/*+json]
2026-02-16 01:10:00 [DiscoveryClient-CacheRefreshExecutor-%d] DEBUG o.s.web.client.RestTemplate - Response 200 OK
2026-02-16 01:10:00 [DiscoveryClient-CacheRefreshExecutor-%d] DEBUG o.s.web.client.RestTemplate - Reading to [org.springframework.cloud.netflix.eureka.http.EurekaApplications]
2026-02-16 01:10:30 [DiscoveryClient-HeartbeatExecutor-%d] DEBUG o.s.web.client.RestTemplate - HTTP PUT http://localhost:8761/eureka/apps/AUTH-SERVICE/auth-service:8081?status=UP&lastDirtyTimestamp=1771179165566
2026-02-16 01:10:30 [DiscoveryClient-HeartbeatExecutor-%d] DEBUG o.s.web.client.RestTemplate - Accept=[application/json, application/yaml, application/*+json]
2026-02-16 01:10:30 [DiscoveryClient-HeartbeatExecutor-%d] DEBUG o.s.web.client.RestTemplate - Response 200 OK
2026-02-16 01:10:30 [DiscoveryClient-CacheRefreshExecutor-%d] DEBUG o.s.web.client.RestTemplate - HTTP GET http://localhost:8761/eureka/apps/delta
2026-02-16 01:10:30 [DiscoveryClient-CacheRefreshExecutor-%d] DEBUG o.s.web.client.RestTemplate - Accept=[application/json, application/yaml, application/*+json]
2026-02-16 01:10:30 [DiscoveryClient-CacheRefreshExecutor-%d] DEBUG o.s.web.client.RestTemplate - Response 200 OK
2026-02-16 01:10:30 [DiscoveryClient-CacheRefreshExecutor-%d] DEBUG o.s.web.client.RestTemplate - Reading to [org.springframework.cloud.netflix.eureka.http.EurekaApplications]
2026-02-16 01:11:00 [DiscoveryClient-HeartbeatExecutor-%d] DEBUG o.s.web.client.RestTemplate - HTTP PUT http://localhost:8761/eureka/apps/AUTH-SERVICE/auth-service:8081?status=UP&lastDirtyTimestamp=1771179165566
2026-02-16 01:11:00 [DiscoveryClient-HeartbeatExecutor-%d] DEBUG o.s.web.client.RestTemplate - Accept=[application/json, application/yaml, application/*+json]
2026-02-16 01:11:00 [DiscoveryClient-HeartbeatExecutor-%d] DEBUG o.s.web.client.RestTemplate - Response 200 OK
2026-02-16 01:11:00 [DiscoveryClient-CacheRefreshExecutor-%d] DEBUG o.s.web.client.RestTemplate - HTTP GET http://localhost:8761/eureka/apps/delta
2026-02-16 01:11:00 [DiscoveryClient-CacheRefreshExecutor-%d] DEBUG o.s.web.client.RestTemplate - Accept=[application/json, application/yaml, application/*+json]
2026-02-16 01:11:00 [DiscoveryClient-CacheRefreshExecutor-%d] DEBUG o.s.web.client.RestTemplate - Response 200 OK
2026-02-16 01:11:00 [DiscoveryClient-CacheRefreshExecutor-%d] DEBUG o.s.web.client.RestTemplate - Reading to [org.springframework.cloud.netflix.eureka.http.EurekaApplications]
2026-02-16 01:11:30 [DiscoveryClient-HeartbeatExecutor-%d] DEBUG o.s.web.client.RestTemplate - HTTP PUT http://localhost:8761/eureka/apps/AUTH-SERVICE/auth-service:8081?status=UP&lastDirtyTimestamp=1771179165566
2026-02-16 01:11:30 [DiscoveryClient-HeartbeatExecutor-%d] DEBUG o.s.web.client.RestTemplate - Accept=[application/json, application/yaml, application/*+json]
2026-02-16 01:11:30 [DiscoveryClient-HeartbeatExecutor-%d] DEBUG o.s.web.client.RestTemplate - Response 200 OK
2026-02-16 01:11:30 [DiscoveryClient-CacheRefreshExecutor-%d] DEBUG o.s.web.client.RestTemplate - HTTP GET http://localhost:8761/eureka/apps/delta
2026-02-16 01:11:30 [DiscoveryClient-CacheRefreshExecutor-%d] DEBUG o.s.web.client.RestTemplate - Accept=[application/json, application/yaml, application/*+json]
2026-02-16 01:11:30 [DiscoveryClient-CacheRefreshExecutor-%d] DEBUG o.s.web.client.RestTemplate - Response 200 OK
2026-02-16 01:11:30 [DiscoveryClient-CacheRefreshExecutor-%d] DEBUG o.s.web.client.RestTemplate - Reading to [org.springframework.cloud.netflix.eureka.http.EurekaApplications]
2026-02-16 01:12:00 [DiscoveryClient-HeartbeatExecutor-%d] DEBUG o.s.web.client.RestTemplate - HTTP PUT http://localhost:8761/eureka/apps/AUTH-SERVICE/auth-service:8081?status=UP&lastDirtyTimestamp=1771179165566
2026-02-16 01:12:00 [DiscoveryClient-HeartbeatExecutor-%d] DEBUG o.s.web.client.RestTemplate - Accept=[application/json, application/yaml, application/*+json]
2026-02-16 01:12:00 [DiscoveryClient-HeartbeatExecutor-%d] DEBUG o.s.web.client.RestTemplate - Response 200 OK
2026-02-16 01:12:00 [DiscoveryClient-CacheRefreshExecutor-%d] DEBUG o.s.web.client.RestTemplate - HTTP GET http://localhost:8761/eureka/apps/delta
2026-02-16 01:12:00 [DiscoveryClient-CacheRefreshExecutor-%d] DEBUG o.s.web.client.RestTemplate - Accept=[application/json, application/yaml, application/*+json]
2026-02-16 01:12:00 [DiscoveryClient-CacheRefreshExecutor-%d] DEBUG o.s.web.client.RestTemplate - Response 200 OK
2026-02-16 01:12:00 [DiscoveryClient-CacheRefreshExecutor-%d] DEBUG o.s.web.client.RestTemplate - Reading to [org.springframework.cloud.netflix.eureka.http.EurekaApplications]
2026-02-16 01:12:30 [DiscoveryClient-HeartbeatExecutor-%d] DEBUG o.s.web.client.RestTemplate - HTTP PUT http://localhost:8761/eureka/apps/AUTH-SERVICE/auth-service:8081?status=UP&lastDirtyTimestamp=1771179165566
2026-02-16 01:12:30 [DiscoveryClient-HeartbeatExecutor-%d] DEBUG o.s.web.client.RestTemplate - Accept=[application/json, application/yaml, application/*+json]
2026-02-16 01:12:30 [DiscoveryClient-HeartbeatExecutor-%d] DEBUG o.s.web.client.RestTemplate - Response 200 OK
2026-02-16 01:12:30 [DiscoveryClient-CacheRefreshExecutor-%d] DEBUG o.s.web.client.RestTemplate - HTTP GET http://localhost:8761/eureka/apps/delta
2026-02-16 01:12:30 [DiscoveryClient-CacheRefreshExecutor-%d] DEBUG o.s.web.client.RestTemplate - Accept=[application/json, application/yaml, application/*+json]
2026-02-16 01:12:30 [DiscoveryClient-CacheRefreshExecutor-%d] DEBUG o.s.web.client.RestTemplate - Response 200 OK
2026-02-16 01:12:30 [DiscoveryClient-CacheRefreshExecutor-%d] DEBUG o.s.web.client.RestTemplate - Reading to [org.springframework.cloud.netflix.eureka.http.EurekaApplications]
2026-02-16 01:13:00 [DiscoveryClient-HeartbeatExecutor-%d] DEBUG o.s.web.client.RestTemplate - HTTP PUT http://localhost:8761/eureka/apps/AUTH-SERVICE/auth-service:8081?status=UP&lastDirtyTimestamp=1771179165566
2026-02-16 01:13:00 [DiscoveryClient-HeartbeatExecutor-%d] DEBUG o.s.web.client.RestTemplate - Accept=[application/json, application/yaml, application/*+json]
2026-02-16 01:13:00 [DiscoveryClient-HeartbeatExecutor-%d] DEBUG o.s.web.client.RestTemplate - Response 200 OK
2026-02-16 01:13:00 [DiscoveryClient-CacheRefreshExecutor-%d] DEBUG o.s.web.client.RestTemplate - HTTP GET http://localhost:8761/eureka/apps/delta
2026-02-16 01:13:00 [DiscoveryClient-CacheRefreshExecutor-%d] DEBUG o.s.web.client.RestTemplate - Accept=[application/json, application/yaml, application/*+json]
2026-02-16 01:13:00 [DiscoveryClient-CacheRefreshExecutor-%d] DEBUG o.s.web.client.RestTemplate - Response 200 OK
2026-02-16 01:13:00 [DiscoveryClient-CacheRefreshExecutor-%d] DEBUG o.s.web.client.RestTemplate - Reading to [org.springframework.cloud.netflix.eureka.http.EurekaApplications]
2026-02-16 01:13:30 [DiscoveryClient-HeartbeatExecutor-%d] DEBUG o.s.web.client.RestTemplate - HTTP PUT http://localhost:8761/eureka/apps/AUTH-SERVICE/auth-service:8081?status=UP&lastDirtyTimestamp=1771179165566
2026-02-16 01:13:30 [DiscoveryClient-HeartbeatExecutor-%d] DEBUG o.s.web.client.RestTemplate - Accept=[application/json, application/yaml, application/*+json]
2026-02-16 01:13:30 [DiscoveryClient-HeartbeatExecutor-%d] DEBUG o.s.web.client.RestTemplate - Response 200 OK
2026-02-16 01:13:30 [DiscoveryClient-CacheRefreshExecutor-%d] DEBUG o.s.web.client.RestTemplate - HTTP GET http://localhost:8761/eureka/apps/delta
2026-02-16 01:13:30 [DiscoveryClient-CacheRefreshExecutor-%d] DEBUG o.s.web.client.RestTemplate - Accept=[application/json, application/yaml, application/*+json]
2026-02-16 01:13:30 [DiscoveryClient-CacheRefreshExecutor-%d] DEBUG o.s.web.client.RestTemplate - Response 200 OK
2026-02-16 01:13:30 [DiscoveryClient-CacheRefreshExecutor-%d] DEBUG o.s.web.client.RestTemplate - Reading to [org.springframework.cloud.netflix.eureka.http.EurekaApplications]
2026-02-16 01:17:13 [AsyncResolver-bootstrap-executor-%d] INFO  c.n.d.s.r.aws.ConfigClusterResolver - Resolving eureka endpoints via configuration
2026-02-16 01:17:17 [DiscoveryClient-HeartbeatExecutor-%d] DEBUG o.s.web.client.RestTemplate - HTTP PUT http://localhost:8761/eureka/apps/AUTH-SERVICE/auth-service:8081?status=UP&lastDirtyTimestamp=1771179165566
2026-02-16 01:17:17 [DiscoveryClient-HeartbeatExecutor-%d] DEBUG o.s.web.client.RestTemplate - Accept=[application/json, application/yaml, application/*+json]
2026-02-16 01:17:17 [DiscoveryClient-HeartbeatExecutor-%d] DEBUG o.s.web.client.RestTemplate - Response 200 OK
2026-02-16 01:17:17 [DiscoveryClient-CacheRefreshExecutor-%d] DEBUG o.s.web.client.RestTemplate - HTTP GET http://localhost:8761/eureka/apps/delta
2026-02-16 01:17:17 [DiscoveryClient-CacheRefreshExecutor-%d] DEBUG o.s.web.client.RestTemplate - Accept=[application/json, application/yaml, application/*+json]
2026-02-16 01:17:17 [DiscoveryClient-CacheRefreshExecutor-%d] DEBUG o.s.web.client.RestTemplate - Response 200 OK
2026-02-16 01:17:17 [DiscoveryClient-CacheRefreshExecutor-%d] DEBUG o.s.web.client.RestTemplate - Reading to [org.springframework.cloud.netflix.eureka.http.EurekaApplications]
2026-02-16 01:17:20 [HikariPool-1 housekeeper] WARN  com.zaxxer.hikari.pool.HikariPool - HikariPool-1 - Thread starvation or clock leap detected (housekeeper delta=3m46s403ms427µs800ns).
2026-02-16 01:17:47 [DiscoveryClient-HeartbeatExecutor-%d] DEBUG o.s.web.client.RestTemplate - HTTP PUT http://localhost:8761/eureka/apps/AUTH-SERVICE/auth-service:8081?status=UP&lastDirtyTimestamp=1771179165566
2026-02-16 01:17:47 [DiscoveryClient-HeartbeatExecutor-%d] DEBUG o.s.web.client.RestTemplate - Accept=[application/json, application/yaml, application/*+json]
2026-02-16 01:17:47 [DiscoveryClient-CacheRefreshExecutor-%d] DEBUG o.s.web.client.RestTemplate - HTTP GET http://localhost:8761/eureka/apps/delta
2026-02-16 01:17:47 [DiscoveryClient-CacheRefreshExecutor-%d] DEBUG o.s.web.client.RestTemplate - Accept=[application/json, application/yaml, application/*+json]
2026-02-16 01:17:47 [DiscoveryClient-CacheRefreshExecutor-%d] DEBUG o.s.web.client.RestTemplate - Response 200 OK
2026-02-16 01:17:47 [DiscoveryClient-CacheRefreshExecutor-%d] DEBUG o.s.web.client.RestTemplate - Reading to [org.springframework.cloud.netflix.eureka.http.EurekaApplications]
2026-02-16 01:17:47 [DiscoveryClient-HeartbeatExecutor-%d] DEBUG o.s.web.client.RestTemplate - Response 200 OK
2026-02-16 01:18:17 [DiscoveryClient-CacheRefreshExecutor-%d] DEBUG o.s.web.client.RestTemplate - HTTP GET http://localhost:8761/eureka/apps/delta
2026-02-16 01:18:17 [DiscoveryClient-CacheRefreshExecutor-%d] DEBUG o.s.web.client.RestTemplate - Accept=[application/json, application/yaml, application/*+json]
2026-02-16 01:18:17 [DiscoveryClient-HeartbeatExecutor-%d] DEBUG o.s.web.client.RestTemplate - HTTP PUT http://localhost:8761/eureka/apps/AUTH-SERVICE/auth-service:8081?status=UP&lastDirtyTimestamp=1771179165566
2026-02-16 01:18:17 [DiscoveryClient-HeartbeatExecutor-%d] DEBUG o.s.web.client.RestTemplate - Accept=[application/json, application/yaml, application/*+json]
2026-02-16 01:18:17 [DiscoveryClient-CacheRefreshExecutor-%d] DEBUG o.s.web.client.RestTemplate - Response 200 OK
2026-02-16 01:18:17 [DiscoveryClient-CacheRefreshExecutor-%d] DEBUG o.s.web.client.RestTemplate - Reading to [org.springframework.cloud.netflix.eureka.http.EurekaApplications]
2026-02-16 01:18:17 [DiscoveryClient-HeartbeatExecutor-%d] DEBUG o.s.web.client.RestTemplate - Response 200 OK
2026-02-16 01:18:47 [DiscoveryClient-HeartbeatExecutor-%d] DEBUG o.s.web.client.RestTemplate - HTTP PUT http://localhost:8761/eureka/apps/AUTH-SERVICE/auth-service:8081?status=UP&lastDirtyTimestamp=1771179165566
2026-02-16 01:18:47 [DiscoveryClient-CacheRefreshExecutor-%d] DEBUG o.s.web.client.RestTemplate - HTTP GET http://localhost:8761/eureka/apps/delta
2026-02-16 01:18:47 [DiscoveryClient-HeartbeatExecutor-%d] DEBUG o.s.web.client.RestTemplate - Accept=[application/json, application/yaml, application/*+json]
2026-02-16 01:18:47 [DiscoveryClient-CacheRefreshExecutor-%d] DEBUG o.s.web.client.RestTemplate - Accept=[application/json, application/yaml, application/*+json]
2026-02-16 01:18:47 [DiscoveryClient-CacheRefreshExecutor-%d] DEBUG o.s.web.client.RestTemplate - Response 200 OK
2026-02-16 01:18:47 [DiscoveryClient-HeartbeatExecutor-%d] DEBUG o.s.web.client.RestTemplate - Response 200 OK
2026-02-16 01:18:47 [DiscoveryClient-CacheRefreshExecutor-%d] DEBUG o.s.web.client.RestTemplate - Reading to [org.springframework.cloud.netflix.eureka.http.EurekaApplications]
2026-02-16 01:19:17 [DiscoveryClient-CacheRefreshExecutor-%d] DEBUG o.s.web.client.RestTemplate - HTTP GET http://localhost:8761/eureka/apps/delta
2026-02-16 01:19:17 [DiscoveryClient-HeartbeatExecutor-%d] DEBUG o.s.web.client.RestTemplate - HTTP PUT http://localhost:8761/eureka/apps/AUTH-SERVICE/auth-service:8081?status=UP&lastDirtyTimestamp=1771179165566
2026-02-16 01:19:17 [DiscoveryClient-HeartbeatExecutor-%d] DEBUG o.s.web.client.RestTemplate - Accept=[application/json, application/yaml, application/*+json]
2026-02-16 01:19:17 [DiscoveryClient-CacheRefreshExecutor-%d] DEBUG o.s.web.client.RestTemplate - Accept=[application/json, application/yaml, application/*+json]
2026-02-16 01:19:17 [DiscoveryClient-HeartbeatExecutor-%d] DEBUG o.s.web.client.RestTemplate - Response 200 OK
2026-02-16 01:19:17 [DiscoveryClient-CacheRefreshExecutor-%d] DEBUG o.s.web.client.RestTemplate - Response 200 OK
2026-02-16 01:19:17 [DiscoveryClient-CacheRefreshExecutor-%d] DEBUG o.s.web.client.RestTemplate - Reading to [org.springframework.cloud.netflix.eureka.http.EurekaApplications]
2026-02-16 01:19:47 [DiscoveryClient-CacheRefreshExecutor-%d] DEBUG o.s.web.client.RestTemplate - HTTP GET http://localhost:8761/eureka/apps/delta
2026-02-16 01:19:47 [DiscoveryClient-HeartbeatExecutor-%d] DEBUG o.s.web.client.RestTemplate - HTTP PUT http://localhost:8761/eureka/apps/AUTH-SERVICE/auth-service:8081?status=UP&lastDirtyTimestamp=1771179165566
2026-02-16 01:19:47 [DiscoveryClient-CacheRefreshExecutor-%d] DEBUG o.s.web.client.RestTemplate - Accept=[application/json, application/yaml, application/*+json]
2026-02-16 01:19:47 [DiscoveryClient-HeartbeatExecutor-%d] DEBUG o.s.web.client.RestTemplate - Accept=[application/json, application/yaml, application/*+json]
2026-02-16 01:19:47 [DiscoveryClient-CacheRefreshExecutor-%d] DEBUG o.s.web.client.RestTemplate - Response 200 OK
2026-02-16 01:19:47 [DiscoveryClient-HeartbeatExecutor-%d] DEBUG o.s.web.client.RestTemplate - Response 200 OK
2026-02-16 01:19:47 [DiscoveryClient-CacheRefreshExecutor-%d] DEBUG o.s.web.client.RestTemplate - Reading to [org.springframework.cloud.netflix.eureka.http.EurekaApplications]
2026-02-16 01:20:17 [DiscoveryClient-CacheRefreshExecutor-%d] DEBUG o.s.web.client.RestTemplate - HTTP GET http://localhost:8761/eureka/apps/delta
2026-02-16 01:20:17 [DiscoveryClient-HeartbeatExecutor-%d] DEBUG o.s.web.client.RestTemplate - HTTP PUT http://localhost:8761/eureka/apps/AUTH-SERVICE/auth-service:8081?status=UP&lastDirtyTimestamp=1771179165566
2026-02-16 01:20:17 [DiscoveryClient-CacheRefreshExecutor-%d] DEBUG o.s.web.client.RestTemplate - Accept=[application/json, application/yaml, application/*+json]
2026-02-16 01:20:17 [DiscoveryClient-HeartbeatExecutor-%d] DEBUG o.s.web.client.RestTemplate - Accept=[application/json, application/yaml, application/*+json]
2026-02-16 01:20:17 [DiscoveryClient-CacheRefreshExecutor-%d] DEBUG o.s.web.client.RestTemplate - Response 200 OK
2026-02-16 01:20:17 [DiscoveryClient-HeartbeatExecutor-%d] DEBUG o.s.web.client.RestTemplate - Response 200 OK
2026-02-16 01:20:17 [DiscoveryClient-CacheRefreshExecutor-%d] DEBUG o.s.web.client.RestTemplate - Reading to [org.springframework.cloud.netflix.eureka.http.EurekaApplications]
2026-02-16 01:20:47 [DiscoveryClient-CacheRefreshExecutor-%d] DEBUG o.s.web.client.RestTemplate - HTTP GET http://localhost:8761/eureka/apps/delta
2026-02-16 01:20:47 [DiscoveryClient-HeartbeatExecutor-%d] DEBUG o.s.web.client.RestTemplate - HTTP PUT http://localhost:8761/eureka/apps/AUTH-SERVICE/auth-service:8081?status=UP&lastDirtyTimestamp=1771179165566
2026-02-16 01:20:47 [DiscoveryClient-CacheRefreshExecutor-%d] DEBUG o.s.web.client.RestTemplate - Accept=[application/json, application/yaml, application/*+json]
2026-02-16 01:20:47 [DiscoveryClient-HeartbeatExecutor-%d] DEBUG o.s.web.client.RestTemplate - Accept=[application/json, application/yaml, application/*+json]
2026-02-16 01:20:47 [DiscoveryClient-CacheRefreshExecutor-%d] DEBUG o.s.web.client.RestTemplate - Response 200 OK
2026-02-16 01:20:47 [DiscoveryClient-HeartbeatExecutor-%d] DEBUG o.s.web.client.RestTemplate - Response 200 OK
2026-02-16 01:20:47 [DiscoveryClient-CacheRefreshExecutor-%d] DEBUG o.s.web.client.RestTemplate - Reading to [org.springframework.cloud.netflix.eureka.http.EurekaApplications]
2026-02-16 01:21:17 [DiscoveryClient-CacheRefreshExecutor-%d] DEBUG o.s.web.client.RestTemplate - HTTP GET http://localhost:8761/eureka/apps/delta
2026-02-16 01:21:17 [DiscoveryClient-HeartbeatExecutor-%d] DEBUG o.s.web.client.RestTemplate - HTTP PUT http://localhost:8761/eureka/apps/AUTH-SERVICE/auth-service:8081?status=UP&lastDirtyTimestamp=1771179165566
2026-02-16 01:21:17 [DiscoveryClient-HeartbeatExecutor-%d] DEBUG o.s.web.client.RestTemplate - Accept=[application/json, application/yaml, application/*+json]
2026-02-16 01:21:17 [DiscoveryClient-CacheRefreshExecutor-%d] DEBUG o.s.web.client.RestTemplate - Accept=[application/json, application/yaml, application/*+json]
2026-02-16 01:21:17 [DiscoveryClient-HeartbeatExecutor-%d] DEBUG o.s.web.client.RestTemplate - Response 200 OK
2026-02-16 01:21:17 [DiscoveryClient-CacheRefreshExecutor-%d] DEBUG o.s.web.client.RestTemplate - Response 200 OK
2026-02-16 01:21:17 [DiscoveryClient-CacheRefreshExecutor-%d] DEBUG o.s.web.client.RestTemplate - Reading to [org.springframework.cloud.netflix.eureka.http.EurekaApplications]
2026-02-16 01:21:47 [DiscoveryClient-HeartbeatExecutor-%d] DEBUG o.s.web.client.RestTemplate - HTTP PUT http://localhost:8761/eureka/apps/AUTH-SERVICE/auth-service:8081?status=UP&lastDirtyTimestamp=1771179165566
2026-02-16 01:21:47 [DiscoveryClient-CacheRefreshExecutor-%d] DEBUG o.s.web.client.RestTemplate - HTTP GET http://localhost:8761/eureka/apps/delta
2026-02-16 01:21:47 [DiscoveryClient-HeartbeatExecutor-%d] DEBUG o.s.web.client.RestTemplate - Accept=[application/json, application/yaml, application/*+json]
2026-02-16 01:21:47 [DiscoveryClient-CacheRefreshExecutor-%d] DEBUG o.s.web.client.RestTemplate - Accept=[application/json, application/yaml, application/*+json]
2026-02-16 01:21:47 [DiscoveryClient-CacheRefreshExecutor-%d] DEBUG o.s.web.client.RestTemplate - Response 200 OK
2026-02-16 01:21:47 [DiscoveryClient-HeartbeatExecutor-%d] DEBUG o.s.web.client.RestTemplate - Response 200 OK
2026-02-16 01:21:47 [DiscoveryClient-CacheRefreshExecutor-%d] DEBUG o.s.web.client.RestTemplate - Reading to [org.springframework.cloud.netflix.eureka.http.EurekaApplications]
2026-02-16 01:22:13 [AsyncResolver-bootstrap-executor-%d] INFO  c.n.d.s.r.aws.ConfigClusterResolver - Resolving eureka endpoints via configuration
2026-02-16 01:22:17 [DiscoveryClient-CacheRefreshExecutor-%d] DEBUG o.s.web.client.RestTemplate - HTTP GET http://localhost:8761/eureka/apps/delta
2026-02-16 01:22:17 [DiscoveryClient-HeartbeatExecutor-%d] DEBUG o.s.web.client.RestTemplate - HTTP PUT http://localhost:8761/eureka/apps/AUTH-SERVICE/auth-service:8081?status=UP&lastDirtyTimestamp=1771179165566
2026-02-16 01:22:17 [DiscoveryClient-HeartbeatExecutor-%d] DEBUG o.s.web.client.RestTemplate - Accept=[application/json, application/yaml, application/*+json]
2026-02-16 01:22:17 [DiscoveryClient-CacheRefreshExecutor-%d] DEBUG o.s.web.client.RestTemplate - Accept=[application/json, application/yaml, application/*+json]
2026-02-16 01:22:17 [DiscoveryClient-CacheRefreshExecutor-%d] DEBUG o.s.web.client.RestTemplate - Response 200 OK
2026-02-16 01:22:17 [DiscoveryClient-HeartbeatExecutor-%d] DEBUG o.s.web.client.RestTemplate - Response 200 OK
2026-02-16 01:22:17 [DiscoveryClient-CacheRefreshExecutor-%d] DEBUG o.s.web.client.RestTemplate - Reading to [org.springframework.cloud.netflix.eureka.http.EurekaApplications]
2026-02-16 01:22:47 [DiscoveryClient-HeartbeatExecutor-%d] DEBUG o.s.web.client.RestTemplate - HTTP PUT http://localhost:8761/eureka/apps/AUTH-SERVICE/auth-service:8081?status=UP&lastDirtyTimestamp=1771179165566
2026-02-16 01:22:47 [DiscoveryClient-CacheRefreshExecutor-%d] DEBUG o.s.web.client.RestTemplate - HTTP GET http://localhost:8761/eureka/apps/delta
2026-02-16 01:22:47 [DiscoveryClient-CacheRefreshExecutor-%d] DEBUG o.s.web.client.RestTemplate - Accept=[application/json, application/yaml, application/*+json]
2026-02-16 01:22:47 [DiscoveryClient-HeartbeatExecutor-%d] DEBUG o.s.web.client.RestTemplate - Accept=[application/json, application/yaml, application/*+json]
2026-02-16 01:22:47 [DiscoveryClient-HeartbeatExecutor-%d] DEBUG o.s.web.client.RestTemplate - Response 200 OK
2026-02-16 01:22:47 [DiscoveryClient-CacheRefreshExecutor-%d] DEBUG o.s.web.client.RestTemplate - Response 200 OK
2026-02-16 01:22:47 [DiscoveryClient-CacheRefreshExecutor-%d] DEBUG o.s.web.client.RestTemplate - Reading to [org.springframework.cloud.netflix.eureka.http.EurekaApplications]
2026-02-16 01:23:17 [DiscoveryClient-HeartbeatExecutor-%d] DEBUG o.s.web.client.RestTemplate - HTTP PUT http://localhost:8761/eureka/apps/AUTH-SERVICE/auth-service:8081?status=UP&lastDirtyTimestamp=1771179165566
2026-02-16 01:23:17 [DiscoveryClient-HeartbeatExecutor-%d] DEBUG o.s.web.client.RestTemplate - Accept=[application/json, application/yaml, application/*+json]
2026-02-16 01:23:17 [DiscoveryClient-CacheRefreshExecutor-%d] DEBUG o.s.web.client.RestTemplate - HTTP GET http://localhost:8761/eureka/apps/delta
2026-02-16 01:23:17 [DiscoveryClient-CacheRefreshExecutor-%d] DEBUG o.s.web.client.RestTemplate - Accept=[application/json, application/yaml, application/*+json]
2026-02-16 01:23:17 [DiscoveryClient-HeartbeatExecutor-%d] DEBUG o.s.web.client.RestTemplate - Response 200 OK
2026-02-16 01:23:17 [DiscoveryClient-CacheRefreshExecutor-%d] DEBUG o.s.web.client.RestTemplate - Response 200 OK
2026-02-16 01:23:17 [DiscoveryClient-CacheRefreshExecutor-%d] DEBUG o.s.web.client.RestTemplate - Reading to [org.springframework.cloud.netflix.eureka.http.EurekaApplications]
2026-02-16 01:23:47 [DiscoveryClient-HeartbeatExecutor-%d] DEBUG o.s.web.client.RestTemplate - HTTP PUT http://localhost:8761/eureka/apps/AUTH-SERVICE/auth-service:8081?status=UP&lastDirtyTimestamp=1771179165566
2026-02-16 01:23:47 [DiscoveryClient-HeartbeatExecutor-%d] DEBUG o.s.web.client.RestTemplate - Accept=[application/json, application/yaml, application/*+json]
2026-02-16 01:23:47 [DiscoveryClient-HeartbeatExecutor-%d] DEBUG o.s.web.client.RestTemplate - Response 200 OK
2026-02-16 01:23:47 [DiscoveryClient-CacheRefreshExecutor-%d] DEBUG o.s.web.client.RestTemplate - HTTP GET http://localhost:8761/eureka/apps/delta
2026-02-16 01:23:47 [DiscoveryClient-CacheRefreshExecutor-%d] DEBUG o.s.web.client.RestTemplate - Accept=[application/json, application/yaml, application/*+json]
2026-02-16 01:23:47 [DiscoveryClient-CacheRefreshExecutor-%d] DEBUG o.s.web.client.RestTemplate - Response 200 OK
2026-02-16 01:23:47 [DiscoveryClient-CacheRefreshExecutor-%d] DEBUG o.s.web.client.RestTemplate - Reading to [org.springframework.cloud.netflix.eureka.http.EurekaApplications]
2026-02-16 01:24:17 [DiscoveryClient-HeartbeatExecutor-%d] DEBUG o.s.web.client.RestTemplate - HTTP PUT http://localhost:8761/eureka/apps/AUTH-SERVICE/auth-service:8081?status=UP&lastDirtyTimestamp=1771179165566
2026-02-16 01:24:17 [DiscoveryClient-HeartbeatExecutor-%d] DEBUG o.s.web.client.RestTemplate - Accept=[application/json, application/yaml, application/*+json]
2026-02-16 01:24:17 [DiscoveryClient-CacheRefreshExecutor-%d] DEBUG o.s.web.client.RestTemplate - HTTP GET http://localhost:8761/eureka/apps/delta
2026-02-16 01:24:17 [DiscoveryClient-CacheRefreshExecutor-%d] DEBUG o.s.web.client.RestTemplate - Accept=[application/json, application/yaml, application/*+json]
2026-02-16 01:24:17 [DiscoveryClient-HeartbeatExecutor-%d] DEBUG o.s.web.client.RestTemplate - Response 200 OK
2026-02-16 01:24:17 [DiscoveryClient-CacheRefreshExecutor-%d] DEBUG o.s.web.client.RestTemplate - Response 200 OK
2026-02-16 01:24:17 [DiscoveryClient-CacheRefreshExecutor-%d] DEBUG o.s.web.client.RestTemplate - Reading to [org.springframework.cloud.netflix.eureka.http.EurekaApplications]
2026-02-16 01:24:47 [DiscoveryClient-HeartbeatExecutor-%d] DEBUG o.s.web.client.RestTemplate - HTTP PUT http://localhost:8761/eureka/apps/AUTH-SERVICE/auth-service:8081?status=UP&lastDirtyTimestamp=1771179165566
2026-02-16 01:24:47 [DiscoveryClient-HeartbeatExecutor-%d] DEBUG o.s.web.client.RestTemplate - Accept=[application/json, application/yaml, application/*+json]
2026-02-16 01:24:47 [DiscoveryClient-CacheRefreshExecutor-%d] DEBUG o.s.web.client.RestTemplate - HTTP GET http://localhost:8761/eureka/apps/delta
2026-02-16 01:24:47 [DiscoveryClient-CacheRefreshExecutor-%d] DEBUG o.s.web.client.RestTemplate - Accept=[application/json, application/yaml, application/*+json]
2026-02-16 01:24:47 [DiscoveryClient-HeartbeatExecutor-%d] DEBUG o.s.web.client.RestTemplate - Response 200 OK
2026-02-16 01:24:47 [DiscoveryClient-CacheRefreshExecutor-%d] DEBUG o.s.web.client.RestTemplate - Response 200 OK
2026-02-16 01:24:47 [DiscoveryClient-CacheRefreshExecutor-%d] DEBUG o.s.web.client.RestTemplate - Reading to [org.springframework.cloud.netflix.eureka.http.EurekaApplications]
2026-02-16 01:25:17 [DiscoveryClient-HeartbeatExecutor-%d] DEBUG o.s.web.client.RestTemplate - HTTP PUT http://localhost:8761/eureka/apps/AUTH-SERVICE/auth-service:8081?status=UP&lastDirtyTimestamp=1771179165566
2026-02-16 01:25:17 [DiscoveryClient-HeartbeatExecutor-%d] DEBUG o.s.web.client.RestTemplate - Accept=[application/json, application/yaml, application/*+json]
2026-02-16 01:25:17 [DiscoveryClient-CacheRefreshExecutor-%d] DEBUG o.s.web.client.RestTemplate - HTTP GET http://localhost:8761/eureka/apps/delta
2026-02-16 01:25:17 [DiscoveryClient-CacheRefreshExecutor-%d] DEBUG o.s.web.client.RestTemplate - Accept=[application/json, application/yaml, application/*+json]
2026-02-16 01:25:17 [DiscoveryClient-HeartbeatExecutor-%d] DEBUG o.s.web.client.RestTemplate - Response 200 OK
2026-02-16 01:25:17 [DiscoveryClient-CacheRefreshExecutor-%d] DEBUG o.s.web.client.RestTemplate - Response 200 OK
2026-02-16 01:25:17 [DiscoveryClient-CacheRefreshExecutor-%d] DEBUG o.s.web.client.RestTemplate - Reading to [org.springframework.cloud.netflix.eureka.http.EurekaApplications]
2026-02-16 01:25:47 [DiscoveryClient-HeartbeatExecutor-%d] DEBUG o.s.web.client.RestTemplate - HTTP PUT http://localhost:8761/eureka/apps/AUTH-SERVICE/auth-service:8081?status=UP&lastDirtyTimestamp=1771179165566
2026-02-16 01:25:47 [DiscoveryClient-HeartbeatExecutor-%d] DEBUG o.s.web.client.RestTemplate - Accept=[application/json, application/yaml, application/*+json]
2026-02-16 01:25:47 [DiscoveryClient-HeartbeatExecutor-%d] DEBUG o.s.web.client.RestTemplate - Response 200 OK
2026-02-16 01:25:47 [DiscoveryClient-CacheRefreshExecutor-%d] DEBUG o.s.web.client.RestTemplate - HTTP GET http://localhost:8761/eureka/apps/delta
2026-02-16 01:25:47 [DiscoveryClient-CacheRefreshExecutor-%d] DEBUG o.s.web.client.RestTemplate - Accept=[application/json, application/yaml, application/*+json]
2026-02-16 01:25:47 [DiscoveryClient-CacheRefreshExecutor-%d] DEBUG o.s.web.client.RestTemplate - Response 200 OK
2026-02-16 01:25:47 [DiscoveryClient-CacheRefreshExecutor-%d] DEBUG o.s.web.client.RestTemplate - Reading to [org.springframework.cloud.netflix.eureka.http.EurekaApplications]
2026-02-16 01:26:17 [DiscoveryClient-HeartbeatExecutor-%d] DEBUG o.s.web.client.RestTemplate - HTTP PUT http://localhost:8761/eureka/apps/AUTH-SERVICE/auth-service:8081?status=UP&lastDirtyTimestamp=1771179165566
2026-02-16 01:26:17 [DiscoveryClient-HeartbeatExecutor-%d] DEBUG o.s.web.client.RestTemplate - Accept=[application/json, application/yaml, application/*+json]
2026-02-16 01:26:17 [DiscoveryClient-HeartbeatExecutor-%d] DEBUG o.s.web.client.RestTemplate - Response 200 OK
2026-02-16 01:26:17 [DiscoveryClient-CacheRefreshExecutor-%d] DEBUG o.s.web.client.RestTemplate - HTTP GET http://localhost:8761/eureka/apps/delta
2026-02-16 01:26:17 [DiscoveryClient-CacheRefreshExecutor-%d] DEBUG o.s.web.client.RestTemplate - Accept=[application/json, application/yaml, application/*+json]
2026-02-16 01:26:17 [DiscoveryClient-CacheRefreshExecutor-%d] DEBUG o.s.web.client.RestTemplate - Response 200 OK
2026-02-16 01:26:17 [DiscoveryClient-CacheRefreshExecutor-%d] DEBUG o.s.web.client.RestTemplate - Reading to [org.springframework.cloud.netflix.eureka.http.EurekaApplications]
2026-02-16 01:26:47 [DiscoveryClient-HeartbeatExecutor-%d] DEBUG o.s.web.client.RestTemplate - HTTP PUT http://localhost:8761/eureka/apps/AUTH-SERVICE/auth-service:8081?status=UP&lastDirtyTimestamp=1771179165566
2026-02-16 01:26:47 [DiscoveryClient-HeartbeatExecutor-%d] DEBUG o.s.web.client.RestTemplate - Accept=[application/json, application/yaml, application/*+json]
2026-02-16 01:26:47 [DiscoveryClient-HeartbeatExecutor-%d] DEBUG o.s.web.client.RestTemplate - Response 200 OK
2026-02-16 01:26:47 [DiscoveryClient-CacheRefreshExecutor-%d] DEBUG o.s.web.client.RestTemplate - HTTP GET http://localhost:8761/eureka/apps/delta
2026-02-16 01:26:47 [DiscoveryClient-CacheRefreshExecutor-%d] DEBUG o.s.web.client.RestTemplate - Accept=[application/json, application/yaml, application/*+json]
2026-02-16 01:26:47 [DiscoveryClient-CacheRefreshExecutor-%d] DEBUG o.s.web.client.RestTemplate - Response 200 OK
2026-02-16 01:26:47 [DiscoveryClient-CacheRefreshExecutor-%d] DEBUG o.s.web.client.RestTemplate - Reading to [org.springframework.cloud.netflix.eureka.http.EurekaApplications]
2026-02-16 01:27:13 [AsyncResolver-bootstrap-executor-%d] INFO  c.n.d.s.r.aws.ConfigClusterResolver - Resolving eureka endpoints via configuration
2026-02-16 01:27:17 [DiscoveryClient-HeartbeatExecutor-%d] DEBUG o.s.web.client.RestTemplate - HTTP PUT http://localhost:8761/eureka/apps/AUTH-SERVICE/auth-service:8081?status=UP&lastDirtyTimestamp=1771179165566
2026-02-16 01:27:17 [DiscoveryClient-HeartbeatExecutor-%d] DEBUG o.s.web.client.RestTemplate - Accept=[application/json, application/yaml, application/*+json]
2026-02-16 01:27:17 [DiscoveryClient-HeartbeatExecutor-%d] DEBUG o.s.web.client.RestTemplate - Response 200 OK
2026-02-16 01:27:17 [DiscoveryClient-CacheRefreshExecutor-%d] DEBUG o.s.web.client.RestTemplate - HTTP GET http://localhost:8761/eureka/apps/delta
2026-02-16 01:27:17 [DiscoveryClient-CacheRefreshExecutor-%d] DEBUG o.s.web.client.RestTemplate - Accept=[application/json, application/yaml, application/*+json]
2026-02-16 01:27:17 [DiscoveryClient-CacheRefreshExecutor-%d] DEBUG o.s.web.client.RestTemplate - Response 200 OK
2026-02-16 01:27:17 [DiscoveryClient-CacheRefreshExecutor-%d] DEBUG o.s.web.client.RestTemplate - Reading to [org.springframework.cloud.netflix.eureka.http.EurekaApplications]
2026-02-16 01:27:47 [DiscoveryClient-HeartbeatExecutor-%d] DEBUG o.s.web.client.RestTemplate - HTTP PUT http://localhost:8761/eureka/apps/AUTH-SERVICE/auth-service:8081?status=UP&lastDirtyTimestamp=1771179165566
2026-02-16 01:27:47 [DiscoveryClient-HeartbeatExecutor-%d] DEBUG o.s.web.client.RestTemplate - Accept=[application/json, application/yaml, application/*+json]
2026-02-16 01:27:47 [DiscoveryClient-HeartbeatExecutor-%d] DEBUG o.s.web.client.RestTemplate - Response 200 OK
2026-02-16 01:27:47 [DiscoveryClient-CacheRefreshExecutor-%d] DEBUG o.s.web.client.RestTemplate - HTTP GET http://localhost:8761/eureka/apps/delta
2026-02-16 01:27:47 [DiscoveryClient-CacheRefreshExecutor-%d] DEBUG o.s.web.client.RestTemplate - Accept=[application/json, application/yaml, application/*+json]
2026-02-16 01:27:47 [DiscoveryClient-CacheRefreshExecutor-%d] DEBUG o.s.web.client.RestTemplate - Response 200 OK
2026-02-16 01:27:47 [DiscoveryClient-CacheRefreshExecutor-%d] DEBUG o.s.web.client.RestTemplate - Reading to [org.springframework.cloud.netflix.eureka.http.EurekaApplications]
2026-02-16 01:28:17 [DiscoveryClient-HeartbeatExecutor-%d] DEBUG o.s.web.client.RestTemplate - HTTP PUT http://localhost:8761/eureka/apps/AUTH-SERVICE/auth-service:8081?status=UP&lastDirtyTimestamp=1771179165566
2026-02-16 01:28:17 [DiscoveryClient-HeartbeatExecutor-%d] DEBUG o.s.web.client.RestTemplate - Accept=[application/json, application/yaml, application/*+json]
2026-02-16 01:28:17 [DiscoveryClient-HeartbeatExecutor-%d] DEBUG o.s.web.client.RestTemplate - Response 200 OK
2026-02-16 01:28:17 [DiscoveryClient-CacheRefreshExecutor-%d] DEBUG o.s.web.client.RestTemplate - HTTP GET http://localhost:8761/eureka/apps/delta
2026-02-16 01:28:17 [DiscoveryClient-CacheRefreshExecutor-%d] DEBUG o.s.web.client.RestTemplate - Accept=[application/json, application/yaml, application/*+json]
2026-02-16 01:28:17 [DiscoveryClient-CacheRefreshExecutor-%d] DEBUG o.s.web.client.RestTemplate - Response 200 OK
2026-02-16 01:28:17 [DiscoveryClient-CacheRefreshExecutor-%d] DEBUG o.s.web.client.RestTemplate - Reading to [org.springframework.cloud.netflix.eureka.http.EurekaApplications]
2026-02-16 01:28:47 [DiscoveryClient-HeartbeatExecutor-%d] DEBUG o.s.web.client.RestTemplate - HTTP PUT http://localhost:8761/eureka/apps/AUTH-SERVICE/auth-service:8081?status=UP&lastDirtyTimestamp=1771179165566
2026-02-16 01:28:47 [DiscoveryClient-HeartbeatExecutor-%d] DEBUG o.s.web.client.RestTemplate - Accept=[application/json, application/yaml, application/*+json]
2026-02-16 01:28:47 [DiscoveryClient-HeartbeatExecutor-%d] DEBUG o.s.web.client.RestTemplate - Response 200 OK
2026-02-16 01:28:47 [DiscoveryClient-CacheRefreshExecutor-%d] DEBUG o.s.web.client.RestTemplate - HTTP GET http://localhost:8761/eureka/apps/delta
2026-02-16 01:28:47 [DiscoveryClient-CacheRefreshExecutor-%d] DEBUG o.s.web.client.RestTemplate - Accept=[application/json, application/yaml, application/*+json]
2026-02-16 01:28:47 [DiscoveryClient-CacheRefreshExecutor-%d] DEBUG o.s.web.client.RestTemplate - Response 200 OK
2026-02-16 01:28:47 [DiscoveryClient-CacheRefreshExecutor-%d] DEBUG o.s.web.client.RestTemplate - Reading to [org.springframework.cloud.netflix.eureka.http.EurekaApplications]
2026-02-16 01:29:17 [DiscoveryClient-HeartbeatExecutor-%d] DEBUG o.s.web.client.RestTemplate - HTTP PUT http://localhost:8761/eureka/apps/AUTH-SERVICE/auth-service:8081?status=UP&lastDirtyTimestamp=1771179165566
2026-02-16 01:29:17 [DiscoveryClient-HeartbeatExecutor-%d] DEBUG o.s.web.client.RestTemplate - Accept=[application/json, application/yaml, application/*+json]
2026-02-16 01:29:17 [DiscoveryClient-HeartbeatExecutor-%d] DEBUG o.s.web.client.RestTemplate - Response 200 OK
2026-02-16 01:29:17 [DiscoveryClient-CacheRefreshExecutor-%d] DEBUG o.s.web.client.RestTemplate - HTTP GET http://localhost:8761/eureka/apps/delta
2026-02-16 01:29:17 [DiscoveryClient-CacheRefreshExecutor-%d] DEBUG o.s.web.client.RestTemplate - Accept=[application/json, application/yaml, application/*+json]
2026-02-16 01:29:17 [DiscoveryClient-CacheRefreshExecutor-%d] DEBUG o.s.web.client.RestTemplate - Response 200 OK
2026-02-16 01:29:17 [DiscoveryClient-CacheRefreshExecutor-%d] DEBUG o.s.web.client.RestTemplate - Reading to [org.springframework.cloud.netflix.eureka.http.EurekaApplications]
2026-02-16 01:29:47 [DiscoveryClient-HeartbeatExecutor-%d] DEBUG o.s.web.client.RestTemplate - HTTP PUT http://localhost:8761/eureka/apps/AUTH-SERVICE/auth-service:8081?status=UP&lastDirtyTimestamp=1771179165566
2026-02-16 01:29:47 [DiscoveryClient-HeartbeatExecutor-%d] DEBUG o.s.web.client.RestTemplate - Accept=[application/json, application/yaml, application/*+json]
2026-02-16 01:29:47 [DiscoveryClient-HeartbeatExecutor-%d] DEBUG o.s.web.client.RestTemplate - Response 200 OK
2026-02-16 01:29:47 [DiscoveryClient-CacheRefreshExecutor-%d] DEBUG o.s.web.client.RestTemplate - HTTP GET http://localhost:8761/eureka/apps/delta
2026-02-16 01:29:47 [DiscoveryClient-CacheRefreshExecutor-%d] DEBUG o.s.web.client.RestTemplate - Accept=[application/json, application/yaml, application/*+json]
2026-02-16 01:29:47 [DiscoveryClient-CacheRefreshExecutor-%d] DEBUG o.s.web.client.RestTemplate - Response 200 OK
2026-02-16 01:29:47 [DiscoveryClient-CacheRefreshExecutor-%d] DEBUG o.s.web.client.RestTemplate - Reading to [org.springframework.cloud.netflix.eureka.http.EurekaApplications]
2026-02-16 01:30:17 [DiscoveryClient-HeartbeatExecutor-%d] DEBUG o.s.web.client.RestTemplate - HTTP PUT http://localhost:8761/eureka/apps/AUTH-SERVICE/auth-service:8081?status=UP&lastDirtyTimestamp=1771179165566
2026-02-16 01:30:17 [DiscoveryClient-HeartbeatExecutor-%d] DEBUG o.s.web.client.RestTemplate - Accept=[application/json, application/yaml, application/*+json]
2026-02-16 01:30:17 [DiscoveryClient-HeartbeatExecutor-%d] DEBUG o.s.web.client.RestTemplate - Response 200 OK
2026-02-16 01:30:17 [DiscoveryClient-CacheRefreshExecutor-%d] DEBUG o.s.web.client.RestTemplate - HTTP GET http://localhost:8761/eureka/apps/delta
2026-02-16 01:30:17 [DiscoveryClient-CacheRefreshExecutor-%d] DEBUG o.s.web.client.RestTemplate - Accept=[application/json, application/yaml, application/*+json]
2026-02-16 01:30:17 [DiscoveryClient-CacheRefreshExecutor-%d] DEBUG o.s.web.client.RestTemplate - Response 200 OK
2026-02-16 01:30:17 [DiscoveryClient-CacheRefreshExecutor-%d] DEBUG o.s.web.client.RestTemplate - Reading to [org.springframework.cloud.netflix.eureka.http.EurekaApplications]
2026-02-16 01:30:47 [DiscoveryClient-HeartbeatExecutor-%d] DEBUG o.s.web.client.RestTemplate - HTTP PUT http://localhost:8761/eureka/apps/AUTH-SERVICE/auth-service:8081?status=UP&lastDirtyTimestamp=1771179165566
2026-02-16 01:30:47 [DiscoveryClient-HeartbeatExecutor-%d] DEBUG o.s.web.client.RestTemplate - Accept=[application/json, application/yaml, application/*+json]
2026-02-16 01:30:47 [DiscoveryClient-HeartbeatExecutor-%d] DEBUG o.s.web.client.RestTemplate - Response 200 OK
2026-02-16 01:30:47 [DiscoveryClient-CacheRefreshExecutor-%d] DEBUG o.s.web.client.RestTemplate - HTTP GET http://localhost:8761/eureka/apps/delta
2026-02-16 01:30:47 [DiscoveryClient-CacheRefreshExecutor-%d] DEBUG o.s.web.client.RestTemplate - Accept=[application/json, application/yaml, application/*+json]
2026-02-16 01:30:47 [DiscoveryClient-CacheRefreshExecutor-%d] DEBUG o.s.web.client.RestTemplate - Response 200 OK
2026-02-16 01:30:47 [DiscoveryClient-CacheRefreshExecutor-%d] DEBUG o.s.web.client.RestTemplate - Reading to [org.springframework.cloud.netflix.eureka.http.EurekaApplications]
2026-02-16 01:31:17 [DiscoveryClient-HeartbeatExecutor-%d] DEBUG o.s.web.client.RestTemplate - HTTP PUT http://localhost:8761/eureka/apps/AUTH-SERVICE/auth-service:8081?status=UP&lastDirtyTimestamp=1771179165566
2026-02-16 01:31:17 [DiscoveryClient-HeartbeatExecutor-%d] DEBUG o.s.web.client.RestTemplate - Accept=[application/json, application/yaml, application/*+json]
2026-02-16 01:31:17 [DiscoveryClient-HeartbeatExecutor-%d] DEBUG o.s.web.client.RestTemplate - Response 200 OK
2026-02-16 01:31:17 [DiscoveryClient-CacheRefreshExecutor-%d] DEBUG o.s.web.client.RestTemplate - HTTP GET http://localhost:8761/eureka/apps/delta
2026-02-16 01:31:17 [DiscoveryClient-CacheRefreshExecutor-%d] DEBUG o.s.web.client.RestTemplate - Accept=[application/json, application/yaml, application/*+json]
2026-02-16 01:31:17 [DiscoveryClient-CacheRefreshExecutor-%d] DEBUG o.s.web.client.RestTemplate - Response 200 OK
2026-02-16 01:31:17 [DiscoveryClient-CacheRefreshExecutor-%d] DEBUG o.s.web.client.RestTemplate - Reading to [org.springframework.cloud.netflix.eureka.http.EurekaApplications]
2026-02-16 01:31:47 [DiscoveryClient-HeartbeatExecutor-%d] DEBUG o.s.web.client.RestTemplate - HTTP PUT http://localhost:8761/eureka/apps/AUTH-SERVICE/auth-service:8081?status=UP&lastDirtyTimestamp=1771179165566
2026-02-16 01:31:47 [DiscoveryClient-HeartbeatExecutor-%d] DEBUG o.s.web.client.RestTemplate - Accept=[application/json, application/yaml, application/*+json]
2026-02-16 01:31:47 [DiscoveryClient-HeartbeatExecutor-%d] DEBUG o.s.web.client.RestTemplate - Response 200 OK
2026-02-16 01:31:47 [DiscoveryClient-CacheRefreshExecutor-%d] DEBUG o.s.web.client.RestTemplate - HTTP GET http://localhost:8761/eureka/apps/delta
2026-02-16 01:31:47 [DiscoveryClient-CacheRefreshExecutor-%d] DEBUG o.s.web.client.RestTemplate - Accept=[application/json, application/yaml, application/*+json]
2026-02-16 01:31:47 [DiscoveryClient-CacheRefreshExecutor-%d] DEBUG o.s.web.client.RestTemplate - Response 200 OK
2026-02-16 01:31:47 [DiscoveryClient-CacheRefreshExecutor-%d] DEBUG o.s.web.client.RestTemplate - Reading to [org.springframework.cloud.netflix.eureka.http.EurekaApplications]
2026-02-16 01:32:13 [AsyncResolver-bootstrap-executor-%d] INFO  c.n.d.s.r.aws.ConfigClusterResolver - Resolving eureka endpoints via configuration
2026-02-16 01:32:17 [DiscoveryClient-HeartbeatExecutor-%d] DEBUG o.s.web.client.RestTemplate - HTTP PUT http://localhost:8761/eureka/apps/AUTH-SERVICE/auth-service:8081?status=UP&lastDirtyTimestamp=1771179165566
2026-02-16 01:32:17 [DiscoveryClient-HeartbeatExecutor-%d] DEBUG o.s.web.client.RestTemplate - Accept=[application/json, application/yaml, application/*+json]
2026-02-16 01:32:17 [DiscoveryClient-HeartbeatExecutor-%d] DEBUG o.s.web.client.RestTemplate - Response 200 OK
2026-02-16 01:32:17 [DiscoveryClient-CacheRefreshExecutor-%d] DEBUG o.s.web.client.RestTemplate - HTTP GET http://localhost:8761/eureka/apps/delta
2026-02-16 01:32:17 [DiscoveryClient-CacheRefreshExecutor-%d] DEBUG o.s.web.client.RestTemplate - Accept=[application/json, application/yaml, application/*+json]
2026-02-16 01:32:17 [DiscoveryClient-CacheRefreshExecutor-%d] DEBUG o.s.web.client.RestTemplate - Response 200 OK
2026-02-16 01:32:17 [DiscoveryClient-CacheRefreshExecutor-%d] DEBUG o.s.web.client.RestTemplate - Reading to [org.springframework.cloud.netflix.eureka.http.EurekaApplications]
2026-02-16 01:32:47 [DiscoveryClient-HeartbeatExecutor-%d] DEBUG o.s.web.client.RestTemplate - HTTP PUT http://localhost:8761/eureka/apps/AUTH-SERVICE/auth-service:8081?status=UP&lastDirtyTimestamp=1771179165566
2026-02-16 01:32:47 [DiscoveryClient-HeartbeatExecutor-%d] DEBUG o.s.web.client.RestTemplate - Accept=[application/json, application/yaml, application/*+json]
2026-02-16 01:32:47 [DiscoveryClient-HeartbeatExecutor-%d] DEBUG o.s.web.client.RestTemplate - Response 200 OK
2026-02-16 01:32:47 [DiscoveryClient-CacheRefreshExecutor-%d] DEBUG o.s.web.client.RestTemplate - HTTP GET http://localhost:8761/eureka/apps/delta
2026-02-16 01:32:47 [DiscoveryClient-CacheRefreshExecutor-%d] DEBUG o.s.web.client.RestTemplate - Accept=[application/json, application/yaml, application/*+json]
2026-02-16 01:32:47 [DiscoveryClient-CacheRefreshExecutor-%d] DEBUG o.s.web.client.RestTemplate - Response 200 OK
2026-02-16 01:32:47 [DiscoveryClient-CacheRefreshExecutor-%d] DEBUG o.s.web.client.RestTemplate - Reading to [org.springframework.cloud.netflix.eureka.http.EurekaApplications]
2026-02-16 01:33:17 [DiscoveryClient-HeartbeatExecutor-%d] DEBUG o.s.web.client.RestTemplate - HTTP PUT http://localhost:8761/eureka/apps/AUTH-SERVICE/auth-service:8081?status=UP&lastDirtyTimestamp=1771179165566
2026-02-16 01:33:17 [DiscoveryClient-HeartbeatExecutor-%d] DEBUG o.s.web.client.RestTemplate - Accept=[application/json, application/yaml, application/*+json]
2026-02-16 01:33:17 [DiscoveryClient-HeartbeatExecutor-%d] DEBUG o.s.web.client.RestTemplate - Response 200 OK
2026-02-16 01:33:17 [DiscoveryClient-CacheRefreshExecutor-%d] DEBUG o.s.web.client.RestTemplate - HTTP GET http://localhost:8761/eureka/apps/delta
2026-02-16 01:33:17 [DiscoveryClient-CacheRefreshExecutor-%d] DEBUG o.s.web.client.RestTemplate - Accept=[application/json, application/yaml, application/*+json]
2026-02-16 01:33:17 [DiscoveryClient-CacheRefreshExecutor-%d] DEBUG o.s.web.client.RestTemplate - Response 200 OK
2026-02-16 01:33:17 [DiscoveryClient-CacheRefreshExecutor-%d] DEBUG o.s.web.client.RestTemplate - Reading to [org.springframework.cloud.netflix.eureka.http.EurekaApplications]
2026-02-16 01:33:47 [DiscoveryClient-HeartbeatExecutor-%d] DEBUG o.s.web.client.RestTemplate - HTTP PUT http://localhost:8761/eureka/apps/AUTH-SERVICE/auth-service:8081?status=UP&lastDirtyTimestamp=1771179165566
2026-02-16 01:33:47 [DiscoveryClient-HeartbeatExecutor-%d] DEBUG o.s.web.client.RestTemplate - Accept=[application/json, application/yaml, application/*+json]
2026-02-16 01:33:47 [DiscoveryClient-HeartbeatExecutor-%d] DEBUG o.s.web.client.RestTemplate - Response 200 OK
2026-02-16 01:33:47 [DiscoveryClient-CacheRefreshExecutor-%d] DEBUG o.s.web.client.RestTemplate - HTTP GET http://localhost:8761/eureka/apps/delta
2026-02-16 01:33:47 [DiscoveryClient-CacheRefreshExecutor-%d] DEBUG o.s.web.client.RestTemplate - Accept=[application/json, application/yaml, application/*+json]
2026-02-16 01:33:47 [DiscoveryClient-CacheRefreshExecutor-%d] DEBUG o.s.web.client.RestTemplate - Response 200 OK
2026-02-16 01:33:47 [DiscoveryClient-CacheRefreshExecutor-%d] DEBUG o.s.web.client.RestTemplate - Reading to [org.springframework.cloud.netflix.eureka.http.EurekaApplications]
2026-02-16 01:34:17 [DiscoveryClient-HeartbeatExecutor-%d] DEBUG o.s.web.client.RestTemplate - HTTP PUT http://localhost:8761/eureka/apps/AUTH-SERVICE/auth-service:8081?status=UP&lastDirtyTimestamp=1771179165566
2026-02-16 01:34:17 [DiscoveryClient-HeartbeatExecutor-%d] DEBUG o.s.web.client.RestTemplate - Accept=[application/json, application/yaml, application/*+json]
2026-02-16 01:34:17 [DiscoveryClient-HeartbeatExecutor-%d] DEBUG o.s.web.client.RestTemplate - Response 200 OK
2026-02-16 01:34:17 [DiscoveryClient-CacheRefreshExecutor-%d] DEBUG o.s.web.client.RestTemplate - HTTP GET http://localhost:8761/eureka/apps/delta
2026-02-16 01:34:17 [DiscoveryClient-CacheRefreshExecutor-%d] DEBUG o.s.web.client.RestTemplate - Accept=[application/json, application/yaml, application/*+json]
2026-02-16 01:34:17 [DiscoveryClient-CacheRefreshExecutor-%d] DEBUG o.s.web.client.RestTemplate - Response 200 OK
2026-02-16 01:34:17 [DiscoveryClient-CacheRefreshExecutor-%d] DEBUG o.s.web.client.RestTemplate - Reading to [org.springframework.cloud.netflix.eureka.http.EurekaApplications]
2026-02-16 01:34:47 [DiscoveryClient-HeartbeatExecutor-%d] DEBUG o.s.web.client.RestTemplate - HTTP PUT http://localhost:8761/eureka/apps/AUTH-SERVICE/auth-service:8081?status=UP&lastDirtyTimestamp=1771179165566
2026-02-16 01:34:47 [DiscoveryClient-HeartbeatExecutor-%d] DEBUG o.s.web.client.RestTemplate - Accept=[application/json, application/yaml, application/*+json]
2026-02-16 01:34:47 [DiscoveryClient-HeartbeatExecutor-%d] DEBUG o.s.web.client.RestTemplate - Response 200 OK
2026-02-16 01:34:47 [DiscoveryClient-CacheRefreshExecutor-%d] DEBUG o.s.web.client.RestTemplate - HTTP GET http://localhost:8761/eureka/apps/delta
2026-02-16 01:34:47 [DiscoveryClient-CacheRefreshExecutor-%d] DEBUG o.s.web.client.RestTemplate - Accept=[application/json, application/yaml, application/*+json]
2026-02-16 01:34:47 [DiscoveryClient-CacheRefreshExecutor-%d] DEBUG o.s.web.client.RestTemplate - Response 200 OK
2026-02-16 01:34:47 [DiscoveryClient-CacheRefreshExecutor-%d] DEBUG o.s.web.client.RestTemplate - Reading to [org.springframework.cloud.netflix.eureka.http.EurekaApplications]
2026-02-16 01:35:17 [DiscoveryClient-HeartbeatExecutor-%d] DEBUG o.s.web.client.RestTemplate - HTTP PUT http://localhost:8761/eureka/apps/AUTH-SERVICE/auth-service:8081?status=UP&lastDirtyTimestamp=1771179165566
2026-02-16 01:35:17 [DiscoveryClient-HeartbeatExecutor-%d] DEBUG o.s.web.client.RestTemplate - Accept=[application/json, application/yaml, application/*+json]
2026-02-16 01:35:17 [DiscoveryClient-HeartbeatExecutor-%d] DEBUG o.s.web.client.RestTemplate - Response 200 OK
2026-02-16 01:35:18 [DiscoveryClient-CacheRefreshExecutor-%d] DEBUG o.s.web.client.RestTemplate - HTTP GET http://localhost:8761/eureka/apps/delta
2026-02-16 01:35:18 [DiscoveryClient-CacheRefreshExecutor-%d] DEBUG o.s.web.client.RestTemplate - Accept=[application/json, application/yaml, application/*+json]
2026-02-16 01:35:18 [DiscoveryClient-CacheRefreshExecutor-%d] DEBUG o.s.web.client.RestTemplate - Response 200 OK
2026-02-16 01:35:18 [DiscoveryClient-CacheRefreshExecutor-%d] DEBUG o.s.web.client.RestTemplate - Reading to [org.springframework.cloud.netflix.eureka.http.EurekaApplications]
2026-02-16 01:35:47 [DiscoveryClient-HeartbeatExecutor-%d] DEBUG o.s.web.client.RestTemplate - HTTP PUT http://localhost:8761/eureka/apps/AUTH-SERVICE/auth-service:8081?status=UP&lastDirtyTimestamp=1771179165566
2026-02-16 01:35:47 [DiscoveryClient-HeartbeatExecutor-%d] DEBUG o.s.web.client.RestTemplate - Accept=[application/json, application/yaml, application/*+json]
2026-02-16 01:35:47 [DiscoveryClient-HeartbeatExecutor-%d] DEBUG o.s.web.client.RestTemplate - Response 200 OK
2026-02-16 01:35:48 [DiscoveryClient-CacheRefreshExecutor-%d] DEBUG o.s.web.client.RestTemplate - HTTP GET http://localhost:8761/eureka/apps/delta
2026-02-16 01:35:48 [DiscoveryClient-CacheRefreshExecutor-%d] DEBUG o.s.web.client.RestTemplate - Accept=[application/json, application/yaml, application/*+json]
2026-02-16 01:35:48 [DiscoveryClient-CacheRefreshExecutor-%d] DEBUG o.s.web.client.RestTemplate - Response 200 OK
2026-02-16 01:35:48 [DiscoveryClient-CacheRefreshExecutor-%d] DEBUG o.s.web.client.RestTemplate - Reading to [org.springframework.cloud.netflix.eureka.http.EurekaApplications]
2026-02-16 01:36:17 [DiscoveryClient-HeartbeatExecutor-%d] DEBUG o.s.web.client.RestTemplate - HTTP PUT http://localhost:8761/eureka/apps/AUTH-SERVICE/auth-service:8081?status=UP&lastDirtyTimestamp=1771179165566
2026-02-16 01:36:17 [DiscoveryClient-HeartbeatExecutor-%d] DEBUG o.s.web.client.RestTemplate - Accept=[application/json, application/yaml, application/*+json]
2026-02-16 01:36:18 [DiscoveryClient-HeartbeatExecutor-%d] DEBUG o.s.web.client.RestTemplate - Response 200 OK
2026-02-16 01:36:18 [DiscoveryClient-CacheRefreshExecutor-%d] DEBUG o.s.web.client.RestTemplate - HTTP GET http://localhost:8761/eureka/apps/delta
2026-02-16 01:36:18 [DiscoveryClient-CacheRefreshExecutor-%d] DEBUG o.s.web.client.RestTemplate - Accept=[application/json, application/yaml, application/*+json]
2026-02-16 01:36:18 [DiscoveryClient-CacheRefreshExecutor-%d] DEBUG o.s.web.client.RestTemplate - Response 200 OK
2026-02-16 01:36:18 [DiscoveryClient-CacheRefreshExecutor-%d] DEBUG o.s.web.client.RestTemplate - Reading to [org.springframework.cloud.netflix.eureka.http.EurekaApplications]
2026-02-16 01:36:48 [DiscoveryClient-HeartbeatExecutor-%d] DEBUG o.s.web.client.RestTemplate - HTTP PUT http://localhost:8761/eureka/apps/AUTH-SERVICE/auth-service:8081?status=UP&lastDirtyTimestamp=1771179165566
2026-02-16 01:36:48 [DiscoveryClient-HeartbeatExecutor-%d] DEBUG o.s.web.client.RestTemplate - Accept=[application/json, application/yaml, application/*+json]
2026-02-16 01:36:48 [DiscoveryClient-HeartbeatExecutor-%d] DEBUG o.s.web.client.RestTemplate - Response 200 OK
2026-02-16 01:36:48 [DiscoveryClient-CacheRefreshExecutor-%d] DEBUG o.s.web.client.RestTemplate - HTTP GET http://localhost:8761/eureka/apps/delta
2026-02-16 01:36:48 [DiscoveryClient-CacheRefreshExecutor-%d] DEBUG o.s.web.client.RestTemplate - Accept=[application/json, application/yaml, application/*+json]
2026-02-16 01:36:48 [DiscoveryClient-CacheRefreshExecutor-%d] DEBUG o.s.web.client.RestTemplate - Response 200 OK
2026-02-16 01:36:48 [DiscoveryClient-CacheRefreshExecutor-%d] DEBUG o.s.web.client.RestTemplate - Reading to [org.springframework.cloud.netflix.eureka.http.EurekaApplications]
2026-02-16 01:37:13 [AsyncResolver-bootstrap-executor-%d] INFO  c.n.d.s.r.aws.ConfigClusterResolver - Resolving eureka endpoints via configuration
2026-02-16 01:37:18 [DiscoveryClient-HeartbeatExecutor-%d] DEBUG o.s.web.client.RestTemplate - HTTP PUT http://localhost:8761/eureka/apps/AUTH-SERVICE/auth-service:8081?status=UP&lastDirtyTimestamp=1771179165566
2026-02-16 01:37:18 [DiscoveryClient-HeartbeatExecutor-%d] DEBUG o.s.web.client.RestTemplate - Accept=[application/json, application/yaml, application/*+json]
2026-02-16 01:37:18 [DiscoveryClient-HeartbeatExecutor-%d] DEBUG o.s.web.client.RestTemplate - Response 200 OK
2026-02-16 01:37:18 [DiscoveryClient-CacheRefreshExecutor-%d] DEBUG o.s.web.client.RestTemplate - HTTP GET http://localhost:8761/eureka/apps/delta
2026-02-16 01:37:18 [DiscoveryClient-CacheRefreshExecutor-%d] DEBUG o.s.web.client.RestTemplate - Accept=[application/json, application/yaml, application/*+json]
2026-02-16 01:37:18 [DiscoveryClient-CacheRefreshExecutor-%d] DEBUG o.s.web.client.RestTemplate - Response 200 OK
2026-02-16 01:37:18 [DiscoveryClient-CacheRefreshExecutor-%d] DEBUG o.s.web.client.RestTemplate - Reading to [org.springframework.cloud.netflix.eureka.http.EurekaApplications]
2026-02-16 01:37:48 [DiscoveryClient-HeartbeatExecutor-%d] DEBUG o.s.web.client.RestTemplate - HTTP PUT http://localhost:8761/eureka/apps/AUTH-SERVICE/auth-service:8081?status=UP&lastDirtyTimestamp=1771179165566
2026-02-16 01:37:48 [DiscoveryClient-HeartbeatExecutor-%d] DEBUG o.s.web.client.RestTemplate - Accept=[application/json, application/yaml, application/*+json]
2026-02-16 01:37:48 [DiscoveryClient-HeartbeatExecutor-%d] DEBUG o.s.web.client.RestTemplate - Response 200 OK
2026-02-16 01:37:48 [DiscoveryClient-CacheRefreshExecutor-%d] DEBUG o.s.web.client.RestTemplate - HTTP GET http://localhost:8761/eureka/apps/delta
2026-02-16 01:37:48 [DiscoveryClient-CacheRefreshExecutor-%d] DEBUG o.s.web.client.RestTemplate - Accept=[application/json, application/yaml, application/*+json]
2026-02-16 01:37:48 [DiscoveryClient-CacheRefreshExecutor-%d] DEBUG o.s.web.client.RestTemplate - Response 200 OK
2026-02-16 01:37:48 [DiscoveryClient-CacheRefreshExecutor-%d] DEBUG o.s.web.client.RestTemplate - Reading to [org.springframework.cloud.netflix.eureka.http.EurekaApplications]
2026-02-16 01:38:18 [DiscoveryClient-HeartbeatExecutor-%d] DEBUG o.s.web.client.RestTemplate - HTTP PUT http://localhost:8761/eureka/apps/AUTH-SERVICE/auth-service:8081?status=UP&lastDirtyTimestamp=1771179165566
2026-02-16 01:38:18 [DiscoveryClient-HeartbeatExecutor-%d] DEBUG o.s.web.client.RestTemplate - Accept=[application/json, application/yaml, application/*+json]
2026-02-16 01:38:18 [DiscoveryClient-HeartbeatExecutor-%d] DEBUG o.s.web.client.RestTemplate - Response 200 OK
2026-02-16 01:38:18 [DiscoveryClient-CacheRefreshExecutor-%d] DEBUG o.s.web.client.RestTemplate - HTTP GET http://localhost:8761/eureka/apps/delta
2026-02-16 01:38:18 [DiscoveryClient-CacheRefreshExecutor-%d] DEBUG o.s.web.client.RestTemplate - Accept=[application/json, application/yaml, application/*+json]
2026-02-16 01:38:18 [DiscoveryClient-CacheRefreshExecutor-%d] DEBUG o.s.web.client.RestTemplate - Response 200 OK
2026-02-16 01:38:18 [DiscoveryClient-CacheRefreshExecutor-%d] DEBUG o.s.web.client.RestTemplate - Reading to [org.springframework.cloud.netflix.eureka.http.EurekaApplications]
2026-02-16 01:38:48 [DiscoveryClient-HeartbeatExecutor-%d] DEBUG o.s.web.client.RestTemplate - HTTP PUT http://localhost:8761/eureka/apps/AUTH-SERVICE/auth-service:8081?status=UP&lastDirtyTimestamp=1771179165566
2026-02-16 01:38:48 [DiscoveryClient-HeartbeatExecutor-%d] DEBUG o.s.web.client.RestTemplate - Accept=[application/json, application/yaml, application/*+json]
2026-02-16 01:38:48 [DiscoveryClient-HeartbeatExecutor-%d] DEBUG o.s.web.client.RestTemplate - Response 200 OK
2026-02-16 01:38:48 [DiscoveryClient-CacheRefreshExecutor-%d] DEBUG o.s.web.client.RestTemplate - HTTP GET http://localhost:8761/eureka/apps/delta
2026-02-16 01:38:48 [DiscoveryClient-CacheRefreshExecutor-%d] DEBUG o.s.web.client.RestTemplate - Accept=[application/json, application/yaml, application/*+json]
2026-02-16 01:38:48 [DiscoveryClient-CacheRefreshExecutor-%d] DEBUG o.s.web.client.RestTemplate - Response 200 OK
2026-02-16 01:38:48 [DiscoveryClient-CacheRefreshExecutor-%d] DEBUG o.s.web.client.RestTemplate - Reading to [org.springframework.cloud.netflix.eureka.http.EurekaApplications]
2026-02-16 01:39:18 [DiscoveryClient-HeartbeatExecutor-%d] DEBUG o.s.web.client.RestTemplate - HTTP PUT http://localhost:8761/eureka/apps/AUTH-SERVICE/auth-service:8081?status=UP&lastDirtyTimestamp=1771179165566
2026-02-16 01:39:18 [DiscoveryClient-HeartbeatExecutor-%d] DEBUG o.s.web.client.RestTemplate - Accept=[application/json, application/yaml, application/*+json]
2026-02-16 01:39:18 [DiscoveryClient-HeartbeatExecutor-%d] DEBUG o.s.web.client.RestTemplate - Response 200 OK
2026-02-16 01:39:18 [DiscoveryClient-CacheRefreshExecutor-%d] DEBUG o.s.web.client.RestTemplate - HTTP GET http://localhost:8761/eureka/apps/delta
2026-02-16 01:39:18 [DiscoveryClient-CacheRefreshExecutor-%d] DEBUG o.s.web.client.RestTemplate - Accept=[application/json, application/yaml, application/*+json]
2026-02-16 01:39:18 [DiscoveryClient-CacheRefreshExecutor-%d] DEBUG o.s.web.client.RestTemplate - Response 200 OK
2026-02-16 01:39:18 [DiscoveryClient-CacheRefreshExecutor-%d] DEBUG o.s.web.client.RestTemplate - Reading to [org.springframework.cloud.netflix.eureka.http.EurekaApplications]
2026-02-16 01:39:48 [DiscoveryClient-HeartbeatExecutor-%d] DEBUG o.s.web.client.RestTemplate - HTTP PUT http://localhost:8761/eureka/apps/AUTH-SERVICE/auth-service:8081?status=UP&lastDirtyTimestamp=1771179165566
2026-02-16 01:39:48 [DiscoveryClient-HeartbeatExecutor-%d] DEBUG o.s.web.client.RestTemplate - Accept=[application/json, application/yaml, application/*+json]
2026-02-16 01:39:48 [DiscoveryClient-HeartbeatExecutor-%d] DEBUG o.s.web.client.RestTemplate - Response 200 OK
2026-02-16 01:39:48 [DiscoveryClient-CacheRefreshExecutor-%d] DEBUG o.s.web.client.RestTemplate - HTTP GET http://localhost:8761/eureka/apps/delta
2026-02-16 01:39:48 [DiscoveryClient-CacheRefreshExecutor-%d] DEBUG o.s.web.client.RestTemplate - Accept=[application/json, application/yaml, application/*+json]
2026-02-16 01:39:48 [DiscoveryClient-CacheRefreshExecutor-%d] DEBUG o.s.web.client.RestTemplate - Response 200 OK
2026-02-16 01:39:48 [DiscoveryClient-CacheRefreshExecutor-%d] DEBUG o.s.web.client.RestTemplate - Reading to [org.springframework.cloud.netflix.eureka.http.EurekaApplications]
2026-02-16 01:40:18 [DiscoveryClient-HeartbeatExecutor-%d] DEBUG o.s.web.client.RestTemplate - HTTP PUT http://localhost:8761/eureka/apps/AUTH-SERVICE/auth-service:8081?status=UP&lastDirtyTimestamp=1771179165566
2026-02-16 01:40:18 [DiscoveryClient-HeartbeatExecutor-%d] DEBUG o.s.web.client.RestTemplate - Accept=[application/json, application/yaml, application/*+json]
2026-02-16 01:40:18 [DiscoveryClient-HeartbeatExecutor-%d] DEBUG o.s.web.client.RestTemplate - Response 200 OK
2026-02-16 01:40:18 [DiscoveryClient-CacheRefreshExecutor-%d] DEBUG o.s.web.client.RestTemplate - HTTP GET http://localhost:8761/eureka/apps/delta
2026-02-16 01:40:18 [DiscoveryClient-CacheRefreshExecutor-%d] DEBUG o.s.web.client.RestTemplate - Accept=[application/json, application/yaml, application/*+json]
2026-02-16 01:40:18 [DiscoveryClient-CacheRefreshExecutor-%d] DEBUG o.s.web.client.RestTemplate - Response 200 OK
2026-02-16 01:40:18 [DiscoveryClient-CacheRefreshExecutor-%d] DEBUG o.s.web.client.RestTemplate - Reading to [org.springframework.cloud.netflix.eureka.http.EurekaApplications]
2026-02-16 01:40:48 [DiscoveryClient-HeartbeatExecutor-%d] DEBUG o.s.web.client.RestTemplate - HTTP PUT http://localhost:8761/eureka/apps/AUTH-SERVICE/auth-service:8081?status=UP&lastDirtyTimestamp=1771179165566
2026-02-16 01:40:48 [DiscoveryClient-HeartbeatExecutor-%d] DEBUG o.s.web.client.RestTemplate - Accept=[application/json, application/yaml, application/*+json]
2026-02-16 01:40:48 [DiscoveryClient-HeartbeatExecutor-%d] DEBUG o.s.web.client.RestTemplate - Response 200 OK
2026-02-16 01:40:48 [DiscoveryClient-CacheRefreshExecutor-%d] DEBUG o.s.web.client.RestTemplate - HTTP GET http://localhost:8761/eureka/apps/delta
2026-02-16 01:40:48 [DiscoveryClient-CacheRefreshExecutor-%d] DEBUG o.s.web.client.RestTemplate - Accept=[application/json, application/yaml, application/*+json]
2026-02-16 01:40:48 [DiscoveryClient-CacheRefreshExecutor-%d] DEBUG o.s.web.client.RestTemplate - Response 200 OK
2026-02-16 01:40:48 [DiscoveryClient-CacheRefreshExecutor-%d] DEBUG o.s.web.client.RestTemplate - Reading to [org.springframework.cloud.netflix.eureka.http.EurekaApplications]
2026-02-16 01:41:18 [DiscoveryClient-HeartbeatExecutor-%d] DEBUG o.s.web.client.RestTemplate - HTTP PUT http://localhost:8761/eureka/apps/AUTH-SERVICE/auth-service:8081?status=UP&lastDirtyTimestamp=1771179165566
2026-02-16 01:41:18 [DiscoveryClient-HeartbeatExecutor-%d] DEBUG o.s.web.client.RestTemplate - Accept=[application/json, application/yaml, application/*+json]
2026-02-16 01:41:18 [DiscoveryClient-HeartbeatExecutor-%d] DEBUG o.s.web.client.RestTemplate - Response 200 OK
2026-02-16 01:41:18 [DiscoveryClient-CacheRefreshExecutor-%d] DEBUG o.s.web.client.RestTemplate - HTTP GET http://localhost:8761/eureka/apps/delta
2026-02-16 01:41:18 [DiscoveryClient-CacheRefreshExecutor-%d] DEBUG o.s.web.client.RestTemplate - Accept=[application/json, application/yaml, application/*+json]
2026-02-16 01:41:18 [DiscoveryClient-CacheRefreshExecutor-%d] DEBUG o.s.web.client.RestTemplate - Response 200 OK
2026-02-16 01:41:18 [DiscoveryClient-CacheRefreshExecutor-%d] DEBUG o.s.web.client.RestTemplate - Reading to [org.springframework.cloud.netflix.eureka.http.EurekaApplications]
2026-02-16 01:41:48 [DiscoveryClient-HeartbeatExecutor-%d] DEBUG o.s.web.client.RestTemplate - HTTP PUT http://localhost:8761/eureka/apps/AUTH-SERVICE/auth-service:8081?status=UP&lastDirtyTimestamp=1771179165566
2026-02-16 01:41:48 [DiscoveryClient-HeartbeatExecutor-%d] DEBUG o.s.web.client.RestTemplate - Accept=[application/json, application/yaml, application/*+json]
2026-02-16 01:41:48 [DiscoveryClient-HeartbeatExecutor-%d] DEBUG o.s.web.client.RestTemplate - Response 200 OK
2026-02-16 01:41:48 [DiscoveryClient-CacheRefreshExecutor-%d] DEBUG o.s.web.client.RestTemplate - HTTP GET http://localhost:8761/eureka/apps/delta
2026-02-16 01:41:48 [DiscoveryClient-CacheRefreshExecutor-%d] DEBUG o.s.web.client.RestTemplate - Accept=[application/json, application/yaml, application/*+json]
2026-02-16 01:41:48 [DiscoveryClient-CacheRefreshExecutor-%d] DEBUG o.s.web.client.RestTemplate - Response 200 OK
2026-02-16 01:41:48 [DiscoveryClient-CacheRefreshExecutor-%d] DEBUG o.s.web.client.RestTemplate - Reading to [org.springframework.cloud.netflix.eureka.http.EurekaApplications]
2026-02-16 01:42:13 [AsyncResolver-bootstrap-executor-%d] INFO  c.n.d.s.r.aws.ConfigClusterResolver - Resolving eureka endpoints via configuration
2026-02-16 01:42:18 [DiscoveryClient-HeartbeatExecutor-%d] DEBUG o.s.web.client.RestTemplate - HTTP PUT http://localhost:8761/eureka/apps/AUTH-SERVICE/auth-service:8081?status=UP&lastDirtyTimestamp=1771179165566
2026-02-16 01:42:18 [DiscoveryClient-HeartbeatExecutor-%d] DEBUG o.s.web.client.RestTemplate - Accept=[application/json, application/yaml, application/*+json]
2026-02-16 01:42:18 [DiscoveryClient-HeartbeatExecutor-%d] DEBUG o.s.web.client.RestTemplate - Response 200 OK
2026-02-16 01:42:18 [DiscoveryClient-CacheRefreshExecutor-%d] DEBUG o.s.web.client.RestTemplate - HTTP GET http://localhost:8761/eureka/apps/delta
2026-02-16 01:42:18 [DiscoveryClient-CacheRefreshExecutor-%d] DEBUG o.s.web.client.RestTemplate - Accept=[application/json, application/yaml, application/*+json]
2026-02-16 01:42:18 [DiscoveryClient-CacheRefreshExecutor-%d] DEBUG o.s.web.client.RestTemplate - Response 200 OK
2026-02-16 01:42:18 [DiscoveryClient-CacheRefreshExecutor-%d] DEBUG o.s.web.client.RestTemplate - Reading to [org.springframework.cloud.netflix.eureka.http.EurekaApplications]
2026-02-16 09:28:17 [background-preinit] INFO  o.h.validator.internal.util.Version - HV000001: Hibernate Validator 8.0.2.Final
2026-02-16 09:28:18 [main] INFO  c.m.auth.AuthServiceApplication - Starting AuthServiceApplication using Java 21.0.6 with PID 13656 (C:\workspace\Medicart-FS\microservices\auth-service\target\classes started by 2460680 in C:\workspace\Medicart-FS)
2026-02-16 09:28:18 [main] DEBUG c.m.auth.AuthServiceApplication - Running with Spring Boot v3.4.2, Spring v6.2.2
2026-02-16 09:28:18 [main] INFO  c.m.auth.AuthServiceApplication - The following 1 profile is active: "dev"
2026-02-16 09:28:20 [main] INFO  o.s.d.r.c.RepositoryConfigurationDelegate - Bootstrapping Spring Data JPA repositories in DEFAULT mode.
2026-02-16 09:28:20 [main] INFO  o.s.d.r.c.RepositoryConfigurationDelegate - Finished Spring Data repository scanning in 312 ms. Found 2 JPA repository interfaces.
2026-02-16 09:28:21 [main] INFO  o.s.cloud.context.scope.GenericScope - BeanFactory id=14ed280e-cad6-398d-b0ec-f82fc2fbf6f8
2026-02-16 09:28:22 [main] INFO  o.s.b.w.e.tomcat.TomcatWebServer - Tomcat initialized with port 8081 (http)
2026-02-16 09:28:22 [main] INFO  o.a.coyote.http11.Http11NioProtocol - Initializing ProtocolHandler ["http-nio-8081"]
2026-02-16 09:28:22 [main] INFO  o.a.catalina.core.StandardService - Starting service [Tomcat]
2026-02-16 09:28:22 [main] INFO  o.a.catalina.core.StandardEngine - Starting Servlet engine: [Apache Tomcat/10.1.34]
2026-02-16 09:28:22 [main] INFO  o.a.c.c.C.[Tomcat].[localhost].[/] - Initializing Spring embedded WebApplicationContext
2026-02-16 09:28:22 [main] INFO  o.s.b.w.s.c.ServletWebServerApplicationContext - Root WebApplicationContext: initialization completed in 4486 ms
2026-02-16 09:28:22 [main] DEBUG c.m.a.s.JwtAuthenticationFilter - Filter 'jwtAuthenticationFilter' configured for use
2026-02-16 09:28:23 [main] INFO  o.h.jpa.internal.util.LogHelper - HHH000204: Processing PersistenceUnitInfo [name: default]
2026-02-16 09:28:23 [main] INFO  org.hibernate.Version - HHH000412: Hibernate ORM core version 6.6.5.Final
2026-02-16 09:28:23 [main] INFO  o.h.c.i.RegionFactoryInitiator - HHH000026: Second-level cache disabled
2026-02-16 09:28:24 [main] INFO  o.s.o.j.p.SpringPersistenceUnitInfo - No LoadTimeWeaver setup: ignoring JPA class transformer
2026-02-16 09:28:24 [main] INFO  com.zaxxer.hikari.HikariDataSource - HikariPool-1 - Starting...
2026-02-16 09:28:24 [main] INFO  com.zaxxer.hikari.pool.HikariPool - HikariPool-1 - Added connection com.mysql.cj.jdbc.ConnectionImpl@1554eaa4
2026-02-16 09:28:24 [main] INFO  com.zaxxer.hikari.HikariDataSource - HikariPool-1 - Start completed.
2026-02-16 09:28:24 [main] WARN  org.hibernate.orm.deprecation - HHH90000025: MySQL8Dialect does not need to be specified explicitly using 'hibernate.dialect' (remove the property setting and it will be selected by default)
2026-02-16 09:28:24 [main] WARN  org.hibernate.orm.deprecation - HHH90000026: MySQL8Dialect has been deprecated; use org.hibernate.dialect.MySQLDialect instead
2026-02-16 09:28:24 [main] INFO  o.hibernate.orm.connections.pooling - HHH10001005: Database info:
	Database JDBC URL [Connecting through datasource 'HikariDataSource (HikariPool-1)']
	Database driver: undefined/unknown
	Database version: 8.0
	Autocommit mode: undefined/unknown
	Isolation level: undefined/unknown
	Minimum pool size: undefined/unknown
	Maximum pool size: undefined/unknown
2026-02-16 09:28:26 [main] INFO  o.h.e.t.j.p.i.JtaPlatformInitiator - HHH000489: No JTA platform available (set 'hibernate.transaction.jta.platform' to enable JTA platform integration)
2026-02-16 09:28:26 [main] INFO  o.s.o.j.LocalContainerEntityManagerFactoryBean - Initialized JPA EntityManagerFactory for persistence unit 'default'
2026-02-16 09:28:27 [main] WARN  o.s.b.a.o.j.JpaBaseConfiguration$JpaWebConfiguration - spring.jpa.open-in-view is enabled by default. Therefore, database queries may be performed during view rendering. Explicitly configure spring.jpa.open-in-view to disable this warning
2026-02-16 09:28:27 [main] WARN  o.s.b.a.s.s.UserDetailsServiceAutoConfiguration - 

Using generated security password: a3e7ef01-bd9e-46db-b5ed-0ab06294b572

This generated password is for development use only. Your security configuration must be updated before running your application in production.

2026-02-16 09:28:27 [main] INFO  o.s.s.c.a.a.c.InitializeUserDetailsBeanManagerConfigurer$InitializeUserDetailsManagerConfigurer - Global AuthenticationManager configured with UserDetailsService bean with name inMemoryUserDetailsManager
2026-02-16 09:28:28 [main] DEBUG o.s.w.s.m.m.a.RequestMappingHandlerMapping - 25 mappings in 'requestMappingHandlerMapping'
2026-02-16 09:28:28 [main] DEBUG o.s.w.s.h.SimpleUrlHandlerMapping - Patterns [/webjars/**, /**, /swagger-ui*/*swagger-initializer.js, /swagger-ui*/**] in 'resourceHandlerMapping'
2026-02-16 09:28:28 [main] WARN  o.s.s.c.a.w.c.AuthorizeHttpRequestsConfigurer$AuthorizationManagerRequestMatcherRegistry - One of the patterns in [GET, /auth/me, /api/auth/me] is missing a leading slash. This is discouraged; please include the leading slash in all your request matcher patterns. In future versions of Spring Security, leaving out the leading slash will result in an exception.
2026-02-16 09:28:28 [main] WARN  o.s.s.c.a.w.c.AuthorizeHttpRequestsConfigurer$AuthorizationManagerRequestMatcherRegistry - One of the patterns in [GET, /auth/users, /api/auth/users] is missing a leading slash. This is discouraged; please include the leading slash in all your request matcher patterns. In future versions of Spring Security, leaving out the leading slash will result in an exception.
2026-02-16 09:28:28 [main] WARN  o.s.s.c.a.w.c.AuthorizeHttpRequestsConfigurer$AuthorizationManagerRequestMatcherRegistry - One of the patterns in [GET, /auth/users/**, /api/auth/users/**] is missing a leading slash. This is discouraged; please include the leading slash in all your request matcher patterns. In future versions of Spring Security, leaving out the leading slash will result in an exception.
2026-02-16 09:28:28 [main] WARN  o.s.s.c.a.w.c.AuthorizeHttpRequestsConfigurer$AuthorizationManagerRequestMatcherRegistry - One of the patterns in [PUT, /auth/users/**, /api/auth/users/**] is missing a leading slash. This is discouraged; please include the leading slash in all your request matcher patterns. In future versions of Spring Security, leaving out the leading slash will result in an exception.
2026-02-16 09:28:28 [main] WARN  o.s.s.c.a.w.c.AuthorizeHttpRequestsConfigurer$AuthorizationManagerRequestMatcherRegistry - One of the patterns in [DELETE, /auth/users/**, /api/auth/users/**] is missing a leading slash. This is discouraged; please include the leading slash in all your request matcher patterns. In future versions of Spring Security, leaving out the leading slash will result in an exception.
2026-02-16 09:28:28 [main] DEBUG o.s.s.web.DefaultSecurityFilterChain - Will secure any request with filters: DisableEncodeUrlFilter, WebAsyncManagerIntegrationFilter, SecurityContextHolderFilter, HeaderWriterFilter, LogoutFilter, JwtAuthenticationFilter, RequestCacheAwareFilter, SecurityContextHolderAwareRequestFilter, AnonymousAuthenticationFilter, ExceptionTranslationFilter, AuthorizationFilter
2026-02-16 09:28:28 [main] DEBUG o.s.w.s.m.m.a.RequestMappingHandlerAdapter - ControllerAdvice beans: 0 @ModelAttribute, 0 @InitBinder, 1 RequestBodyAdvice, 1 ResponseBodyAdvice
2026-02-16 09:28:29 [main] DEBUG o.s.w.s.m.m.a.ExceptionHandlerExceptionResolver - ControllerAdvice beans: 2 @ExceptionHandler, 1 ResponseBodyAdvice
2026-02-16 09:28:29 [main] WARN  o.s.s.c.a.web.builders.WebSecurity - You are asking Spring Security to ignore Deferred [Mvc [pattern='/v3/api-docs/**'], Ant [pattern='/v3/api-docs/**']]. This is not recommended -- please use permitAll via HttpSecurity#authorizeHttpRequests instead.
2026-02-16 09:28:29 [main] DEBUG o.s.s.web.DefaultSecurityFilterChain - Will not secure Deferred [Mvc [pattern='/v3/api-docs/**'], Ant [pattern='/v3/api-docs/**']]
2026-02-16 09:28:29 [main] WARN  o.s.s.c.a.web.builders.WebSecurity - You are asking Spring Security to ignore Deferred [Mvc [pattern='/swagger-ui/**'], Ant [pattern='/swagger-ui/**']]. This is not recommended -- please use permitAll via HttpSecurity#authorizeHttpRequests instead.
2026-02-16 09:28:29 [main] DEBUG o.s.s.web.DefaultSecurityFilterChain - Will not secure Deferred [Mvc [pattern='/swagger-ui/**'], Ant [pattern='/swagger-ui/**']]
2026-02-16 09:28:29 [main] WARN  o.s.s.c.a.web.builders.WebSecurity - You are asking Spring Security to ignore Deferred [Mvc [pattern='/swagger-ui.html'], Ant [pattern='/swagger-ui.html']]. This is not recommended -- please use permitAll via HttpSecurity#authorizeHttpRequests instead.
2026-02-16 09:28:29 [main] DEBUG o.s.s.web.DefaultSecurityFilterChain - Will not secure Deferred [Mvc [pattern='/swagger-ui.html'], Ant [pattern='/swagger-ui.html']]
2026-02-16 09:28:29 [main] WARN  o.s.s.c.a.web.builders.WebSecurity - You are asking Spring Security to ignore Deferred [Mvc [pattern='/webjars/**'], Ant [pattern='/webjars/**']]. This is not recommended -- please use permitAll via HttpSecurity#authorizeHttpRequests instead.
2026-02-16 09:28:29 [main] DEBUG o.s.s.web.DefaultSecurityFilterChain - Will not secure Deferred [Mvc [pattern='/webjars/**'], Ant [pattern='/webjars/**']]
2026-02-16 09:28:29 [main] INFO  o.s.c.n.e.c.DiscoveryClientOptionalArgsConfiguration - Eureka HTTP Client uses RestTemplate.
2026-02-16 09:28:29 [main] WARN  o.s.c.l.c.LoadBalancerCacheAutoConfiguration$LoadBalancerCaffeineWarnLogger - Spring Cloud LoadBalancer is currently working with the default cache. While this cache implementation is useful for development and tests, it's recommended to use Caffeine cache in production.You can switch to using Caffeine cache, by adding it and org.springframework.cache.caffeine.CaffeineCacheManager to the classpath.
2026-02-16 09:28:29 [main] INFO  o.s.c.n.eureka.InstanceInfoFactory - Setting initial instance status as: STARTING
2026-02-16 09:28:29 [main] INFO  c.netflix.discovery.DiscoveryClient - Initializing Eureka in region us-east-1
2026-02-16 09:28:29 [main] INFO  c.n.d.s.r.aws.ConfigClusterResolver - Resolving eureka endpoints via configuration
2026-02-16 09:28:29 [main] INFO  c.netflix.discovery.DiscoveryClient - Disable delta property : false
2026-02-16 09:28:29 [main] INFO  c.netflix.discovery.DiscoveryClient - Single vip registry refresh property : null
2026-02-16 09:28:29 [main] INFO  c.netflix.discovery.DiscoveryClient - Force full registry fetch : false
2026-02-16 09:28:29 [main] INFO  c.netflix.discovery.DiscoveryClient - Application is null : false
2026-02-16 09:28:29 [main] INFO  c.netflix.discovery.DiscoveryClient - Registered Applications size is zero : true
2026-02-16 09:28:29 [main] INFO  c.netflix.discovery.DiscoveryClient - Application version is -1: true
2026-02-16 09:28:29 [main] INFO  c.netflix.discovery.DiscoveryClient - Getting all instance registry info from the eureka server
2026-02-16 09:28:30 [main] DEBUG o.s.web.client.RestTemplate - HTTP GET http://localhost:8761/eureka/apps/
2026-02-16 09:28:30 [main] DEBUG o.s.web.client.RestTemplate - Accept=[application/json, application/yaml, application/*+json]
2026-02-16 09:28:30 [main] DEBUG o.s.web.client.RestTemplate - Response 200 OK
2026-02-16 09:28:30 [main] DEBUG o.s.web.client.RestTemplate - Reading to [org.springframework.cloud.netflix.eureka.http.EurekaApplications]
2026-02-16 09:28:30 [main] INFO  c.netflix.discovery.DiscoveryClient - The response status is 200
2026-02-16 09:28:30 [main] INFO  c.netflix.discovery.DiscoveryClient - Starting heartbeat executor: renew interval is: 30
2026-02-16 09:28:30 [main] INFO  c.n.discovery.InstanceInfoReplicator - InstanceInfoReplicator onDemand update allowed rate per min is 4
2026-02-16 09:28:30 [main] INFO  c.netflix.discovery.DiscoveryClient - Discovery Client initialized at timestamp 1771214310683 with initial instances count: 4
2026-02-16 09:28:30 [main] INFO  o.s.c.n.e.s.EurekaServiceRegistry - Registering application AUTH-SERVICE with eureka with status UP
2026-02-16 09:28:30 [main] INFO  c.netflix.discovery.DiscoveryClient - Saw local status change event StatusChangeEvent [timestamp=1771214310692, current=UP, previous=STARTING]
2026-02-16 09:28:30 [main] INFO  o.a.coyote.http11.Http11NioProtocol - Starting ProtocolHandler ["http-nio-8081"]
2026-02-16 09:28:30 [DiscoveryClient-InstanceInfoReplicator-%d] INFO  c.netflix.discovery.DiscoveryClient - DiscoveryClient_AUTH-SERVICE/auth-service:8081: registering service...
2026-02-16 09:28:30 [DiscoveryClient-InstanceInfoReplicator-%d] DEBUG o.s.web.client.RestTemplate - HTTP POST http://localhost:8761/eureka/apps/AUTH-SERVICE
2026-02-16 09:28:30 [DiscoveryClient-InstanceInfoReplicator-%d] DEBUG o.s.web.client.RestTemplate - Accept=[application/json, application/yaml, application/*+json]
2026-02-16 09:28:30 [main] INFO  o.s.b.w.e.tomcat.TomcatWebServer - Tomcat started on port 8081 (http) with context path '/'
2026-02-16 09:28:30 [main] INFO  o.s.c.n.e.s.EurekaAutoServiceRegistration - Updating port to 8081
2026-02-16 09:28:30 [DiscoveryClient-InstanceInfoReplicator-%d] DEBUG o.s.web.client.RestTemplate - Writing [InstanceInfo [instanceId = auth-service:8081, appName = AUTH-SERVICE, hostName = localhost, status = UP, ipAddr = 10.96.254.147, port = 8081, securePort = 443, dataCenterInfo = com.netflix.appinfo.MyDataCenterInfo@7e1f88e2] as "application/json"
2026-02-16 09:28:30 [main] INFO  c.m.auth.AuthServiceApplication - Started AuthServiceApplication in 14.06 seconds (process running for 15.219)
2026-02-16 09:28:30 [main] INFO  c.m.auth.config.DataInitializer - Starting application data initialization...
2026-02-16 09:28:30 [DiscoveryClient-InstanceInfoReplicator-%d] DEBUG o.s.web.client.RestTemplate - Response 204 NO_CONTENT
2026-02-16 09:28:30 [DiscoveryClient-InstanceInfoReplicator-%d] INFO  c.netflix.discovery.DiscoveryClient - DiscoveryClient_AUTH-SERVICE/auth-service:8081 - registration status: 204
2026-02-16 09:28:31 [main] INFO  c.m.auth.config.DataInitializer - Admin user already exists
2026-02-16 09:28:31 [main] INFO  c.m.auth.config.DataInitializer - Application data initialization completed.
2026-02-16 09:29:00 [DiscoveryClient-CacheRefreshExecutor-%d] DEBUG o.s.web.client.RestTemplate - HTTP GET http://localhost:8761/eureka/apps/delta
2026-02-16 09:29:00 [DiscoveryClient-CacheRefreshExecutor-%d] DEBUG o.s.web.client.RestTemplate - Accept=[application/json, application/yaml, application/*+json]
2026-02-16 09:29:00 [DiscoveryClient-HeartbeatExecutor-%d] DEBUG o.s.web.client.RestTemplate - HTTP PUT http://localhost:8761/eureka/apps/AUTH-SERVICE/auth-service:8081?status=UP&lastDirtyTimestamp=1771214310691
2026-02-16 09:29:00 [DiscoveryClient-CacheRefreshExecutor-%d] DEBUG o.s.web.client.RestTemplate - Response 200 OK
2026-02-16 09:29:00 [DiscoveryClient-CacheRefreshExecutor-%d] DEBUG o.s.web.client.RestTemplate - Reading to [org.springframework.cloud.netflix.eureka.http.EurekaApplications]
2026-02-16 09:29:00 [DiscoveryClient-HeartbeatExecutor-%d] DEBUG o.s.web.client.RestTemplate - Accept=[application/json, application/yaml, application/*+json]
2026-02-16 09:29:00 [DiscoveryClient-HeartbeatExecutor-%d] DEBUG o.s.web.client.RestTemplate - Response 200 OK
2026-02-16 09:29:30 [DiscoveryClient-CacheRefreshExecutor-%d] DEBUG o.s.web.client.RestTemplate - HTTP GET http://localhost:8761/eureka/apps/delta
2026-02-16 09:29:30 [DiscoveryClient-CacheRefreshExecutor-%d] DEBUG o.s.web.client.RestTemplate - Accept=[application/json, application/yaml, application/*+json]
2026-02-16 09:29:30 [DiscoveryClient-CacheRefreshExecutor-%d] DEBUG o.s.web.client.RestTemplate - Response 200 OK
2026-02-16 09:29:30 [DiscoveryClient-CacheRefreshExecutor-%d] DEBUG o.s.web.client.RestTemplate - Reading to [org.springframework.cloud.netflix.eureka.http.EurekaApplications]
2026-02-16 09:29:30 [DiscoveryClient-HeartbeatExecutor-%d] DEBUG o.s.web.client.RestTemplate - HTTP PUT http://localhost:8761/eureka/apps/AUTH-SERVICE/auth-service:8081?status=UP&lastDirtyTimestamp=1771214310691
2026-02-16 09:29:30 [DiscoveryClient-HeartbeatExecutor-%d] DEBUG o.s.web.client.RestTemplate - Accept=[application/json, application/yaml, application/*+json]
2026-02-16 09:29:30 [DiscoveryClient-HeartbeatExecutor-%d] DEBUG o.s.web.client.RestTemplate - Response 200 OK
2026-02-16 09:30:00 [DiscoveryClient-CacheRefreshExecutor-%d] DEBUG o.s.web.client.RestTemplate - HTTP GET http://localhost:8761/eureka/apps/delta
2026-02-16 09:30:00 [DiscoveryClient-CacheRefreshExecutor-%d] DEBUG o.s.web.client.RestTemplate - Accept=[application/json, application/yaml, application/*+json]
2026-02-16 09:30:00 [DiscoveryClient-HeartbeatExecutor-%d] DEBUG o.s.web.client.RestTemplate - HTTP PUT http://localhost:8761/eureka/apps/AUTH-SERVICE/auth-service:8081?status=UP&lastDirtyTimestamp=1771214310691
2026-02-16 09:30:00 [DiscoveryClient-HeartbeatExecutor-%d] DEBUG o.s.web.client.RestTemplate - Accept=[application/json, application/yaml, application/*+json]
2026-02-16 09:30:00 [DiscoveryClient-CacheRefreshExecutor-%d] DEBUG o.s.web.client.RestTemplate - Response 200 OK
2026-02-16 09:30:00 [DiscoveryClient-CacheRefreshExecutor-%d] DEBUG o.s.web.client.RestTemplate - Reading to [org.springframework.cloud.netflix.eureka.http.EurekaApplications]
2026-02-16 09:30:00 [DiscoveryClient-HeartbeatExecutor-%d] DEBUG o.s.web.client.RestTemplate - Response 200 OK
2026-02-16 09:30:05 [http-nio-8081-exec-1] INFO  o.a.c.c.C.[Tomcat].[localhost].[/] - Initializing Spring DispatcherServlet 'dispatcherServlet'
2026-02-16 09:30:05 [http-nio-8081-exec-1] INFO  o.s.web.servlet.DispatcherServlet - Initializing Servlet 'dispatcherServlet'
2026-02-16 09:30:05 [http-nio-8081-exec-1] DEBUG o.s.web.servlet.DispatcherServlet - Detected StandardServletMultipartResolver
2026-02-16 09:30:05 [http-nio-8081-exec-1] DEBUG o.s.web.servlet.DispatcherServlet - Detected AcceptHeaderLocaleResolver
2026-02-16 09:30:05 [http-nio-8081-exec-1] DEBUG o.s.web.servlet.DispatcherServlet - Detected FixedThemeResolver
2026-02-16 09:30:05 [http-nio-8081-exec-1] DEBUG o.s.web.servlet.DispatcherServlet - Detected org.springframework.web.servlet.view.DefaultRequestToViewNameTranslator@7f746160
2026-02-16 09:30:05 [http-nio-8081-exec-1] DEBUG o.s.web.servlet.DispatcherServlet - Detected org.springframework.web.servlet.support.SessionFlashMapManager@24e0bdb
2026-02-16 09:30:05 [http-nio-8081-exec-1] DEBUG o.s.web.servlet.DispatcherServlet - enableLoggingRequestDetails='false': request parameters and headers will be masked to prevent unsafe logging of potentially sensitive data
2026-02-16 09:30:05 [http-nio-8081-exec-1] INFO  o.s.web.servlet.DispatcherServlet - Completed initialization in 10 ms
2026-02-16 09:30:05 [http-nio-8081-exec-1] DEBUG o.s.security.web.FilterChainProxy - Securing POST /auth/login
2026-02-16 09:30:05 [http-nio-8081-exec-1] DEBUG c.m.a.s.JwtAuthenticationFilter - No Authorization header present for request /auth/login
2026-02-16 09:30:05 [http-nio-8081-exec-1] DEBUG o.s.security.web.FilterChainProxy - Secured POST /auth/login
2026-02-16 09:30:05 [http-nio-8081-exec-1] DEBUG o.s.web.servlet.DispatcherServlet - POST "/auth/login", parameters={}
2026-02-16 09:30:05 [http-nio-8081-exec-1] DEBUG o.s.w.s.m.m.a.RequestMappingHandlerMapping - Mapped to com.medicart.auth.controller.AuthController#login(LoginRequest)
2026-02-16 09:30:05 [http-nio-8081-exec-1] DEBUG o.s.w.s.m.m.a.RequestResponseBodyMethodProcessor - Read "application/json;charset=UTF-8" to [LoginRequest(email=rohinrajsingh009@gmail.com, password=Rohin@123)]
2026-02-16 09:30:05 [http-nio-8081-exec-1] INFO  c.medicart.auth.service.AuthService - Login attempt for email: rohinrajsingh009@gmail.com
2026-02-16 09:30:05 [http-nio-8081-exec-1] INFO  c.medicart.auth.service.AuthService - Login successful - userId: 3, role: ROLE_USER
2026-02-16 09:30:05 [http-nio-8081-exec-1] DEBUG o.s.w.s.m.m.a.HttpEntityMethodProcessor - Using 'application/json', given [application/json, text/plain, */*] and supported [application/json, application/*+json, application/yaml]
2026-02-16 09:30:05 [http-nio-8081-exec-1] DEBUG o.s.w.s.m.m.a.HttpEntityMethodProcessor - Writing [LoginResponse(userId=3, email=rohinrajsingh009@gmail.com, fullName=Shahid, token=eyJhbGciOiJIUzM4NCJ (truncated)...]
2026-02-16 09:30:06 [http-nio-8081-exec-1] DEBUG o.s.web.servlet.DispatcherServlet - Completed 200 OK
2026-02-16 09:30:06 [http-nio-8081-exec-1] DEBUG o.s.s.w.a.AnonymousAuthenticationFilter - Set SecurityContextHolder to anonymous SecurityContext
2026-02-16 09:30:30 [DiscoveryClient-CacheRefreshExecutor-%d] DEBUG o.s.web.client.RestTemplate - HTTP GET http://localhost:8761/eureka/apps/delta
2026-02-16 09:30:30 [DiscoveryClient-CacheRefreshExecutor-%d] DEBUG o.s.web.client.RestTemplate - Accept=[application/json, application/yaml, application/*+json]
2026-02-16 09:30:30 [DiscoveryClient-HeartbeatExecutor-%d] DEBUG o.s.web.client.RestTemplate - HTTP PUT http://localhost:8761/eureka/apps/AUTH-SERVICE/auth-service:8081?status=UP&lastDirtyTimestamp=1771214310691
2026-02-16 09:30:30 [DiscoveryClient-HeartbeatExecutor-%d] DEBUG o.s.web.client.RestTemplate - Accept=[application/json, application/yaml, application/*+json]
2026-02-16 09:30:30 [DiscoveryClient-CacheRefreshExecutor-%d] DEBUG o.s.web.client.RestTemplate - Response 200 OK
2026-02-16 09:30:30 [DiscoveryClient-CacheRefreshExecutor-%d] DEBUG o.s.web.client.RestTemplate - Reading to [org.springframework.cloud.netflix.eureka.http.EurekaApplications]
2026-02-16 09:30:30 [DiscoveryClient-HeartbeatExecutor-%d] DEBUG o.s.web.client.RestTemplate - Response 200 OK
2026-02-16 09:31:00 [DiscoveryClient-CacheRefreshExecutor-%d] DEBUG o.s.web.client.RestTemplate - HTTP GET http://localhost:8761/eureka/apps/delta
2026-02-16 09:31:00 [DiscoveryClient-HeartbeatExecutor-%d] DEBUG o.s.web.client.RestTemplate - HTTP PUT http://localhost:8761/eureka/apps/AUTH-SERVICE/auth-service:8081?status=UP&lastDirtyTimestamp=1771214310691
2026-02-16 09:31:00 [DiscoveryClient-HeartbeatExecutor-%d] DEBUG o.s.web.client.RestTemplate - Accept=[application/json, application/yaml, application/*+json]
2026-02-16 09:31:00 [DiscoveryClient-CacheRefreshExecutor-%d] DEBUG o.s.web.client.RestTemplate - Accept=[application/json, application/yaml, application/*+json]
2026-02-16 09:31:00 [DiscoveryClient-HeartbeatExecutor-%d] DEBUG o.s.web.client.RestTemplate - Response 200 OK
2026-02-16 09:31:00 [DiscoveryClient-CacheRefreshExecutor-%d] DEBUG o.s.web.client.RestTemplate - Response 200 OK
2026-02-16 09:31:00 [DiscoveryClient-CacheRefreshExecutor-%d] DEBUG o.s.web.client.RestTemplate - Reading to [org.springframework.cloud.netflix.eureka.http.EurekaApplications]
2026-02-16 09:31:30 [DiscoveryClient-HeartbeatExecutor-%d] DEBUG o.s.web.client.RestTemplate - HTTP PUT http://localhost:8761/eureka/apps/AUTH-SERVICE/auth-service:8081?status=UP&lastDirtyTimestamp=1771214310691
2026-02-16 09:31:30 [DiscoveryClient-HeartbeatExecutor-%d] DEBUG o.s.web.client.RestTemplate - Accept=[application/json, application/yaml, application/*+json]
2026-02-16 09:31:30 [DiscoveryClient-CacheRefreshExecutor-%d] DEBUG o.s.web.client.RestTemplate - HTTP GET http://localhost:8761/eureka/apps/delta
2026-02-16 09:31:30 [DiscoveryClient-CacheRefreshExecutor-%d] DEBUG o.s.web.client.RestTemplate - Accept=[application/json, application/yaml, application/*+json]
2026-02-16 09:31:30 [DiscoveryClient-HeartbeatExecutor-%d] DEBUG o.s.web.client.RestTemplate - Response 200 OK
2026-02-16 09:31:30 [DiscoveryClient-CacheRefreshExecutor-%d] DEBUG o.s.web.client.RestTemplate - Response 200 OK
2026-02-16 09:31:30 [DiscoveryClient-CacheRefreshExecutor-%d] DEBUG o.s.web.client.RestTemplate - Reading to [org.springframework.cloud.netflix.eureka.http.EurekaApplications]
2026-02-16 09:32:00 [DiscoveryClient-HeartbeatExecutor-%d] DEBUG o.s.web.client.RestTemplate - HTTP PUT http://localhost:8761/eureka/apps/AUTH-SERVICE/auth-service:8081?status=UP&lastDirtyTimestamp=1771214310691
2026-02-16 09:32:00 [DiscoveryClient-CacheRefreshExecutor-%d] DEBUG o.s.web.client.RestTemplate - HTTP GET http://localhost:8761/eureka/apps/delta
2026-02-16 09:32:00 [DiscoveryClient-CacheRefreshExecutor-%d] DEBUG o.s.web.client.RestTemplate - Accept=[application/json, application/yaml, application/*+json]
2026-02-16 09:32:00 [DiscoveryClient-HeartbeatExecutor-%d] DEBUG o.s.web.client.RestTemplate - Accept=[application/json, application/yaml, application/*+json]
2026-02-16 09:32:00 [DiscoveryClient-HeartbeatExecutor-%d] DEBUG o.s.web.client.RestTemplate - Response 200 OK
2026-02-16 09:32:00 [DiscoveryClient-CacheRefreshExecutor-%d] DEBUG o.s.web.client.RestTemplate - Response 200 OK
2026-02-16 09:32:00 [DiscoveryClient-CacheRefreshExecutor-%d] DEBUG o.s.web.client.RestTemplate - Reading to [org.springframework.cloud.netflix.eureka.http.EurekaApplications]
2026-02-16 09:32:29 [http-nio-8081-exec-3] DEBUG o.s.security.web.FilterChainProxy - Securing POST /auth/login
2026-02-16 09:32:29 [http-nio-8081-exec-3] DEBUG c.m.a.s.JwtAuthenticationFilter - JWT valid - path: /auth/login, email: rohinrajsingh009@gmail.com, role: ROLE_USER, userId: 3
2026-02-16 09:32:29 [http-nio-8081-exec-3] DEBUG o.s.security.web.FilterChainProxy - Secured POST /auth/login
2026-02-16 09:32:29 [http-nio-8081-exec-3] DEBUG o.s.web.servlet.DispatcherServlet - POST "/auth/login", parameters={}
2026-02-16 09:32:29 [http-nio-8081-exec-3] DEBUG o.s.w.s.m.m.a.RequestMappingHandlerMapping - Mapped to com.medicart.auth.controller.AuthController#login(LoginRequest)
2026-02-16 09:32:29 [http-nio-8081-exec-3] DEBUG o.s.w.s.m.m.a.RequestResponseBodyMethodProcessor - Read "application/json;charset=UTF-8" to [LoginRequest(email=admin@medicart.com, password=admin123)]
2026-02-16 09:32:29 [http-nio-8081-exec-3] INFO  c.medicart.auth.service.AuthService - Login attempt for email: admin@medicart.com
2026-02-16 09:32:29 [http-nio-8081-exec-3] INFO  c.medicart.auth.service.AuthService - Login successful - userId: 4, role: ROLE_ADMIN
2026-02-16 09:32:29 [http-nio-8081-exec-3] DEBUG o.s.w.s.m.m.a.HttpEntityMethodProcessor - Using 'application/json', given [application/json, text/plain, */*] and supported [application/json, application/*+json, application/yaml]
2026-02-16 09:32:29 [http-nio-8081-exec-3] DEBUG o.s.w.s.m.m.a.HttpEntityMethodProcessor - Writing [LoginResponse(userId=4, email=admin@medicart.com, fullName=Administrator, token=eyJhbGciOiJIUzM4NCJ9 (truncated)...]
2026-02-16 09:32:29 [http-nio-8081-exec-3] DEBUG o.s.web.servlet.DispatcherServlet - Completed 200 OK
2026-02-16 09:32:30 [http-nio-8081-exec-4] DEBUG o.s.security.web.FilterChainProxy - Securing GET /auth/analytics/user-counts
2026-02-16 09:32:30 [http-nio-8081-exec-4] DEBUG c.m.a.s.JwtAuthenticationFilter - No Authorization header present for request /auth/analytics/user-counts
2026-02-16 09:32:30 [http-nio-8081-exec-4] DEBUG o.s.security.web.FilterChainProxy - Secured GET /auth/analytics/user-counts
2026-02-16 09:32:30 [http-nio-8081-exec-4] DEBUG o.s.web.servlet.DispatcherServlet - GET "/auth/analytics/user-counts", parameters={}
2026-02-16 09:32:30 [http-nio-8081-exec-4] DEBUG o.s.w.s.m.m.a.RequestMappingHandlerMapping - Mapped to com.medicart.auth.controller.AuthAnalyticsController#getUserCounts()
2026-02-16 09:32:30 [http-nio-8081-exec-4] INFO  c.m.a.c.AuthAnalyticsController - GET /auth/analytics/user-counts
2026-02-16 09:32:30 [DiscoveryClient-CacheRefreshExecutor-%d] DEBUG o.s.web.client.RestTemplate - HTTP GET http://localhost:8761/eureka/apps/delta
2026-02-16 09:32:30 [DiscoveryClient-HeartbeatExecutor-%d] DEBUG o.s.web.client.RestTemplate - HTTP PUT http://localhost:8761/eureka/apps/AUTH-SERVICE/auth-service:8081?status=UP&lastDirtyTimestamp=1771214310691
2026-02-16 09:32:30 [DiscoveryClient-HeartbeatExecutor-%d] DEBUG o.s.web.client.RestTemplate - Accept=[application/json, application/yaml, application/*+json]
2026-02-16 09:32:30 [DiscoveryClient-CacheRefreshExecutor-%d] DEBUG o.s.web.client.RestTemplate - Accept=[application/json, application/yaml, application/*+json]
2026-02-16 09:32:30 [DiscoveryClient-CacheRefreshExecutor-%d] DEBUG o.s.web.client.RestTemplate - Response 200 OK
2026-02-16 09:32:30 [DiscoveryClient-HeartbeatExecutor-%d] DEBUG o.s.web.client.RestTemplate - Response 200 OK
2026-02-16 09:32:30 [DiscoveryClient-CacheRefreshExecutor-%d] DEBUG o.s.web.client.RestTemplate - Reading to [org.springframework.cloud.netflix.eureka.http.EurekaApplications]
2026-02-16 09:32:31 [http-nio-8081-exec-4] DEBUG o.s.w.s.m.m.a.HttpEntityMethodProcessor - Using 'application/json', given [*/*] and supported [application/json, application/*+json, application/yaml]
2026-02-16 09:32:31 [http-nio-8081-exec-4] DEBUG o.s.w.s.m.m.a.HttpEntityMethodProcessor - Writing [{usersThisMonth=3, usersThisYear=3, usersToday=0, totalUsers=3, usersThisWeek=0}]
2026-02-16 09:32:31 [http-nio-8081-exec-4] DEBUG o.s.web.servlet.DispatcherServlet - Completed 200 OK
2026-02-16 09:32:31 [http-nio-8081-exec-4] DEBUG o.s.s.w.a.AnonymousAuthenticationFilter - Set SecurityContextHolder to anonymous SecurityContext
2026-02-16 09:33:00 [http-nio-8081-exec-5] DEBUG o.s.security.web.FilterChainProxy - Securing GET /auth/analytics/user-counts
2026-02-16 09:33:00 [http-nio-8081-exec-5] DEBUG c.m.a.s.JwtAuthenticationFilter - No Authorization header present for request /auth/analytics/user-counts
2026-02-16 09:33:00 [http-nio-8081-exec-5] DEBUG o.s.security.web.FilterChainProxy - Secured GET /auth/analytics/user-counts
2026-02-16 09:33:00 [http-nio-8081-exec-5] DEBUG o.s.web.servlet.DispatcherServlet - GET "/auth/analytics/user-counts", parameters={}
2026-02-16 09:33:00 [http-nio-8081-exec-5] DEBUG o.s.w.s.m.m.a.RequestMappingHandlerMapping - Mapped to com.medicart.auth.controller.AuthAnalyticsController#getUserCounts()
2026-02-16 09:33:00 [http-nio-8081-exec-5] INFO  c.m.a.c.AuthAnalyticsController - GET /auth/analytics/user-counts
2026-02-16 09:33:00 [http-nio-8081-exec-5] DEBUG o.s.w.s.m.m.a.HttpEntityMethodProcessor - Using 'application/json', given [*/*] and supported [application/json, application/*+json, application/yaml]
2026-02-16 09:33:00 [http-nio-8081-exec-5] DEBUG o.s.w.s.m.m.a.HttpEntityMethodProcessor - Writing [{usersThisMonth=3, usersThisYear=3, usersToday=0, totalUsers=3, usersThisWeek=0}]
2026-02-16 09:33:00 [http-nio-8081-exec-5] DEBUG o.s.web.servlet.DispatcherServlet - Completed 200 OK
2026-02-16 09:33:00 [http-nio-8081-exec-5] DEBUG o.s.s.w.a.AnonymousAuthenticationFilter - Set SecurityContextHolder to anonymous SecurityContext
2026-02-16 09:33:00 [DiscoveryClient-HeartbeatExecutor-%d] DEBUG o.s.web.client.RestTemplate - HTTP PUT http://localhost:8761/eureka/apps/AUTH-SERVICE/auth-service:8081?status=UP&lastDirtyTimestamp=1771214310691
2026-02-16 09:33:00 [DiscoveryClient-CacheRefreshExecutor-%d] DEBUG o.s.web.client.RestTemplate - HTTP GET http://localhost:8761/eureka/apps/delta
2026-02-16 09:33:00 [DiscoveryClient-CacheRefreshExecutor-%d] DEBUG o.s.web.client.RestTemplate - Accept=[application/json, application/yaml, application/*+json]
2026-02-16 09:33:00 [DiscoveryClient-HeartbeatExecutor-%d] DEBUG o.s.web.client.RestTemplate - Accept=[application/json, application/yaml, application/*+json]
2026-02-16 09:33:00 [DiscoveryClient-HeartbeatExecutor-%d] DEBUG o.s.web.client.RestTemplate - Response 200 OK
2026-02-16 09:33:00 [DiscoveryClient-CacheRefreshExecutor-%d] DEBUG o.s.web.client.RestTemplate - Response 200 OK
2026-02-16 09:33:00 [DiscoveryClient-CacheRefreshExecutor-%d] DEBUG o.s.web.client.RestTemplate - Reading to [org.springframework.cloud.netflix.eureka.http.EurekaApplications]
2026-02-16 09:33:29 [AsyncResolver-bootstrap-executor-%d] INFO  c.n.d.s.r.aws.ConfigClusterResolver - Resolving eureka endpoints via configuration
2026-02-16 09:33:30 [http-nio-8081-exec-6] DEBUG o.s.security.web.FilterChainProxy - Securing GET /auth/analytics/user-counts
2026-02-16 09:33:30 [http-nio-8081-exec-6] DEBUG c.m.a.s.JwtAuthenticationFilter - No Authorization header present for request /auth/analytics/user-counts
2026-02-16 09:33:30 [http-nio-8081-exec-6] DEBUG o.s.security.web.FilterChainProxy - Secured GET /auth/analytics/user-counts
2026-02-16 09:33:30 [http-nio-8081-exec-6] DEBUG o.s.web.servlet.DispatcherServlet - GET "/auth/analytics/user-counts", parameters={}
2026-02-16 09:33:30 [http-nio-8081-exec-6] DEBUG o.s.w.s.m.m.a.RequestMappingHandlerMapping - Mapped to com.medicart.auth.controller.AuthAnalyticsController#getUserCounts()
2026-02-16 09:33:30 [http-nio-8081-exec-6] INFO  c.m.a.c.AuthAnalyticsController - GET /auth/analytics/user-counts
2026-02-16 09:33:30 [http-nio-8081-exec-6] DEBUG o.s.w.s.m.m.a.HttpEntityMethodProcessor - Using 'application/json', given [*/*] and supported [application/json, application/*+json, application/yaml]
2026-02-16 09:33:30 [http-nio-8081-exec-6] DEBUG o.s.w.s.m.m.a.HttpEntityMethodProcessor - Writing [{usersThisMonth=3, usersThisYear=3, usersToday=0, totalUsers=3, usersThisWeek=0}]
2026-02-16 09:33:30 [http-nio-8081-exec-6] DEBUG o.s.web.servlet.DispatcherServlet - Completed 200 OK
2026-02-16 09:33:30 [http-nio-8081-exec-6] DEBUG o.s.s.w.a.AnonymousAuthenticationFilter - Set SecurityContextHolder to anonymous SecurityContext
2026-02-16 09:33:30 [DiscoveryClient-CacheRefreshExecutor-%d] DEBUG o.s.web.client.RestTemplate - HTTP GET http://localhost:8761/eureka/apps/delta
2026-02-16 09:33:30 [DiscoveryClient-HeartbeatExecutor-%d] DEBUG o.s.web.client.RestTemplate - HTTP PUT http://localhost:8761/eureka/apps/AUTH-SERVICE/auth-service:8081?status=UP&lastDirtyTimestamp=1771214310691
2026-02-16 09:33:30 [DiscoveryClient-HeartbeatExecutor-%d] DEBUG o.s.web.client.RestTemplate - Accept=[application/json, application/yaml, application/*+json]
2026-02-16 09:33:30 [DiscoveryClient-CacheRefreshExecutor-%d] DEBUG o.s.web.client.RestTemplate - Accept=[application/json, application/yaml, application/*+json]
2026-02-16 09:33:30 [DiscoveryClient-CacheRefreshExecutor-%d] DEBUG o.s.web.client.RestTemplate - Response 200 OK
2026-02-16 09:33:30 [DiscoveryClient-HeartbeatExecutor-%d] DEBUG o.s.web.client.RestTemplate - Response 200 OK
2026-02-16 09:33:30 [DiscoveryClient-CacheRefreshExecutor-%d] DEBUG o.s.web.client.RestTemplate - Reading to [org.springframework.cloud.netflix.eureka.http.EurekaApplications]
2026-02-16 09:34:00 [http-nio-8081-exec-8] DEBUG o.s.security.web.FilterChainProxy - Securing GET /auth/analytics/user-counts
2026-02-16 09:34:00 [http-nio-8081-exec-8] DEBUG c.m.a.s.JwtAuthenticationFilter - No Authorization header present for request /auth/analytics/user-counts
2026-02-16 09:34:00 [http-nio-8081-exec-8] DEBUG o.s.security.web.FilterChainProxy - Secured GET /auth/analytics/user-counts
2026-02-16 09:34:00 [http-nio-8081-exec-8] DEBUG o.s.web.servlet.DispatcherServlet - GET "/auth/analytics/user-counts", parameters={}
2026-02-16 09:34:00 [http-nio-8081-exec-8] DEBUG o.s.w.s.m.m.a.RequestMappingHandlerMapping - Mapped to com.medicart.auth.controller.AuthAnalyticsController#getUserCounts()
2026-02-16 09:34:00 [http-nio-8081-exec-8] INFO  c.m.a.c.AuthAnalyticsController - GET /auth/analytics/user-counts
2026-02-16 09:34:00 [http-nio-8081-exec-8] DEBUG o.s.w.s.m.m.a.HttpEntityMethodProcessor - Using 'application/json', given [*/*] and supported [application/json, application/*+json, application/yaml]
2026-02-16 09:34:00 [http-nio-8081-exec-8] DEBUG o.s.w.s.m.m.a.HttpEntityMethodProcessor - Writing [{usersThisMonth=3, usersThisYear=3, usersToday=0, totalUsers=3, usersThisWeek=0}]
2026-02-16 09:34:00 [http-nio-8081-exec-8] DEBUG o.s.web.servlet.DispatcherServlet - Completed 200 OK
2026-02-16 09:34:00 [http-nio-8081-exec-8] DEBUG o.s.s.w.a.AnonymousAuthenticationFilter - Set SecurityContextHolder to anonymous SecurityContext
2026-02-16 09:34:00 [DiscoveryClient-CacheRefreshExecutor-%d] DEBUG o.s.web.client.RestTemplate - HTTP GET http://localhost:8761/eureka/apps/delta
2026-02-16 09:34:00 [DiscoveryClient-HeartbeatExecutor-%d] DEBUG o.s.web.client.RestTemplate - HTTP PUT http://localhost:8761/eureka/apps/AUTH-SERVICE/auth-service:8081?status=UP&lastDirtyTimestamp=1771214310691
2026-02-16 09:34:00 [DiscoveryClient-CacheRefreshExecutor-%d] DEBUG o.s.web.client.RestTemplate - Accept=[application/json, application/yaml, application/*+json]
2026-02-16 09:34:00 [DiscoveryClient-HeartbeatExecutor-%d] DEBUG o.s.web.client.RestTemplate - Accept=[application/json, application/yaml, application/*+json]
2026-02-16 09:34:00 [DiscoveryClient-HeartbeatExecutor-%d] DEBUG o.s.web.client.RestTemplate - Response 200 OK
2026-02-16 09:34:00 [DiscoveryClient-CacheRefreshExecutor-%d] DEBUG o.s.web.client.RestTemplate - Response 200 OK
2026-02-16 09:34:00 [DiscoveryClient-CacheRefreshExecutor-%d] DEBUG o.s.web.client.RestTemplate - Reading to [org.springframework.cloud.netflix.eureka.http.EurekaApplications]
2026-02-16 09:34:30 [http-nio-8081-exec-9] DEBUG o.s.security.web.FilterChainProxy - Securing GET /auth/analytics/user-counts
2026-02-16 09:34:30 [http-nio-8081-exec-9] DEBUG c.m.a.s.JwtAuthenticationFilter - No Authorization header present for request /auth/analytics/user-counts
2026-02-16 09:34:30 [http-nio-8081-exec-9] DEBUG o.s.security.web.FilterChainProxy - Secured GET /auth/analytics/user-counts
2026-02-16 09:34:30 [http-nio-8081-exec-9] DEBUG o.s.web.servlet.DispatcherServlet - GET "/auth/analytics/user-counts", parameters={}
2026-02-16 09:34:30 [http-nio-8081-exec-9] DEBUG o.s.w.s.m.m.a.RequestMappingHandlerMapping - Mapped to com.medicart.auth.controller.AuthAnalyticsController#getUserCounts()
2026-02-16 09:34:30 [http-nio-8081-exec-9] INFO  c.m.a.c.AuthAnalyticsController - GET /auth/analytics/user-counts
2026-02-16 09:34:30 [http-nio-8081-exec-9] DEBUG o.s.w.s.m.m.a.HttpEntityMethodProcessor - Using 'application/json', given [*/*] and supported [application/json, application/*+json, application/yaml]
2026-02-16 09:34:30 [http-nio-8081-exec-9] DEBUG o.s.w.s.m.m.a.HttpEntityMethodProcessor - Writing [{usersThisMonth=3, usersThisYear=3, usersToday=0, totalUsers=3, usersThisWeek=0}]
2026-02-16 09:34:30 [http-nio-8081-exec-9] DEBUG o.s.web.servlet.DispatcherServlet - Completed 200 OK
2026-02-16 09:34:30 [http-nio-8081-exec-9] DEBUG o.s.s.w.a.AnonymousAuthenticationFilter - Set SecurityContextHolder to anonymous SecurityContext
2026-02-16 09:34:30 [DiscoveryClient-CacheRefreshExecutor-%d] DEBUG o.s.web.client.RestTemplate - HTTP GET http://localhost:8761/eureka/apps/delta
2026-02-16 09:34:30 [DiscoveryClient-HeartbeatExecutor-%d] DEBUG o.s.web.client.RestTemplate - HTTP PUT http://localhost:8761/eureka/apps/AUTH-SERVICE/auth-service:8081?status=UP&lastDirtyTimestamp=1771214310691
2026-02-16 09:34:30 [DiscoveryClient-HeartbeatExecutor-%d] DEBUG o.s.web.client.RestTemplate - Accept=[application/json, application/yaml, application/*+json]
2026-02-16 09:34:30 [DiscoveryClient-CacheRefreshExecutor-%d] DEBUG o.s.web.client.RestTemplate - Accept=[application/json, application/yaml, application/*+json]
2026-02-16 09:34:31 [DiscoveryClient-CacheRefreshExecutor-%d] DEBUG o.s.web.client.RestTemplate - Response 200 OK
2026-02-16 09:34:31 [DiscoveryClient-HeartbeatExecutor-%d] DEBUG o.s.web.client.RestTemplate - Response 200 OK
2026-02-16 09:34:31 [DiscoveryClient-CacheRefreshExecutor-%d] DEBUG o.s.web.client.RestTemplate - Reading to [org.springframework.cloud.netflix.eureka.http.EurekaApplications]
2026-02-16 09:34:53 [http-nio-8081-exec-10] DEBUG o.s.security.web.FilterChainProxy - Securing POST /auth/login
2026-02-16 09:34:53 [http-nio-8081-exec-10] DEBUG c.m.a.s.JwtAuthenticationFilter - No Authorization header present for request /auth/login
2026-02-16 09:34:53 [http-nio-8081-exec-10] DEBUG o.s.security.web.FilterChainProxy - Secured POST /auth/login
2026-02-16 09:34:53 [http-nio-8081-exec-10] DEBUG o.s.web.servlet.DispatcherServlet - POST "/auth/login", parameters={}
2026-02-16 09:34:53 [http-nio-8081-exec-10] DEBUG o.s.w.s.m.m.a.RequestMappingHandlerMapping - Mapped to com.medicart.auth.controller.AuthController#login(LoginRequest)
2026-02-16 09:34:53 [http-nio-8081-exec-10] DEBUG o.s.w.s.m.m.a.RequestResponseBodyMethodProcessor - Read "application/json;charset=UTF-8" to [LoginRequest(email=rohinrajsingh009@gmail.com, password=Rohin@123)]
2026-02-16 09:34:53 [http-nio-8081-exec-10] INFO  c.medicart.auth.service.AuthService - Login attempt for email: rohinrajsingh009@gmail.com
2026-02-16 09:34:53 [http-nio-8081-exec-10] INFO  c.medicart.auth.service.AuthService - Login successful - userId: 3, role: ROLE_USER
2026-02-16 09:34:53 [http-nio-8081-exec-10] DEBUG o.s.w.s.m.m.a.HttpEntityMethodProcessor - Using 'application/json', given [application/json, text/plain, */*] and supported [application/json, application/*+json, application/yaml]
2026-02-16 09:34:53 [http-nio-8081-exec-10] DEBUG o.s.w.s.m.m.a.HttpEntityMethodProcessor - Writing [LoginResponse(userId=3, email=rohinrajsingh009@gmail.com, fullName=Shahid, token=eyJhbGciOiJIUzM4NCJ (truncated)...]
2026-02-16 09:34:53 [http-nio-8081-exec-10] DEBUG o.s.web.servlet.DispatcherServlet - Completed 200 OK
2026-02-16 09:34:53 [http-nio-8081-exec-10] DEBUG o.s.s.w.a.AnonymousAuthenticationFilter - Set SecurityContextHolder to anonymous SecurityContext
2026-02-16 09:35:00 [http-nio-8081-exec-1] DEBUG o.s.security.web.FilterChainProxy - Securing GET /auth/analytics/user-counts
2026-02-16 09:35:00 [http-nio-8081-exec-1] DEBUG c.m.a.s.JwtAuthenticationFilter - No Authorization header present for request /auth/analytics/user-counts
2026-02-16 09:35:00 [http-nio-8081-exec-1] DEBUG o.s.security.web.FilterChainProxy - Secured GET /auth/analytics/user-counts
2026-02-16 09:35:00 [http-nio-8081-exec-1] DEBUG o.s.web.servlet.DispatcherServlet - GET "/auth/analytics/user-counts", parameters={}
2026-02-16 09:35:00 [http-nio-8081-exec-1] DEBUG o.s.w.s.m.m.a.RequestMappingHandlerMapping - Mapped to com.medicart.auth.controller.AuthAnalyticsController#getUserCounts()
2026-02-16 09:35:00 [http-nio-8081-exec-1] INFO  c.m.a.c.AuthAnalyticsController - GET /auth/analytics/user-counts
2026-02-16 09:35:00 [http-nio-8081-exec-1] DEBUG o.s.w.s.m.m.a.HttpEntityMethodProcessor - Using 'application/json', given [*/*] and supported [application/json, application/*+json, application/yaml]
2026-02-16 09:35:00 [http-nio-8081-exec-1] DEBUG o.s.w.s.m.m.a.HttpEntityMethodProcessor - Writing [{usersThisMonth=3, usersThisYear=3, usersToday=0, totalUsers=3, usersThisWeek=0}]
2026-02-16 09:35:00 [http-nio-8081-exec-1] DEBUG o.s.web.servlet.DispatcherServlet - Completed 200 OK
2026-02-16 09:35:00 [http-nio-8081-exec-1] DEBUG o.s.s.w.a.AnonymousAuthenticationFilter - Set SecurityContextHolder to anonymous SecurityContext
2026-02-16 09:35:01 [DiscoveryClient-CacheRefreshExecutor-%d] DEBUG o.s.web.client.RestTemplate - HTTP GET http://localhost:8761/eureka/apps/delta
2026-02-16 09:35:01 [DiscoveryClient-HeartbeatExecutor-%d] DEBUG o.s.web.client.RestTemplate - HTTP PUT http://localhost:8761/eureka/apps/AUTH-SERVICE/auth-service:8081?status=UP&lastDirtyTimestamp=1771214310691
2026-02-16 09:35:01 [DiscoveryClient-CacheRefreshExecutor-%d] DEBUG o.s.web.client.RestTemplate - Accept=[application/json, application/yaml, application/*+json]
2026-02-16 09:35:01 [DiscoveryClient-HeartbeatExecutor-%d] DEBUG o.s.web.client.RestTemplate - Accept=[application/json, application/yaml, application/*+json]
2026-02-16 09:35:01 [DiscoveryClient-HeartbeatExecutor-%d] DEBUG o.s.web.client.RestTemplate - Response 200 OK
2026-02-16 09:35:01 [DiscoveryClient-CacheRefreshExecutor-%d] DEBUG o.s.web.client.RestTemplate - Response 200 OK
2026-02-16 09:35:01 [DiscoveryClient-CacheRefreshExecutor-%d] DEBUG o.s.web.client.RestTemplate - Reading to [org.springframework.cloud.netflix.eureka.http.EurekaApplications]
2026-02-16 09:35:30 [http-nio-8081-exec-2] DEBUG o.s.security.web.FilterChainProxy - Securing GET /auth/analytics/user-counts
2026-02-16 09:35:30 [http-nio-8081-exec-2] DEBUG c.m.a.s.JwtAuthenticationFilter - No Authorization header present for request /auth/analytics/user-counts
2026-02-16 09:35:30 [http-nio-8081-exec-2] DEBUG o.s.security.web.FilterChainProxy - Secured GET /auth/analytics/user-counts
2026-02-16 09:35:30 [http-nio-8081-exec-2] DEBUG o.s.web.servlet.DispatcherServlet - GET "/auth/analytics/user-counts", parameters={}
2026-02-16 09:35:30 [http-nio-8081-exec-2] DEBUG o.s.w.s.m.m.a.RequestMappingHandlerMapping - Mapped to com.medicart.auth.controller.AuthAnalyticsController#getUserCounts()
2026-02-16 09:35:30 [http-nio-8081-exec-2] INFO  c.m.a.c.AuthAnalyticsController - GET /auth/analytics/user-counts
2026-02-16 09:35:30 [http-nio-8081-exec-2] DEBUG o.s.w.s.m.m.a.HttpEntityMethodProcessor - Using 'application/json', given [*/*] and supported [application/json, application/*+json, application/yaml]
2026-02-16 09:35:30 [http-nio-8081-exec-2] DEBUG o.s.w.s.m.m.a.HttpEntityMethodProcessor - Writing [{usersThisMonth=3, usersThisYear=3, usersToday=0, totalUsers=3, usersThisWeek=0}]
2026-02-16 09:35:30 [http-nio-8081-exec-2] DEBUG o.s.web.servlet.DispatcherServlet - Completed 200 OK
2026-02-16 09:35:30 [http-nio-8081-exec-2] DEBUG o.s.s.w.a.AnonymousAuthenticationFilter - Set SecurityContextHolder to anonymous SecurityContext
2026-02-16 09:35:31 [DiscoveryClient-HeartbeatExecutor-%d] DEBUG o.s.web.client.RestTemplate - HTTP PUT http://localhost:8761/eureka/apps/AUTH-SERVICE/auth-service:8081?status=UP&lastDirtyTimestamp=1771214310691
2026-02-16 09:35:31 [DiscoveryClient-CacheRefreshExecutor-%d] DEBUG o.s.web.client.RestTemplate - HTTP GET http://localhost:8761/eureka/apps/delta
2026-02-16 09:35:31 [DiscoveryClient-HeartbeatExecutor-%d] DEBUG o.s.web.client.RestTemplate - Accept=[application/json, application/yaml, application/*+json]
2026-02-16 09:35:31 [DiscoveryClient-CacheRefreshExecutor-%d] DEBUG o.s.web.client.RestTemplate - Accept=[application/json, application/yaml, application/*+json]
2026-02-16 09:35:31 [DiscoveryClient-HeartbeatExecutor-%d] DEBUG o.s.web.client.RestTemplate - Response 200 OK
2026-02-16 09:35:31 [DiscoveryClient-CacheRefreshExecutor-%d] DEBUG o.s.web.client.RestTemplate - Response 200 OK
2026-02-16 09:35:31 [DiscoveryClient-CacheRefreshExecutor-%d] DEBUG o.s.web.client.RestTemplate - Reading to [org.springframework.cloud.netflix.eureka.http.EurekaApplications]
2026-02-16 09:35:59 [http-nio-8081-exec-4] DEBUG o.s.security.web.FilterChainProxy - Securing GET /auth/analytics/user-counts
2026-02-16 09:35:59 [http-nio-8081-exec-4] DEBUG c.m.a.s.JwtAuthenticationFilter - No Authorization header present for request /auth/analytics/user-counts
2026-02-16 09:35:59 [http-nio-8081-exec-4] DEBUG o.s.security.web.FilterChainProxy - Secured GET /auth/analytics/user-counts
2026-02-16 09:35:59 [http-nio-8081-exec-4] DEBUG o.s.web.servlet.DispatcherServlet - GET "/auth/analytics/user-counts", parameters={}
2026-02-16 09:35:59 [http-nio-8081-exec-4] DEBUG o.s.w.s.m.m.a.RequestMappingHandlerMapping - Mapped to com.medicart.auth.controller.AuthAnalyticsController#getUserCounts()
2026-02-16 09:35:59 [http-nio-8081-exec-4] INFO  c.m.a.c.AuthAnalyticsController - GET /auth/analytics/user-counts
2026-02-16 09:35:59 [http-nio-8081-exec-4] DEBUG o.s.w.s.m.m.a.HttpEntityMethodProcessor - Using 'application/json', given [*/*] and supported [application/json, application/*+json, application/yaml]
2026-02-16 09:35:59 [http-nio-8081-exec-4] DEBUG o.s.w.s.m.m.a.HttpEntityMethodProcessor - Writing [{usersThisMonth=3, usersThisYear=3, usersToday=0, totalUsers=3, usersThisWeek=0}]
2026-02-16 09:35:59 [http-nio-8081-exec-4] DEBUG o.s.web.servlet.DispatcherServlet - Completed 200 OK
2026-02-16 09:35:59 [http-nio-8081-exec-4] DEBUG o.s.s.w.a.AnonymousAuthenticationFilter - Set SecurityContextHolder to anonymous SecurityContext
2026-02-16 09:36:01 [DiscoveryClient-CacheRefreshExecutor-%d] DEBUG o.s.web.client.RestTemplate - HTTP GET http://localhost:8761/eureka/apps/delta
2026-02-16 09:36:01 [DiscoveryClient-HeartbeatExecutor-%d] DEBUG o.s.web.client.RestTemplate - HTTP PUT http://localhost:8761/eureka/apps/AUTH-SERVICE/auth-service:8081?status=UP&lastDirtyTimestamp=1771214310691
2026-02-16 09:36:01 [DiscoveryClient-CacheRefreshExecutor-%d] DEBUG o.s.web.client.RestTemplate - Accept=[application/json, application/yaml, application/*+json]
2026-02-16 09:36:01 [DiscoveryClient-HeartbeatExecutor-%d] DEBUG o.s.web.client.RestTemplate - Accept=[application/json, application/yaml, application/*+json]
2026-02-16 09:36:01 [DiscoveryClient-CacheRefreshExecutor-%d] DEBUG o.s.web.client.RestTemplate - Response 200 OK
2026-02-16 09:36:01 [DiscoveryClient-HeartbeatExecutor-%d] DEBUG o.s.web.client.RestTemplate - Response 200 OK
2026-02-16 09:36:01 [DiscoveryClient-CacheRefreshExecutor-%d] DEBUG o.s.web.client.RestTemplate - Reading to [org.springframework.cloud.netflix.eureka.http.EurekaApplications]
2026-02-16 09:36:31 [DiscoveryClient-HeartbeatExecutor-%d] DEBUG o.s.web.client.RestTemplate - HTTP PUT http://localhost:8761/eureka/apps/AUTH-SERVICE/auth-service:8081?status=UP&lastDirtyTimestamp=1771214310691
2026-02-16 09:36:31 [DiscoveryClient-CacheRefreshExecutor-%d] DEBUG o.s.web.client.RestTemplate - HTTP GET http://localhost:8761/eureka/apps/delta
2026-02-16 09:36:31 [DiscoveryClient-CacheRefreshExecutor-%d] DEBUG o.s.web.client.RestTemplate - Accept=[application/json, application/yaml, application/*+json]
2026-02-16 09:36:31 [DiscoveryClient-HeartbeatExecutor-%d] DEBUG o.s.web.client.RestTemplate - Accept=[application/json, application/yaml, application/*+json]
2026-02-16 09:36:31 [DiscoveryClient-HeartbeatExecutor-%d] DEBUG o.s.web.client.RestTemplate - Response 200 OK
2026-02-16 09:36:31 [DiscoveryClient-CacheRefreshExecutor-%d] DEBUG o.s.web.client.RestTemplate - Response 200 OK
2026-02-16 09:36:31 [DiscoveryClient-CacheRefreshExecutor-%d] DEBUG o.s.web.client.RestTemplate - Reading to [org.springframework.cloud.netflix.eureka.http.EurekaApplications]
2026-02-16 09:37:01 [DiscoveryClient-CacheRefreshExecutor-%d] DEBUG o.s.web.client.RestTemplate - HTTP GET http://localhost:8761/eureka/apps/delta
2026-02-16 09:37:01 [DiscoveryClient-HeartbeatExecutor-%d] DEBUG o.s.web.client.RestTemplate - HTTP PUT http://localhost:8761/eureka/apps/AUTH-SERVICE/auth-service:8081?status=UP&lastDirtyTimestamp=1771214310691
2026-02-16 09:37:01 [DiscoveryClient-CacheRefreshExecutor-%d] DEBUG o.s.web.client.RestTemplate - Accept=[application/json, application/yaml, application/*+json]
2026-02-16 09:37:01 [DiscoveryClient-HeartbeatExecutor-%d] DEBUG o.s.web.client.RestTemplate - Accept=[application/json, application/yaml, application/*+json]
2026-02-16 09:37:01 [DiscoveryClient-CacheRefreshExecutor-%d] DEBUG o.s.web.client.RestTemplate - Response 200 OK
2026-02-16 09:37:01 [DiscoveryClient-CacheRefreshExecutor-%d] DEBUG o.s.web.client.RestTemplate - Reading to [org.springframework.cloud.netflix.eureka.http.EurekaApplications]
2026-02-16 09:37:01 [DiscoveryClient-HeartbeatExecutor-%d] DEBUG o.s.web.client.RestTemplate - Response 200 OK
2026-02-16 09:37:31 [DiscoveryClient-CacheRefreshExecutor-%d] DEBUG o.s.web.client.RestTemplate - HTTP GET http://localhost:8761/eureka/apps/delta
2026-02-16 09:37:31 [DiscoveryClient-HeartbeatExecutor-%d] DEBUG o.s.web.client.RestTemplate - HTTP PUT http://localhost:8761/eureka/apps/AUTH-SERVICE/auth-service:8081?status=UP&lastDirtyTimestamp=1771214310691
2026-02-16 09:37:31 [DiscoveryClient-CacheRefreshExecutor-%d] DEBUG o.s.web.client.RestTemplate - Accept=[application/json, application/yaml, application/*+json]
2026-02-16 09:37:31 [DiscoveryClient-HeartbeatExecutor-%d] DEBUG o.s.web.client.RestTemplate - Accept=[application/json, application/yaml, application/*+json]
2026-02-16 09:37:31 [DiscoveryClient-HeartbeatExecutor-%d] DEBUG o.s.web.client.RestTemplate - Response 200 OK
2026-02-16 09:37:31 [DiscoveryClient-CacheRefreshExecutor-%d] DEBUG o.s.web.client.RestTemplate - Response 200 OK
2026-02-16 09:37:31 [DiscoveryClient-CacheRefreshExecutor-%d] DEBUG o.s.web.client.RestTemplate - Reading to [org.springframework.cloud.netflix.eureka.http.EurekaApplications]
2026-02-16 09:37:43 [http-nio-8081-exec-5] DEBUG o.s.security.web.FilterChainProxy - Securing GET /auth/users
2026-02-16 09:37:43 [http-nio-8081-exec-5] DEBUG c.m.a.s.JwtAuthenticationFilter - JWT valid - path: /auth/users, email: admin@medicart.com, role: ROLE_ADMIN, userId: 4
2026-02-16 09:37:43 [http-nio-8081-exec-5] DEBUG o.s.security.web.FilterChainProxy - Secured GET /auth/users
2026-02-16 09:37:43 [http-nio-8081-exec-5] DEBUG o.s.web.servlet.DispatcherServlet - GET "/auth/users", parameters={}
2026-02-16 09:37:43 [http-nio-8081-exec-5] DEBUG o.s.w.s.m.m.a.RequestMappingHandlerMapping - Mapped to com.medicart.auth.controller.UserController#getAllUsers()
2026-02-16 09:37:43 [http-nio-8081-exec-5] INFO  c.medicart.auth.service.AuthService - Fetching all users from database
2026-02-16 09:37:43 [http-nio-8081-exec-5] INFO  c.m.auth.controller.UserController - Fetched 3 users
2026-02-16 09:37:43 [http-nio-8081-exec-5] DEBUG o.s.w.s.m.m.a.HttpEntityMethodProcessor - Using 'application/json', given [application/json, text/plain, */*] and supported [application/json, application/*+json, application/yaml]
2026-02-16 09:37:43 [http-nio-8081-exec-5] DEBUG o.s.w.s.m.m.a.HttpEntityMethodProcessor - Writing [[UserDTO(id=2, email=rohinrajsingh003@gmail.com, fullName=Rohin Raj Singh, phone=1234567890, isActiv (truncated)...]
2026-02-16 09:37:43 [http-nio-8081-exec-5] DEBUG o.s.web.servlet.DispatcherServlet - Completed 200 OK
2026-02-16 09:37:43 [http-nio-8081-exec-6] DEBUG o.s.security.web.FilterChainProxy - Securing GET /auth/users
2026-02-16 09:37:43 [http-nio-8081-exec-6] DEBUG c.m.a.s.JwtAuthenticationFilter - JWT valid - path: /auth/users, email: admin@medicart.com, role: ROLE_ADMIN, userId: 4
2026-02-16 09:37:43 [http-nio-8081-exec-6] DEBUG o.s.security.web.FilterChainProxy - Secured GET /auth/users
2026-02-16 09:37:43 [http-nio-8081-exec-6] DEBUG o.s.web.servlet.DispatcherServlet - GET "/auth/users", parameters={}
2026-02-16 09:37:43 [http-nio-8081-exec-6] DEBUG o.s.w.s.m.m.a.RequestMappingHandlerMapping - Mapped to com.medicart.auth.controller.UserController#getAllUsers()
2026-02-16 09:37:43 [http-nio-8081-exec-6] INFO  c.medicart.auth.service.AuthService - Fetching all users from database
2026-02-16 09:37:43 [http-nio-8081-exec-6] INFO  c.m.auth.controller.UserController - Fetched 3 users
2026-02-16 09:37:43 [http-nio-8081-exec-6] DEBUG o.s.w.s.m.m.a.HttpEntityMethodProcessor - Using 'application/json', given [application/json, text/plain, */*] and supported [application/json, application/*+json, application/yaml]
2026-02-16 09:37:43 [http-nio-8081-exec-6] DEBUG o.s.w.s.m.m.a.HttpEntityMethodProcessor - Writing [[UserDTO(id=2, email=rohinrajsingh003@gmail.com, fullName=Rohin Raj Singh, phone=1234567890, isActiv (truncated)...]
2026-02-16 09:37:43 [http-nio-8081-exec-6] DEBUG o.s.web.servlet.DispatcherServlet - Completed 200 OK
2026-02-16 09:37:50 [http-nio-8081-exec-7] DEBUG o.s.security.web.FilterChainProxy - Securing GET /auth/analytics/user-counts
2026-02-16 09:37:50 [http-nio-8081-exec-7] DEBUG c.m.a.s.JwtAuthenticationFilter - No Authorization header present for request /auth/analytics/user-counts
2026-02-16 09:37:50 [http-nio-8081-exec-7] DEBUG o.s.security.web.FilterChainProxy - Secured GET /auth/analytics/user-counts
2026-02-16 09:37:50 [http-nio-8081-exec-7] DEBUG o.s.web.servlet.DispatcherServlet - GET "/auth/analytics/user-counts", parameters={}
2026-02-16 09:37:50 [http-nio-8081-exec-7] DEBUG o.s.w.s.m.m.a.RequestMappingHandlerMapping - Mapped to com.medicart.auth.controller.AuthAnalyticsController#getUserCounts()
2026-02-16 09:37:50 [http-nio-8081-exec-7] INFO  c.m.a.c.AuthAnalyticsController - GET /auth/analytics/user-counts
2026-02-16 09:37:50 [http-nio-8081-exec-7] DEBUG o.s.w.s.m.m.a.HttpEntityMethodProcessor - Using 'application/json', given [*/*] and supported [application/json, application/*+json, application/yaml]
2026-02-16 09:37:50 [http-nio-8081-exec-7] DEBUG o.s.w.s.m.m.a.HttpEntityMethodProcessor - Writing [{usersThisMonth=3, usersThisYear=3, usersToday=0, totalUsers=3, usersThisWeek=0}]
2026-02-16 09:37:50 [http-nio-8081-exec-7] DEBUG o.s.web.servlet.DispatcherServlet - Completed 200 OK
2026-02-16 09:37:50 [http-nio-8081-exec-7] DEBUG o.s.s.w.a.AnonymousAuthenticationFilter - Set SecurityContextHolder to anonymous SecurityContext
2026-02-16 09:37:52 [http-nio-8081-exec-8] DEBUG o.s.security.web.FilterChainProxy - Securing GET /auth/analytics/user-counts
2026-02-16 09:37:52 [http-nio-8081-exec-8] DEBUG c.m.a.s.JwtAuthenticationFilter - No Authorization header present for request /auth/analytics/user-counts
2026-02-16 09:37:52 [http-nio-8081-exec-8] DEBUG o.s.security.web.FilterChainProxy - Secured GET /auth/analytics/user-counts
2026-02-16 09:37:52 [http-nio-8081-exec-8] DEBUG o.s.web.servlet.DispatcherServlet - GET "/auth/analytics/user-counts", parameters={}
2026-02-16 09:37:52 [http-nio-8081-exec-8] DEBUG o.s.w.s.m.m.a.RequestMappingHandlerMapping - Mapped to com.medicart.auth.controller.AuthAnalyticsController#getUserCounts()
2026-02-16 09:37:52 [http-nio-8081-exec-8] INFO  c.m.a.c.AuthAnalyticsController - GET /auth/analytics/user-counts
2026-02-16 09:37:52 [http-nio-8081-exec-8] DEBUG o.s.w.s.m.m.a.HttpEntityMethodProcessor - Using 'application/json', given [*/*] and supported [application/json, application/*+json, application/yaml]
2026-02-16 09:37:52 [http-nio-8081-exec-8] DEBUG o.s.w.s.m.m.a.HttpEntityMethodProcessor - Writing [{usersThisMonth=3, usersThisYear=3, usersToday=0, totalUsers=3, usersThisWeek=0}]
2026-02-16 09:37:52 [http-nio-8081-exec-8] DEBUG o.s.web.servlet.DispatcherServlet - Completed 200 OK
2026-02-16 09:37:52 [http-nio-8081-exec-8] DEBUG o.s.s.w.a.AnonymousAuthenticationFilter - Set SecurityContextHolder to anonymous SecurityContext
2026-02-16 09:38:01 [DiscoveryClient-CacheRefreshExecutor-%d] DEBUG o.s.web.client.RestTemplate - HTTP GET http://localhost:8761/eureka/apps/delta
2026-02-16 09:38:01 [DiscoveryClient-HeartbeatExecutor-%d] DEBUG o.s.web.client.RestTemplate - HTTP PUT http://localhost:8761/eureka/apps/AUTH-SERVICE/auth-service:8081?status=UP&lastDirtyTimestamp=1771214310691
2026-02-16 09:38:01 [DiscoveryClient-HeartbeatExecutor-%d] DEBUG o.s.web.client.RestTemplate - Accept=[application/json, application/yaml, application/*+json]
2026-02-16 09:38:01 [DiscoveryClient-CacheRefreshExecutor-%d] DEBUG o.s.web.client.RestTemplate - Accept=[application/json, application/yaml, application/*+json]
2026-02-16 09:38:01 [DiscoveryClient-CacheRefreshExecutor-%d] DEBUG o.s.web.client.RestTemplate - Response 200 OK
2026-02-16 09:38:01 [DiscoveryClient-HeartbeatExecutor-%d] DEBUG o.s.web.client.RestTemplate - Response 200 OK
2026-02-16 09:38:01 [DiscoveryClient-CacheRefreshExecutor-%d] DEBUG o.s.web.client.RestTemplate - Reading to [org.springframework.cloud.netflix.eureka.http.EurekaApplications]
2026-02-16 09:38:22 [http-nio-8081-exec-9] DEBUG o.s.security.web.FilterChainProxy - Securing GET /auth/analytics/user-counts
2026-02-16 09:38:22 [http-nio-8081-exec-9] DEBUG c.m.a.s.JwtAuthenticationFilter - No Authorization header present for request /auth/analytics/user-counts
2026-02-16 09:38:22 [http-nio-8081-exec-9] DEBUG o.s.security.web.FilterChainProxy - Secured GET /auth/analytics/user-counts
2026-02-16 09:38:22 [http-nio-8081-exec-9] DEBUG o.s.web.servlet.DispatcherServlet - GET "/auth/analytics/user-counts", parameters={}
2026-02-16 09:38:22 [http-nio-8081-exec-9] DEBUG o.s.w.s.m.m.a.RequestMappingHandlerMapping - Mapped to com.medicart.auth.controller.AuthAnalyticsController#getUserCounts()
2026-02-16 09:38:22 [http-nio-8081-exec-9] INFO  c.m.a.c.AuthAnalyticsController - GET /auth/analytics/user-counts
2026-02-16 09:38:22 [http-nio-8081-exec-9] DEBUG o.s.w.s.m.m.a.HttpEntityMethodProcessor - Using 'application/json', given [*/*] and supported [application/json, application/*+json, application/yaml]
2026-02-16 09:38:22 [http-nio-8081-exec-9] DEBUG o.s.w.s.m.m.a.HttpEntityMethodProcessor - Writing [{usersThisMonth=3, usersThisYear=3, usersToday=0, totalUsers=3, usersThisWeek=0}]
2026-02-16 09:38:22 [http-nio-8081-exec-9] DEBUG o.s.web.servlet.DispatcherServlet - Completed 200 OK
2026-02-16 09:38:22 [http-nio-8081-exec-9] DEBUG o.s.s.w.a.AnonymousAuthenticationFilter - Set SecurityContextHolder to anonymous SecurityContext
2026-02-16 09:38:29 [AsyncResolver-bootstrap-executor-%d] INFO  c.n.d.s.r.aws.ConfigClusterResolver - Resolving eureka endpoints via configuration
2026-02-16 09:38:31 [DiscoveryClient-CacheRefreshExecutor-%d] DEBUG o.s.web.client.RestTemplate - HTTP GET http://localhost:8761/eureka/apps/delta
2026-02-16 09:38:31 [DiscoveryClient-HeartbeatExecutor-%d] DEBUG o.s.web.client.RestTemplate - HTTP PUT http://localhost:8761/eureka/apps/AUTH-SERVICE/auth-service:8081?status=UP&lastDirtyTimestamp=1771214310691
2026-02-16 09:38:31 [DiscoveryClient-CacheRefreshExecutor-%d] DEBUG o.s.web.client.RestTemplate - Accept=[application/json, application/yaml, application/*+json]
2026-02-16 09:38:31 [DiscoveryClient-HeartbeatExecutor-%d] DEBUG o.s.web.client.RestTemplate - Accept=[application/json, application/yaml, application/*+json]
2026-02-16 09:38:31 [DiscoveryClient-HeartbeatExecutor-%d] DEBUG o.s.web.client.RestTemplate - Response 200 OK
2026-02-16 09:38:31 [DiscoveryClient-CacheRefreshExecutor-%d] DEBUG o.s.web.client.RestTemplate - Response 200 OK
2026-02-16 09:38:31 [DiscoveryClient-CacheRefreshExecutor-%d] DEBUG o.s.web.client.RestTemplate - Reading to [org.springframework.cloud.netflix.eureka.http.EurekaApplications]
2026-02-16 09:38:52 [http-nio-8081-exec-1] DEBUG o.s.security.web.FilterChainProxy - Securing GET /auth/analytics/user-counts
2026-02-16 09:38:52 [http-nio-8081-exec-1] DEBUG c.m.a.s.JwtAuthenticationFilter - No Authorization header present for request /auth/analytics/user-counts
2026-02-16 09:38:52 [http-nio-8081-exec-1] DEBUG o.s.security.web.FilterChainProxy - Secured GET /auth/analytics/user-counts
2026-02-16 09:38:52 [http-nio-8081-exec-1] DEBUG o.s.web.servlet.DispatcherServlet - GET "/auth/analytics/user-counts", parameters={}
2026-02-16 09:38:52 [http-nio-8081-exec-1] DEBUG o.s.w.s.m.m.a.RequestMappingHandlerMapping - Mapped to com.medicart.auth.controller.AuthAnalyticsController#getUserCounts()
2026-02-16 09:38:52 [http-nio-8081-exec-1] INFO  c.m.a.c.AuthAnalyticsController - GET /auth/analytics/user-counts
2026-02-16 09:38:52 [http-nio-8081-exec-1] DEBUG o.s.w.s.m.m.a.HttpEntityMethodProcessor - Using 'application/json', given [*/*] and supported [application/json, application/*+json, application/yaml]
2026-02-16 09:38:52 [http-nio-8081-exec-1] DEBUG o.s.w.s.m.m.a.HttpEntityMethodProcessor - Writing [{usersThisMonth=3, usersThisYear=3, usersToday=0, totalUsers=3, usersThisWeek=0}]
2026-02-16 09:38:52 [http-nio-8081-exec-1] DEBUG o.s.web.servlet.DispatcherServlet - Completed 200 OK
2026-02-16 09:38:52 [http-nio-8081-exec-1] DEBUG o.s.s.w.a.AnonymousAuthenticationFilter - Set SecurityContextHolder to anonymous SecurityContext
2026-02-16 09:39:01 [DiscoveryClient-CacheRefreshExecutor-%d] DEBUG o.s.web.client.RestTemplate - HTTP GET http://localhost:8761/eureka/apps/delta
2026-02-16 09:39:01 [DiscoveryClient-CacheRefreshExecutor-%d] DEBUG o.s.web.client.RestTemplate - Accept=[application/json, application/yaml, application/*+json]
2026-02-16 09:39:01 [DiscoveryClient-HeartbeatExecutor-%d] DEBUG o.s.web.client.RestTemplate - HTTP PUT http://localhost:8761/eureka/apps/AUTH-SERVICE/auth-service:8081?status=UP&lastDirtyTimestamp=1771214310691
2026-02-16 09:39:01 [DiscoveryClient-HeartbeatExecutor-%d] DEBUG o.s.web.client.RestTemplate - Accept=[application/json, application/yaml, application/*+json]
2026-02-16 09:39:01 [DiscoveryClient-HeartbeatExecutor-%d] DEBUG o.s.web.client.RestTemplate - Response 200 OK
2026-02-16 09:39:01 [DiscoveryClient-CacheRefreshExecutor-%d] DEBUG o.s.web.client.RestTemplate - Response 200 OK
2026-02-16 09:39:01 [DiscoveryClient-CacheRefreshExecutor-%d] DEBUG o.s.web.client.RestTemplate - Reading to [org.springframework.cloud.netflix.eureka.http.EurekaApplications]
2026-02-16 09:39:22 [http-nio-8081-exec-2] DEBUG o.s.security.web.FilterChainProxy - Securing GET /auth/analytics/user-counts
2026-02-16 09:39:22 [http-nio-8081-exec-2] DEBUG c.m.a.s.JwtAuthenticationFilter - No Authorization header present for request /auth/analytics/user-counts
2026-02-16 09:39:22 [http-nio-8081-exec-2] DEBUG o.s.security.web.FilterChainProxy - Secured GET /auth/analytics/user-counts
2026-02-16 09:39:22 [http-nio-8081-exec-2] DEBUG o.s.web.servlet.DispatcherServlet - GET "/auth/analytics/user-counts", parameters={}
2026-02-16 09:39:22 [http-nio-8081-exec-2] DEBUG o.s.w.s.m.m.a.RequestMappingHandlerMapping - Mapped to com.medicart.auth.controller.AuthAnalyticsController#getUserCounts()
2026-02-16 09:39:22 [http-nio-8081-exec-2] INFO  c.m.a.c.AuthAnalyticsController - GET /auth/analytics/user-counts
2026-02-16 09:39:22 [http-nio-8081-exec-2] DEBUG o.s.w.s.m.m.a.HttpEntityMethodProcessor - Using 'application/json', given [*/*] and supported [application/json, application/*+json, application/yaml]
2026-02-16 09:39:22 [http-nio-8081-exec-2] DEBUG o.s.w.s.m.m.a.HttpEntityMethodProcessor - Writing [{usersThisMonth=3, usersThisYear=3, usersToday=0, totalUsers=3, usersThisWeek=0}]
2026-02-16 09:39:22 [http-nio-8081-exec-2] DEBUG o.s.web.servlet.DispatcherServlet - Completed 200 OK
2026-02-16 09:39:22 [http-nio-8081-exec-2] DEBUG o.s.s.w.a.AnonymousAuthenticationFilter - Set SecurityContextHolder to anonymous SecurityContext
2026-02-16 09:39:31 [DiscoveryClient-HeartbeatExecutor-%d] DEBUG o.s.web.client.RestTemplate - HTTP PUT http://localhost:8761/eureka/apps/AUTH-SERVICE/auth-service:8081?status=UP&lastDirtyTimestamp=1771214310691
2026-02-16 09:39:31 [DiscoveryClient-CacheRefreshExecutor-%d] DEBUG o.s.web.client.RestTemplate - HTTP GET http://localhost:8761/eureka/apps/delta
2026-02-16 09:39:31 [DiscoveryClient-HeartbeatExecutor-%d] DEBUG o.s.web.client.RestTemplate - Accept=[application/json, application/yaml, application/*+json]
2026-02-16 09:39:31 [DiscoveryClient-CacheRefreshExecutor-%d] DEBUG o.s.web.client.RestTemplate - Accept=[application/json, application/yaml, application/*+json]
2026-02-16 09:39:31 [DiscoveryClient-CacheRefreshExecutor-%d] DEBUG o.s.web.client.RestTemplate - Response 200 OK
2026-02-16 09:39:31 [DiscoveryClient-HeartbeatExecutor-%d] DEBUG o.s.web.client.RestTemplate - Response 200 OK
2026-02-16 09:39:31 [DiscoveryClient-CacheRefreshExecutor-%d] DEBUG o.s.web.client.RestTemplate - Reading to [org.springframework.cloud.netflix.eureka.http.EurekaApplications]
2026-02-16 09:39:52 [http-nio-8081-exec-3] DEBUG o.s.security.web.FilterChainProxy - Securing GET /auth/analytics/user-counts
2026-02-16 09:39:52 [http-nio-8081-exec-3] DEBUG c.m.a.s.JwtAuthenticationFilter - No Authorization header present for request /auth/analytics/user-counts
2026-02-16 09:39:52 [http-nio-8081-exec-3] DEBUG o.s.security.web.FilterChainProxy - Secured GET /auth/analytics/user-counts
2026-02-16 09:39:52 [http-nio-8081-exec-3] DEBUG o.s.web.servlet.DispatcherServlet - GET "/auth/analytics/user-counts", parameters={}
2026-02-16 09:39:52 [http-nio-8081-exec-3] DEBUG o.s.w.s.m.m.a.RequestMappingHandlerMapping - Mapped to com.medicart.auth.controller.AuthAnalyticsController#getUserCounts()
2026-02-16 09:39:52 [http-nio-8081-exec-3] INFO  c.m.a.c.AuthAnalyticsController - GET /auth/analytics/user-counts
2026-02-16 09:39:52 [http-nio-8081-exec-3] DEBUG o.s.w.s.m.m.a.HttpEntityMethodProcessor - Using 'application/json', given [*/*] and supported [application/json, application/*+json, application/yaml]
2026-02-16 09:39:52 [http-nio-8081-exec-3] DEBUG o.s.w.s.m.m.a.HttpEntityMethodProcessor - Writing [{usersThisMonth=3, usersThisYear=3, usersToday=0, totalUsers=3, usersThisWeek=0}]
2026-02-16 09:39:52 [http-nio-8081-exec-3] DEBUG o.s.web.servlet.DispatcherServlet - Completed 200 OK
2026-02-16 09:39:52 [http-nio-8081-exec-3] DEBUG o.s.s.w.a.AnonymousAuthenticationFilter - Set SecurityContextHolder to anonymous SecurityContext
2026-02-16 09:40:01 [DiscoveryClient-CacheRefreshExecutor-%d] DEBUG o.s.web.client.RestTemplate - HTTP GET http://localhost:8761/eureka/apps/delta
2026-02-16 09:40:01 [DiscoveryClient-HeartbeatExecutor-%d] DEBUG o.s.web.client.RestTemplate - HTTP PUT http://localhost:8761/eureka/apps/AUTH-SERVICE/auth-service:8081?status=UP&lastDirtyTimestamp=1771214310691
2026-02-16 09:40:01 [DiscoveryClient-HeartbeatExecutor-%d] DEBUG o.s.web.client.RestTemplate - Accept=[application/json, application/yaml, application/*+json]
2026-02-16 09:40:01 [DiscoveryClient-CacheRefreshExecutor-%d] DEBUG o.s.web.client.RestTemplate - Accept=[application/json, application/yaml, application/*+json]
2026-02-16 09:40:01 [DiscoveryClient-HeartbeatExecutor-%d] DEBUG o.s.web.client.RestTemplate - Response 200 OK
2026-02-16 09:40:01 [DiscoveryClient-CacheRefreshExecutor-%d] DEBUG o.s.web.client.RestTemplate - Response 200 OK
2026-02-16 09:40:01 [DiscoveryClient-CacheRefreshExecutor-%d] DEBUG o.s.web.client.RestTemplate - Reading to [org.springframework.cloud.netflix.eureka.http.EurekaApplications]
2026-02-16 09:40:22 [http-nio-8081-exec-4] DEBUG o.s.security.web.FilterChainProxy - Securing GET /auth/analytics/user-counts
2026-02-16 09:40:22 [http-nio-8081-exec-4] DEBUG c.m.a.s.JwtAuthenticationFilter - No Authorization header present for request /auth/analytics/user-counts
2026-02-16 09:40:22 [http-nio-8081-exec-4] DEBUG o.s.security.web.FilterChainProxy - Secured GET /auth/analytics/user-counts
2026-02-16 09:40:22 [http-nio-8081-exec-4] DEBUG o.s.web.servlet.DispatcherServlet - GET "/auth/analytics/user-counts", parameters={}
2026-02-16 09:40:22 [http-nio-8081-exec-4] DEBUG o.s.w.s.m.m.a.RequestMappingHandlerMapping - Mapped to com.medicart.auth.controller.AuthAnalyticsController#getUserCounts()
2026-02-16 09:40:22 [http-nio-8081-exec-4] INFO  c.m.a.c.AuthAnalyticsController - GET /auth/analytics/user-counts
2026-02-16 09:40:22 [http-nio-8081-exec-4] DEBUG o.s.w.s.m.m.a.HttpEntityMethodProcessor - Using 'application/json', given [*/*] and supported [application/json, application/*+json, application/yaml]
2026-02-16 09:40:22 [http-nio-8081-exec-4] DEBUG o.s.w.s.m.m.a.HttpEntityMethodProcessor - Writing [{usersThisMonth=3, usersThisYear=3, usersToday=0, totalUsers=3, usersThisWeek=0}]
2026-02-16 09:40:22 [http-nio-8081-exec-4] DEBUG o.s.web.servlet.DispatcherServlet - Completed 200 OK
2026-02-16 09:40:22 [http-nio-8081-exec-4] DEBUG o.s.s.w.a.AnonymousAuthenticationFilter - Set SecurityContextHolder to anonymous SecurityContext
2026-02-16 09:40:30 [http-nio-8081-exec-5] DEBUG o.s.security.web.FilterChainProxy - Securing POST /auth/login
2026-02-16 09:40:30 [http-nio-8081-exec-5] DEBUG c.m.a.s.JwtAuthenticationFilter - JWT valid - path: /auth/login, email: rohinrajsingh009@gmail.com, role: ROLE_USER, userId: 3
2026-02-16 09:40:30 [http-nio-8081-exec-5] DEBUG o.s.security.web.FilterChainProxy - Secured POST /auth/login
2026-02-16 09:40:30 [http-nio-8081-exec-5] DEBUG o.s.web.servlet.DispatcherServlet - POST "/auth/login", parameters={}
2026-02-16 09:40:30 [http-nio-8081-exec-5] DEBUG o.s.w.s.m.m.a.RequestMappingHandlerMapping - Mapped to com.medicart.auth.controller.AuthController#login(LoginRequest)
2026-02-16 09:40:30 [http-nio-8081-exec-5] DEBUG o.s.w.s.m.m.a.RequestResponseBodyMethodProcessor - Read "application/json;charset=UTF-8" to [LoginRequest(email=admin@medicart.com, password=admin123)]
2026-02-16 09:40:30 [http-nio-8081-exec-5] INFO  c.medicart.auth.service.AuthService - Login attempt for email: admin@medicart.com
2026-02-16 09:40:30 [http-nio-8081-exec-5] INFO  c.medicart.auth.service.AuthService - Login successful - userId: 4, role: ROLE_ADMIN
2026-02-16 09:40:30 [http-nio-8081-exec-5] DEBUG o.s.w.s.m.m.a.HttpEntityMethodProcessor - Using 'application/json', given [application/json, text/plain, */*] and supported [application/json, application/*+json, application/yaml]
2026-02-16 09:40:30 [http-nio-8081-exec-5] DEBUG o.s.w.s.m.m.a.HttpEntityMethodProcessor - Writing [LoginResponse(userId=4, email=admin@medicart.com, fullName=Administrator, token=eyJhbGciOiJIUzM4NCJ9 (truncated)...]
2026-02-16 09:40:30 [http-nio-8081-exec-5] DEBUG o.s.web.servlet.DispatcherServlet - Completed 200 OK
2026-02-16 09:40:30 [http-nio-8081-exec-6] DEBUG o.s.security.web.FilterChainProxy - Securing GET /auth/analytics/user-counts
2026-02-16 09:40:30 [http-nio-8081-exec-6] DEBUG c.m.a.s.JwtAuthenticationFilter - No Authorization header present for request /auth/analytics/user-counts
2026-02-16 09:40:30 [http-nio-8081-exec-6] DEBUG o.s.security.web.FilterChainProxy - Secured GET /auth/analytics/user-counts
2026-02-16 09:40:30 [http-nio-8081-exec-6] DEBUG o.s.web.servlet.DispatcherServlet - GET "/auth/analytics/user-counts", parameters={}
2026-02-16 09:40:30 [http-nio-8081-exec-6] DEBUG o.s.w.s.m.m.a.RequestMappingHandlerMapping - Mapped to com.medicart.auth.controller.AuthAnalyticsController#getUserCounts()
2026-02-16 09:40:30 [http-nio-8081-exec-6] INFO  c.m.a.c.AuthAnalyticsController - GET /auth/analytics/user-counts
2026-02-16 09:40:30 [http-nio-8081-exec-6] DEBUG o.s.w.s.m.m.a.HttpEntityMethodProcessor - Using 'application/json', given [*/*] and supported [application/json, application/*+json, application/yaml]
2026-02-16 09:40:30 [http-nio-8081-exec-6] DEBUG o.s.w.s.m.m.a.HttpEntityMethodProcessor - Writing [{usersThisMonth=3, usersThisYear=3, usersToday=0, totalUsers=3, usersThisWeek=0}]
2026-02-16 09:40:30 [http-nio-8081-exec-6] DEBUG o.s.web.servlet.DispatcherServlet - Completed 200 OK
2026-02-16 09:40:30 [http-nio-8081-exec-6] DEBUG o.s.s.w.a.AnonymousAuthenticationFilter - Set SecurityContextHolder to anonymous SecurityContext
2026-02-16 09:40:31 [DiscoveryClient-HeartbeatExecutor-%d] DEBUG o.s.web.client.RestTemplate - HTTP PUT http://localhost:8761/eureka/apps/AUTH-SERVICE/auth-service:8081?status=UP&lastDirtyTimestamp=1771214310691
2026-02-16 09:40:31 [DiscoveryClient-CacheRefreshExecutor-%d] DEBUG o.s.web.client.RestTemplate - HTTP GET http://localhost:8761/eureka/apps/delta
2026-02-16 09:40:31 [DiscoveryClient-CacheRefreshExecutor-%d] DEBUG o.s.web.client.RestTemplate - Accept=[application/json, application/yaml, application/*+json]
2026-02-16 09:40:31 [DiscoveryClient-HeartbeatExecutor-%d] DEBUG o.s.web.client.RestTemplate - Accept=[application/json, application/yaml, application/*+json]
2026-02-16 09:40:31 [DiscoveryClient-HeartbeatExecutor-%d] DEBUG o.s.web.client.RestTemplate - Response 200 OK
2026-02-16 09:40:31 [DiscoveryClient-CacheRefreshExecutor-%d] DEBUG o.s.web.client.RestTemplate - Response 200 OK
2026-02-16 09:40:31 [DiscoveryClient-CacheRefreshExecutor-%d] DEBUG o.s.web.client.RestTemplate - Reading to [org.springframework.cloud.netflix.eureka.http.EurekaApplications]
2026-02-16 09:40:52 [http-nio-8081-exec-7] DEBUG o.s.security.web.FilterChainProxy - Securing GET /auth/analytics/user-counts
2026-02-16 09:40:52 [http-nio-8081-exec-7] DEBUG c.m.a.s.JwtAuthenticationFilter - No Authorization header present for request /auth/analytics/user-counts
2026-02-16 09:40:52 [http-nio-8081-exec-7] DEBUG o.s.security.web.FilterChainProxy - Secured GET /auth/analytics/user-counts
2026-02-16 09:40:52 [http-nio-8081-exec-7] DEBUG o.s.web.servlet.DispatcherServlet - GET "/auth/analytics/user-counts", parameters={}
2026-02-16 09:40:52 [http-nio-8081-exec-7] DEBUG o.s.w.s.m.m.a.RequestMappingHandlerMapping - Mapped to com.medicart.auth.controller.AuthAnalyticsController#getUserCounts()
2026-02-16 09:40:52 [http-nio-8081-exec-7] INFO  c.m.a.c.AuthAnalyticsController - GET /auth/analytics/user-counts
2026-02-16 09:40:52 [http-nio-8081-exec-7] DEBUG o.s.w.s.m.m.a.HttpEntityMethodProcessor - Using 'application/json', given [*/*] and supported [application/json, application/*+json, application/yaml]
2026-02-16 09:40:52 [http-nio-8081-exec-7] DEBUG o.s.w.s.m.m.a.HttpEntityMethodProcessor - Writing [{usersThisMonth=3, usersThisYear=3, usersToday=0, totalUsers=3, usersThisWeek=0}]
2026-02-16 09:40:52 [http-nio-8081-exec-7] DEBUG o.s.web.servlet.DispatcherServlet - Completed 200 OK
2026-02-16 09:40:52 [http-nio-8081-exec-7] DEBUG o.s.s.w.a.AnonymousAuthenticationFilter - Set SecurityContextHolder to anonymous SecurityContext
2026-02-16 09:41:00 [http-nio-8081-exec-8] DEBUG o.s.security.web.FilterChainProxy - Securing GET /auth/analytics/user-counts
2026-02-16 09:41:00 [http-nio-8081-exec-8] DEBUG c.m.a.s.JwtAuthenticationFilter - No Authorization header present for request /auth/analytics/user-counts
2026-02-16 09:41:00 [http-nio-8081-exec-8] DEBUG o.s.security.web.FilterChainProxy - Secured GET /auth/analytics/user-counts
2026-02-16 09:41:00 [http-nio-8081-exec-8] DEBUG o.s.web.servlet.DispatcherServlet - GET "/auth/analytics/user-counts", parameters={}
2026-02-16 09:41:00 [http-nio-8081-exec-8] DEBUG o.s.w.s.m.m.a.RequestMappingHandlerMapping - Mapped to com.medicart.auth.controller.AuthAnalyticsController#getUserCounts()
2026-02-16 09:41:00 [http-nio-8081-exec-8] INFO  c.m.a.c.AuthAnalyticsController - GET /auth/analytics/user-counts
2026-02-16 09:41:00 [http-nio-8081-exec-8] DEBUG o.s.w.s.m.m.a.HttpEntityMethodProcessor - Using 'application/json', given [*/*] and supported [application/json, application/*+json, application/yaml]
2026-02-16 09:41:00 [http-nio-8081-exec-8] DEBUG o.s.w.s.m.m.a.HttpEntityMethodProcessor - Writing [{usersThisMonth=3, usersThisYear=3, usersToday=0, totalUsers=3, usersThisWeek=0}]
2026-02-16 09:41:00 [http-nio-8081-exec-8] DEBUG o.s.web.servlet.DispatcherServlet - Completed 200 OK
2026-02-16 09:41:00 [http-nio-8081-exec-8] DEBUG o.s.s.w.a.AnonymousAuthenticationFilter - Set SecurityContextHolder to anonymous SecurityContext
2026-02-16 09:41:01 [DiscoveryClient-CacheRefreshExecutor-%d] DEBUG o.s.web.client.RestTemplate - HTTP GET http://localhost:8761/eureka/apps/delta
2026-02-16 09:41:01 [DiscoveryClient-HeartbeatExecutor-%d] DEBUG o.s.web.client.RestTemplate - HTTP PUT http://localhost:8761/eureka/apps/AUTH-SERVICE/auth-service:8081?status=UP&lastDirtyTimestamp=1771214310691
2026-02-16 09:41:01 [DiscoveryClient-CacheRefreshExecutor-%d] DEBUG o.s.web.client.RestTemplate - Accept=[application/json, application/yaml, application/*+json]
2026-02-16 09:41:01 [DiscoveryClient-HeartbeatExecutor-%d] DEBUG o.s.web.client.RestTemplate - Accept=[application/json, application/yaml, application/*+json]
2026-02-16 09:41:01 [DiscoveryClient-HeartbeatExecutor-%d] DEBUG o.s.web.client.RestTemplate - Response 200 OK
2026-02-16 09:41:01 [DiscoveryClient-CacheRefreshExecutor-%d] DEBUG o.s.web.client.RestTemplate - Response 200 OK
2026-02-16 09:41:01 [DiscoveryClient-CacheRefreshExecutor-%d] DEBUG o.s.web.client.RestTemplate - Reading to [org.springframework.cloud.netflix.eureka.http.EurekaApplications]
2026-02-16 09:41:30 [http-nio-8081-exec-9] DEBUG o.s.security.web.FilterChainProxy - Securing GET /auth/analytics/user-counts
2026-02-16 09:41:30 [http-nio-8081-exec-9] DEBUG c.m.a.s.JwtAuthenticationFilter - No Authorization header present for request /auth/analytics/user-counts
2026-02-16 09:41:30 [http-nio-8081-exec-9] DEBUG o.s.security.web.FilterChainProxy - Secured GET /auth/analytics/user-counts
2026-02-16 09:41:30 [http-nio-8081-exec-9] DEBUG o.s.web.servlet.DispatcherServlet - GET "/auth/analytics/user-counts", parameters={}
2026-02-16 09:41:30 [http-nio-8081-exec-9] DEBUG o.s.w.s.m.m.a.RequestMappingHandlerMapping - Mapped to com.medicart.auth.controller.AuthAnalyticsController#getUserCounts()
2026-02-16 09:41:30 [http-nio-8081-exec-9] INFO  c.m.a.c.AuthAnalyticsController - GET /auth/analytics/user-counts
2026-02-16 09:41:30 [http-nio-8081-exec-9] DEBUG o.s.w.s.m.m.a.HttpEntityMethodProcessor - Using 'application/json', given [*/*] and supported [application/json, application/*+json, application/yaml]
2026-02-16 09:41:30 [http-nio-8081-exec-9] DEBUG o.s.w.s.m.m.a.HttpEntityMethodProcessor - Writing [{usersThisMonth=3, usersThisYear=3, usersToday=0, totalUsers=3, usersThisWeek=0}]
2026-02-16 09:41:30 [http-nio-8081-exec-9] DEBUG o.s.web.servlet.DispatcherServlet - Completed 200 OK
2026-02-16 09:41:30 [http-nio-8081-exec-9] DEBUG o.s.s.w.a.AnonymousAuthenticationFilter - Set SecurityContextHolder to anonymous SecurityContext
2026-02-16 09:41:31 [DiscoveryClient-CacheRefreshExecutor-%d] DEBUG o.s.web.client.RestTemplate - HTTP GET http://localhost:8761/eureka/apps/delta
2026-02-16 09:41:31 [DiscoveryClient-HeartbeatExecutor-%d] DEBUG o.s.web.client.RestTemplate - HTTP PUT http://localhost:8761/eureka/apps/AUTH-SERVICE/auth-service:8081?status=UP&lastDirtyTimestamp=1771214310691
2026-02-16 09:41:31 [DiscoveryClient-CacheRefreshExecutor-%d] DEBUG o.s.web.client.RestTemplate - Accept=[application/json, application/yaml, application/*+json]
2026-02-16 09:41:31 [DiscoveryClient-HeartbeatExecutor-%d] DEBUG o.s.web.client.RestTemplate - Accept=[application/json, application/yaml, application/*+json]
2026-02-16 09:41:31 [DiscoveryClient-HeartbeatExecutor-%d] DEBUG o.s.web.client.RestTemplate - Response 200 OK
2026-02-16 09:41:31 [DiscoveryClient-CacheRefreshExecutor-%d] DEBUG o.s.web.client.RestTemplate - Response 200 OK
2026-02-16 09:41:31 [DiscoveryClient-CacheRefreshExecutor-%d] DEBUG o.s.web.client.RestTemplate - Reading to [org.springframework.cloud.netflix.eureka.http.EurekaApplications]
2026-02-16 09:41:58 [http-nio-8081-exec-1] DEBUG o.s.security.web.FilterChainProxy - Securing GET /auth/analytics/user-counts
2026-02-16 09:41:58 [http-nio-8081-exec-1] DEBUG c.m.a.s.JwtAuthenticationFilter - No Authorization header present for request /auth/analytics/user-counts
2026-02-16 09:41:58 [http-nio-8081-exec-1] DEBUG o.s.security.web.FilterChainProxy - Secured GET /auth/analytics/user-counts
2026-02-16 09:41:58 [http-nio-8081-exec-1] DEBUG o.s.web.servlet.DispatcherServlet - GET "/auth/analytics/user-counts", parameters={}
2026-02-16 09:41:58 [http-nio-8081-exec-1] DEBUG o.s.w.s.m.m.a.RequestMappingHandlerMapping - Mapped to com.medicart.auth.controller.AuthAnalyticsController#getUserCounts()
2026-02-16 09:41:58 [http-nio-8081-exec-1] INFO  c.m.a.c.AuthAnalyticsController - GET /auth/analytics/user-counts
2026-02-16 09:41:58 [http-nio-8081-exec-1] DEBUG o.s.w.s.m.m.a.HttpEntityMethodProcessor - Using 'application/json', given [*/*] and supported [application/json, application/*+json, application/yaml]
2026-02-16 09:41:58 [http-nio-8081-exec-1] DEBUG o.s.w.s.m.m.a.HttpEntityMethodProcessor - Writing [{usersThisMonth=3, usersThisYear=3, usersToday=0, totalUsers=3, usersThisWeek=0}]
2026-02-16 09:41:58 [http-nio-8081-exec-1] DEBUG o.s.web.servlet.DispatcherServlet - Completed 200 OK
2026-02-16 09:41:58 [http-nio-8081-exec-1] DEBUG o.s.s.w.a.AnonymousAuthenticationFilter - Set SecurityContextHolder to anonymous SecurityContext
2026-02-16 09:42:01 [DiscoveryClient-CacheRefreshExecutor-%d] DEBUG o.s.web.client.RestTemplate - HTTP GET http://localhost:8761/eureka/apps/delta
2026-02-16 09:42:01 [DiscoveryClient-HeartbeatExecutor-%d] DEBUG o.s.web.client.RestTemplate - HTTP PUT http://localhost:8761/eureka/apps/AUTH-SERVICE/auth-service:8081?status=UP&lastDirtyTimestamp=1771214310691
2026-02-16 09:42:01 [DiscoveryClient-HeartbeatExecutor-%d] DEBUG o.s.web.client.RestTemplate - Accept=[application/json, application/yaml, application/*+json]
2026-02-16 09:42:01 [DiscoveryClient-CacheRefreshExecutor-%d] DEBUG o.s.web.client.RestTemplate - Accept=[application/json, application/yaml, application/*+json]
2026-02-16 09:42:01 [DiscoveryClient-HeartbeatExecutor-%d] DEBUG o.s.web.client.RestTemplate - Response 200 OK
2026-02-16 09:42:01 [DiscoveryClient-CacheRefreshExecutor-%d] DEBUG o.s.web.client.RestTemplate - Response 200 OK
2026-02-16 09:42:01 [DiscoveryClient-CacheRefreshExecutor-%d] DEBUG o.s.web.client.RestTemplate - Reading to [org.springframework.cloud.netflix.eureka.http.EurekaApplications]
2026-02-16 09:42:31 [DiscoveryClient-CacheRefreshExecutor-%d] DEBUG o.s.web.client.RestTemplate - HTTP GET http://localhost:8761/eureka/apps/delta
2026-02-16 09:42:31 [DiscoveryClient-HeartbeatExecutor-%d] DEBUG o.s.web.client.RestTemplate - HTTP PUT http://localhost:8761/eureka/apps/AUTH-SERVICE/auth-service:8081?status=UP&lastDirtyTimestamp=1771214310691
2026-02-16 09:42:31 [DiscoveryClient-HeartbeatExecutor-%d] DEBUG o.s.web.client.RestTemplate - Accept=[application/json, application/yaml, application/*+json]
2026-02-16 09:42:31 [DiscoveryClient-CacheRefreshExecutor-%d] DEBUG o.s.web.client.RestTemplate - Accept=[application/json, application/yaml, application/*+json]
2026-02-16 09:42:31 [DiscoveryClient-HeartbeatExecutor-%d] DEBUG o.s.web.client.RestTemplate - Response 200 OK
2026-02-16 09:42:31 [DiscoveryClient-CacheRefreshExecutor-%d] DEBUG o.s.web.client.RestTemplate - Response 200 OK
2026-02-16 09:42:31 [DiscoveryClient-CacheRefreshExecutor-%d] DEBUG o.s.web.client.RestTemplate - Reading to [org.springframework.cloud.netflix.eureka.http.EurekaApplications]
2026-02-16 09:42:59 [http-nio-8081-exec-2] DEBUG o.s.security.web.FilterChainProxy - Securing GET /auth/analytics/user-counts
2026-02-16 09:42:59 [http-nio-8081-exec-2] DEBUG c.m.a.s.JwtAuthenticationFilter - No Authorization header present for request /auth/analytics/user-counts
2026-02-16 09:42:59 [http-nio-8081-exec-2] DEBUG o.s.security.web.FilterChainProxy - Secured GET /auth/analytics/user-counts
2026-02-16 09:42:59 [http-nio-8081-exec-2] DEBUG o.s.web.servlet.DispatcherServlet - GET "/auth/analytics/user-counts", parameters={}
2026-02-16 09:42:59 [http-nio-8081-exec-2] DEBUG o.s.w.s.m.m.a.RequestMappingHandlerMapping - Mapped to com.medicart.auth.controller.AuthAnalyticsController#getUserCounts()
2026-02-16 09:42:59 [http-nio-8081-exec-2] INFO  c.m.a.c.AuthAnalyticsController - GET /auth/analytics/user-counts
2026-02-16 09:42:59 [http-nio-8081-exec-2] DEBUG o.s.w.s.m.m.a.HttpEntityMethodProcessor - Using 'application/json', given [*/*] and supported [application/json, application/*+json, application/yaml]
2026-02-16 09:42:59 [http-nio-8081-exec-2] DEBUG o.s.w.s.m.m.a.HttpEntityMethodProcessor - Writing [{usersThisMonth=3, usersThisYear=3, usersToday=0, totalUsers=3, usersThisWeek=0}]
2026-02-16 09:42:59 [http-nio-8081-exec-2] DEBUG o.s.web.servlet.DispatcherServlet - Completed 200 OK
2026-02-16 09:42:59 [http-nio-8081-exec-2] DEBUG o.s.s.w.a.AnonymousAuthenticationFilter - Set SecurityContextHolder to anonymous SecurityContext
2026-02-16 09:43:01 [DiscoveryClient-HeartbeatExecutor-%d] DEBUG o.s.web.client.RestTemplate - HTTP PUT http://localhost:8761/eureka/apps/AUTH-SERVICE/auth-service:8081?status=UP&lastDirtyTimestamp=1771214310691
2026-02-16 09:43:01 [DiscoveryClient-HeartbeatExecutor-%d] DEBUG o.s.web.client.RestTemplate - Accept=[application/json, application/yaml, application/*+json]
2026-02-16 09:43:01 [DiscoveryClient-HeartbeatExecutor-%d] DEBUG o.s.web.client.RestTemplate - Response 200 OK
2026-02-16 09:43:01 [DiscoveryClient-CacheRefreshExecutor-%d] DEBUG o.s.web.client.RestTemplate - HTTP GET http://localhost:8761/eureka/apps/delta
2026-02-16 09:43:01 [DiscoveryClient-CacheRefreshExecutor-%d] DEBUG o.s.web.client.RestTemplate - Accept=[application/json, application/yaml, application/*+json]
2026-02-16 09:43:01 [DiscoveryClient-CacheRefreshExecutor-%d] DEBUG o.s.web.client.RestTemplate - Response 200 OK
2026-02-16 09:43:01 [DiscoveryClient-CacheRefreshExecutor-%d] DEBUG o.s.web.client.RestTemplate - Reading to [org.springframework.cloud.netflix.eureka.http.EurekaApplications]
2026-02-16 09:43:29 [AsyncResolver-bootstrap-executor-%d] INFO  c.n.d.s.r.aws.ConfigClusterResolver - Resolving eureka endpoints via configuration
2026-02-16 09:43:31 [DiscoveryClient-HeartbeatExecutor-%d] DEBUG o.s.web.client.RestTemplate - HTTP PUT http://localhost:8761/eureka/apps/AUTH-SERVICE/auth-service:8081?status=UP&lastDirtyTimestamp=1771214310691
2026-02-16 09:43:31 [DiscoveryClient-HeartbeatExecutor-%d] DEBUG o.s.web.client.RestTemplate - Accept=[application/json, application/yaml, application/*+json]
2026-02-16 09:43:31 [DiscoveryClient-CacheRefreshExecutor-%d] DEBUG o.s.web.client.RestTemplate - HTTP GET http://localhost:8761/eureka/apps/delta
2026-02-16 09:43:31 [DiscoveryClient-CacheRefreshExecutor-%d] DEBUG o.s.web.client.RestTemplate - Accept=[application/json, application/yaml, application/*+json]
2026-02-16 09:43:31 [DiscoveryClient-HeartbeatExecutor-%d] DEBUG o.s.web.client.RestTemplate - Response 200 OK
2026-02-16 09:43:31 [DiscoveryClient-CacheRefreshExecutor-%d] DEBUG o.s.web.client.RestTemplate - Response 200 OK
2026-02-16 09:43:31 [DiscoveryClient-CacheRefreshExecutor-%d] DEBUG o.s.web.client.RestTemplate - Reading to [org.springframework.cloud.netflix.eureka.http.EurekaApplications]
2026-02-16 09:44:00 [http-nio-8081-exec-3] DEBUG o.s.security.web.FilterChainProxy - Securing GET /auth/analytics/user-counts
2026-02-16 09:44:00 [http-nio-8081-exec-3] DEBUG c.m.a.s.JwtAuthenticationFilter - No Authorization header present for request /auth/analytics/user-counts
2026-02-16 09:44:00 [http-nio-8081-exec-3] DEBUG o.s.security.web.FilterChainProxy - Secured GET /auth/analytics/user-counts
2026-02-16 09:44:00 [http-nio-8081-exec-3] DEBUG o.s.web.servlet.DispatcherServlet - GET "/auth/analytics/user-counts", parameters={}
2026-02-16 09:44:00 [http-nio-8081-exec-3] DEBUG o.s.w.s.m.m.a.RequestMappingHandlerMapping - Mapped to com.medicart.auth.controller.AuthAnalyticsController#getUserCounts()
2026-02-16 09:44:00 [http-nio-8081-exec-3] INFO  c.m.a.c.AuthAnalyticsController - GET /auth/analytics/user-counts
2026-02-16 09:44:00 [http-nio-8081-exec-3] DEBUG o.s.w.s.m.m.a.HttpEntityMethodProcessor - Using 'application/json', given [*/*] and supported [application/json, application/*+json, application/yaml]
2026-02-16 09:44:00 [http-nio-8081-exec-3] DEBUG o.s.w.s.m.m.a.HttpEntityMethodProcessor - Writing [{usersThisMonth=3, usersThisYear=3, usersToday=0, totalUsers=3, usersThisWeek=0}]
2026-02-16 09:44:00 [http-nio-8081-exec-3] DEBUG o.s.web.servlet.DispatcherServlet - Completed 200 OK
2026-02-16 09:44:00 [http-nio-8081-exec-3] DEBUG o.s.s.w.a.AnonymousAuthenticationFilter - Set SecurityContextHolder to anonymous SecurityContext
2026-02-16 09:44:01 [DiscoveryClient-HeartbeatExecutor-%d] DEBUG o.s.web.client.RestTemplate - HTTP PUT http://localhost:8761/eureka/apps/AUTH-SERVICE/auth-service:8081?status=UP&lastDirtyTimestamp=1771214310691
2026-02-16 09:44:01 [DiscoveryClient-HeartbeatExecutor-%d] DEBUG o.s.web.client.RestTemplate - Accept=[application/json, application/yaml, application/*+json]
2026-02-16 09:44:01 [DiscoveryClient-CacheRefreshExecutor-%d] DEBUG o.s.web.client.RestTemplate - HTTP GET http://localhost:8761/eureka/apps/delta
2026-02-16 09:44:01 [DiscoveryClient-HeartbeatExecutor-%d] DEBUG o.s.web.client.RestTemplate - Response 200 OK
2026-02-16 09:44:01 [DiscoveryClient-CacheRefreshExecutor-%d] DEBUG o.s.web.client.RestTemplate - Accept=[application/json, application/yaml, application/*+json]
2026-02-16 09:44:01 [DiscoveryClient-CacheRefreshExecutor-%d] DEBUG o.s.web.client.RestTemplate - Response 200 OK
2026-02-16 09:44:01 [DiscoveryClient-CacheRefreshExecutor-%d] DEBUG o.s.web.client.RestTemplate - Reading to [org.springframework.cloud.netflix.eureka.http.EurekaApplications]
2026-02-16 09:44:31 [DiscoveryClient-HeartbeatExecutor-%d] DEBUG o.s.web.client.RestTemplate - HTTP PUT http://localhost:8761/eureka/apps/AUTH-SERVICE/auth-service:8081?status=UP&lastDirtyTimestamp=1771214310691
2026-02-16 09:44:31 [DiscoveryClient-CacheRefreshExecutor-%d] DEBUG o.s.web.client.RestTemplate - HTTP GET http://localhost:8761/eureka/apps/delta
2026-02-16 09:44:31 [DiscoveryClient-CacheRefreshExecutor-%d] DEBUG o.s.web.client.RestTemplate - Accept=[application/json, application/yaml, application/*+json]
2026-02-16 09:44:31 [DiscoveryClient-HeartbeatExecutor-%d] DEBUG o.s.web.client.RestTemplate - Accept=[application/json, application/yaml, application/*+json]
2026-02-16 09:44:31 [DiscoveryClient-CacheRefreshExecutor-%d] DEBUG o.s.web.client.RestTemplate - Response 200 OK
2026-02-16 09:44:31 [DiscoveryClient-HeartbeatExecutor-%d] DEBUG o.s.web.client.RestTemplate - Response 200 OK
2026-02-16 09:44:31 [DiscoveryClient-CacheRefreshExecutor-%d] DEBUG o.s.web.client.RestTemplate - Reading to [org.springframework.cloud.netflix.eureka.http.EurekaApplications]
2026-02-16 09:45:01 [http-nio-8081-exec-4] DEBUG o.s.security.web.FilterChainProxy - Securing GET /auth/analytics/user-counts
2026-02-16 09:45:01 [http-nio-8081-exec-4] DEBUG c.m.a.s.JwtAuthenticationFilter - No Authorization header present for request /auth/analytics/user-counts
2026-02-16 09:45:01 [http-nio-8081-exec-4] DEBUG o.s.security.web.FilterChainProxy - Secured GET /auth/analytics/user-counts
2026-02-16 09:45:01 [http-nio-8081-exec-4] DEBUG o.s.web.servlet.DispatcherServlet - GET "/auth/analytics/user-counts", parameters={}
2026-02-16 09:45:01 [http-nio-8081-exec-4] DEBUG o.s.w.s.m.m.a.RequestMappingHandlerMapping - Mapped to com.medicart.auth.controller.AuthAnalyticsController#getUserCounts()
2026-02-16 09:45:01 [http-nio-8081-exec-4] INFO  c.m.a.c.AuthAnalyticsController - GET /auth/analytics/user-counts
2026-02-16 09:45:01 [http-nio-8081-exec-4] DEBUG o.s.w.s.m.m.a.HttpEntityMethodProcessor - Using 'application/json', given [*/*] and supported [application/json, application/*+json, application/yaml]
2026-02-16 09:45:01 [http-nio-8081-exec-4] DEBUG o.s.w.s.m.m.a.HttpEntityMethodProcessor - Writing [{usersThisMonth=3, usersThisYear=3, usersToday=0, totalUsers=3, usersThisWeek=0}]
2026-02-16 09:45:01 [http-nio-8081-exec-4] DEBUG o.s.web.servlet.DispatcherServlet - Completed 200 OK
2026-02-16 09:45:01 [http-nio-8081-exec-4] DEBUG o.s.s.w.a.AnonymousAuthenticationFilter - Set SecurityContextHolder to anonymous SecurityContext
2026-02-16 09:45:01 [DiscoveryClient-HeartbeatExecutor-%d] DEBUG o.s.web.client.RestTemplate - HTTP PUT http://localhost:8761/eureka/apps/AUTH-SERVICE/auth-service:8081?status=UP&lastDirtyTimestamp=1771214310691
2026-02-16 09:45:01 [DiscoveryClient-HeartbeatExecutor-%d] DEBUG o.s.web.client.RestTemplate - Accept=[application/json, application/yaml, application/*+json]
2026-02-16 09:45:01 [DiscoveryClient-CacheRefreshExecutor-%d] DEBUG o.s.web.client.RestTemplate - HTTP GET http://localhost:8761/eureka/apps/delta
2026-02-16 09:45:01 [DiscoveryClient-CacheRefreshExecutor-%d] DEBUG o.s.web.client.RestTemplate - Accept=[application/json, application/yaml, application/*+json]
2026-02-16 09:45:01 [DiscoveryClient-HeartbeatExecutor-%d] DEBUG o.s.web.client.RestTemplate - Response 200 OK
2026-02-16 09:45:01 [DiscoveryClient-CacheRefreshExecutor-%d] DEBUG o.s.web.client.RestTemplate - Response 200 OK
2026-02-16 09:45:01 [DiscoveryClient-CacheRefreshExecutor-%d] DEBUG o.s.web.client.RestTemplate - Reading to [org.springframework.cloud.netflix.eureka.http.EurekaApplications]
2026-02-16 09:45:31 [DiscoveryClient-HeartbeatExecutor-%d] DEBUG o.s.web.client.RestTemplate - HTTP PUT http://localhost:8761/eureka/apps/AUTH-SERVICE/auth-service:8081?status=UP&lastDirtyTimestamp=1771214310691
2026-02-16 09:45:31 [DiscoveryClient-HeartbeatExecutor-%d] DEBUG o.s.web.client.RestTemplate - Accept=[application/json, application/yaml, application/*+json]
2026-02-16 09:45:31 [DiscoveryClient-CacheRefreshExecutor-%d] DEBUG o.s.web.client.RestTemplate - HTTP GET http://localhost:8761/eureka/apps/delta
2026-02-16 09:45:31 [DiscoveryClient-HeartbeatExecutor-%d] DEBUG o.s.web.client.RestTemplate - Response 200 OK
2026-02-16 09:45:31 [DiscoveryClient-CacheRefreshExecutor-%d] DEBUG o.s.web.client.RestTemplate - Accept=[application/json, application/yaml, application/*+json]
2026-02-16 09:45:31 [DiscoveryClient-CacheRefreshExecutor-%d] DEBUG o.s.web.client.RestTemplate - Response 200 OK
2026-02-16 09:45:31 [DiscoveryClient-CacheRefreshExecutor-%d] DEBUG o.s.web.client.RestTemplate - Reading to [org.springframework.cloud.netflix.eureka.http.EurekaApplications]
2026-02-16 09:46:01 [DiscoveryClient-HeartbeatExecutor-%d] DEBUG o.s.web.client.RestTemplate - HTTP PUT http://localhost:8761/eureka/apps/AUTH-SERVICE/auth-service:8081?status=UP&lastDirtyTimestamp=1771214310691
2026-02-16 09:46:01 [DiscoveryClient-HeartbeatExecutor-%d] DEBUG o.s.web.client.RestTemplate - Accept=[application/json, application/yaml, application/*+json]
2026-02-16 09:46:01 [DiscoveryClient-CacheRefreshExecutor-%d] DEBUG o.s.web.client.RestTemplate - HTTP GET http://localhost:8761/eureka/apps/delta
2026-02-16 09:46:01 [DiscoveryClient-CacheRefreshExecutor-%d] DEBUG o.s.web.client.RestTemplate - Accept=[application/json, application/yaml, application/*+json]
2026-02-16 09:46:01 [DiscoveryClient-HeartbeatExecutor-%d] DEBUG o.s.web.client.RestTemplate - Response 200 OK
2026-02-16 09:46:01 [DiscoveryClient-CacheRefreshExecutor-%d] DEBUG o.s.web.client.RestTemplate - Response 200 OK
2026-02-16 09:46:01 [DiscoveryClient-CacheRefreshExecutor-%d] DEBUG o.s.web.client.RestTemplate - Reading to [org.springframework.cloud.netflix.eureka.http.EurekaApplications]
2026-02-16 09:46:02 [http-nio-8081-exec-5] DEBUG o.s.security.web.FilterChainProxy - Securing GET /auth/analytics/user-counts
2026-02-16 09:46:02 [http-nio-8081-exec-5] DEBUG c.m.a.s.JwtAuthenticationFilter - No Authorization header present for request /auth/analytics/user-counts
2026-02-16 09:46:02 [http-nio-8081-exec-5] DEBUG o.s.security.web.FilterChainProxy - Secured GET /auth/analytics/user-counts
2026-02-16 09:46:02 [http-nio-8081-exec-5] DEBUG o.s.web.servlet.DispatcherServlet - GET "/auth/analytics/user-counts", parameters={}
2026-02-16 09:46:02 [http-nio-8081-exec-5] DEBUG o.s.w.s.m.m.a.RequestMappingHandlerMapping - Mapped to com.medicart.auth.controller.AuthAnalyticsController#getUserCounts()
2026-02-16 09:46:02 [http-nio-8081-exec-5] INFO  c.m.a.c.AuthAnalyticsController - GET /auth/analytics/user-counts
2026-02-16 09:46:02 [http-nio-8081-exec-5] DEBUG o.s.w.s.m.m.a.HttpEntityMethodProcessor - Using 'application/json', given [*/*] and supported [application/json, application/*+json, application/yaml]
2026-02-16 09:46:02 [http-nio-8081-exec-5] DEBUG o.s.w.s.m.m.a.HttpEntityMethodProcessor - Writing [{usersThisMonth=3, usersThisYear=3, usersToday=0, totalUsers=3, usersThisWeek=0}]
2026-02-16 09:46:02 [http-nio-8081-exec-5] DEBUG o.s.web.servlet.DispatcherServlet - Completed 200 OK
2026-02-16 09:46:02 [http-nio-8081-exec-5] DEBUG o.s.s.w.a.AnonymousAuthenticationFilter - Set SecurityContextHolder to anonymous SecurityContext
2026-02-16 09:46:31 [DiscoveryClient-HeartbeatExecutor-%d] DEBUG o.s.web.client.RestTemplate - HTTP PUT http://localhost:8761/eureka/apps/AUTH-SERVICE/auth-service:8081?status=UP&lastDirtyTimestamp=1771214310691
2026-02-16 09:46:31 [DiscoveryClient-HeartbeatExecutor-%d] DEBUG o.s.web.client.RestTemplate - Accept=[application/json, application/yaml, application/*+json]
2026-02-16 09:46:31 [DiscoveryClient-CacheRefreshExecutor-%d] DEBUG o.s.web.client.RestTemplate - HTTP GET http://localhost:8761/eureka/apps/delta
2026-02-16 09:46:31 [DiscoveryClient-CacheRefreshExecutor-%d] DEBUG o.s.web.client.RestTemplate - Accept=[application/json, application/yaml, application/*+json]
2026-02-16 09:46:31 [DiscoveryClient-HeartbeatExecutor-%d] DEBUG o.s.web.client.RestTemplate - Response 200 OK
2026-02-16 09:46:31 [DiscoveryClient-CacheRefreshExecutor-%d] DEBUG o.s.web.client.RestTemplate - Response 200 OK
2026-02-16 09:46:31 [DiscoveryClient-CacheRefreshExecutor-%d] DEBUG o.s.web.client.RestTemplate - Reading to [org.springframework.cloud.netflix.eureka.http.EurekaApplications]
2026-02-16 09:47:01 [DiscoveryClient-HeartbeatExecutor-%d] DEBUG o.s.web.client.RestTemplate - HTTP PUT http://localhost:8761/eureka/apps/AUTH-SERVICE/auth-service:8081?status=UP&lastDirtyTimestamp=1771214310691
2026-02-16 09:47:01 [DiscoveryClient-HeartbeatExecutor-%d] DEBUG o.s.web.client.RestTemplate - Accept=[application/json, application/yaml, application/*+json]
2026-02-16 09:47:01 [DiscoveryClient-HeartbeatExecutor-%d] DEBUG o.s.web.client.RestTemplate - Response 200 OK
2026-02-16 09:47:01 [DiscoveryClient-CacheRefreshExecutor-%d] DEBUG o.s.web.client.RestTemplate - HTTP GET http://localhost:8761/eureka/apps/delta
2026-02-16 09:47:01 [DiscoveryClient-CacheRefreshExecutor-%d] DEBUG o.s.web.client.RestTemplate - Accept=[application/json, application/yaml, application/*+json]
2026-02-16 09:47:01 [DiscoveryClient-CacheRefreshExecutor-%d] DEBUG o.s.web.client.RestTemplate - Response 200 OK
2026-02-16 09:47:01 [DiscoveryClient-CacheRefreshExecutor-%d] DEBUG o.s.web.client.RestTemplate - Reading to [org.springframework.cloud.netflix.eureka.http.EurekaApplications]
2026-02-16 09:47:03 [http-nio-8081-exec-6] DEBUG o.s.security.web.FilterChainProxy - Securing GET /auth/analytics/user-counts
2026-02-16 09:47:03 [http-nio-8081-exec-6] DEBUG c.m.a.s.JwtAuthenticationFilter - No Authorization header present for request /auth/analytics/user-counts
2026-02-16 09:47:03 [http-nio-8081-exec-6] DEBUG o.s.security.web.FilterChainProxy - Secured GET /auth/analytics/user-counts
2026-02-16 09:47:03 [http-nio-8081-exec-6] DEBUG o.s.web.servlet.DispatcherServlet - GET "/auth/analytics/user-counts", parameters={}
2026-02-16 09:47:03 [http-nio-8081-exec-6] DEBUG o.s.w.s.m.m.a.RequestMappingHandlerMapping - Mapped to com.medicart.auth.controller.AuthAnalyticsController#getUserCounts()
2026-02-16 09:47:03 [http-nio-8081-exec-6] INFO  c.m.a.c.AuthAnalyticsController - GET /auth/analytics/user-counts
2026-02-16 09:47:03 [http-nio-8081-exec-6] DEBUG o.s.w.s.m.m.a.HttpEntityMethodProcessor - Using 'application/json', given [*/*] and supported [application/json, application/*+json, application/yaml]
2026-02-16 09:47:03 [http-nio-8081-exec-6] DEBUG o.s.w.s.m.m.a.HttpEntityMethodProcessor - Writing [{usersThisMonth=3, usersThisYear=3, usersToday=0, totalUsers=3, usersThisWeek=0}]
2026-02-16 09:47:03 [http-nio-8081-exec-6] DEBUG o.s.web.servlet.DispatcherServlet - Completed 200 OK
2026-02-16 09:47:03 [http-nio-8081-exec-6] DEBUG o.s.s.w.a.AnonymousAuthenticationFilter - Set SecurityContextHolder to anonymous SecurityContext
2026-02-16 09:47:31 [DiscoveryClient-HeartbeatExecutor-%d] DEBUG o.s.web.client.RestTemplate - HTTP PUT http://localhost:8761/eureka/apps/AUTH-SERVICE/auth-service:8081?status=UP&lastDirtyTimestamp=1771214310691
2026-02-16 09:47:31 [DiscoveryClient-HeartbeatExecutor-%d] DEBUG o.s.web.client.RestTemplate - Accept=[application/json, application/yaml, application/*+json]
2026-02-16 09:47:31 [DiscoveryClient-CacheRefreshExecutor-%d] DEBUG o.s.web.client.RestTemplate - HTTP GET http://localhost:8761/eureka/apps/delta
2026-02-16 09:47:31 [DiscoveryClient-CacheRefreshExecutor-%d] DEBUG o.s.web.client.RestTemplate - Accept=[application/json, application/yaml, application/*+json]
2026-02-16 09:47:31 [DiscoveryClient-HeartbeatExecutor-%d] DEBUG o.s.web.client.RestTemplate - Response 200 OK
2026-02-16 09:47:31 [DiscoveryClient-CacheRefreshExecutor-%d] DEBUG o.s.web.client.RestTemplate - Response 200 OK
2026-02-16 09:47:31 [DiscoveryClient-CacheRefreshExecutor-%d] DEBUG o.s.web.client.RestTemplate - Reading to [org.springframework.cloud.netflix.eureka.http.EurekaApplications]
2026-02-16 09:48:01 [DiscoveryClient-CacheRefreshExecutor-%d] DEBUG o.s.web.client.RestTemplate - HTTP GET http://localhost:8761/eureka/apps/delta
2026-02-16 09:48:01 [DiscoveryClient-HeartbeatExecutor-%d] DEBUG o.s.web.client.RestTemplate - HTTP PUT http://localhost:8761/eureka/apps/AUTH-SERVICE/auth-service:8081?status=UP&lastDirtyTimestamp=1771214310691
2026-02-16 09:48:01 [DiscoveryClient-CacheRefreshExecutor-%d] DEBUG o.s.web.client.RestTemplate - Accept=[application/json, application/yaml, application/*+json]
2026-02-16 09:48:01 [DiscoveryClient-CacheRefreshExecutor-%d] DEBUG o.s.web.client.RestTemplate - Response 200 OK
2026-02-16 09:48:01 [DiscoveryClient-CacheRefreshExecutor-%d] DEBUG o.s.web.client.RestTemplate - Reading to [org.springframework.cloud.netflix.eureka.http.EurekaApplications]
2026-02-16 09:48:01 [DiscoveryClient-HeartbeatExecutor-%d] DEBUG o.s.web.client.RestTemplate - Accept=[application/json, application/yaml, application/*+json]
2026-02-16 09:48:01 [DiscoveryClient-HeartbeatExecutor-%d] DEBUG o.s.web.client.RestTemplate - Response 200 OK
2026-02-16 09:48:04 [http-nio-8081-exec-7] DEBUG o.s.security.web.FilterChainProxy - Securing GET /auth/analytics/user-counts
2026-02-16 09:48:04 [http-nio-8081-exec-7] DEBUG c.m.a.s.JwtAuthenticationFilter - No Authorization header present for request /auth/analytics/user-counts
2026-02-16 09:48:04 [http-nio-8081-exec-7] DEBUG o.s.security.web.FilterChainProxy - Secured GET /auth/analytics/user-counts
2026-02-16 09:48:04 [http-nio-8081-exec-7] DEBUG o.s.web.servlet.DispatcherServlet - GET "/auth/analytics/user-counts", parameters={}
2026-02-16 09:48:04 [http-nio-8081-exec-7] DEBUG o.s.w.s.m.m.a.RequestMappingHandlerMapping - Mapped to com.medicart.auth.controller.AuthAnalyticsController#getUserCounts()
2026-02-16 09:48:04 [http-nio-8081-exec-7] INFO  c.m.a.c.AuthAnalyticsController - GET /auth/analytics/user-counts
2026-02-16 09:48:04 [http-nio-8081-exec-7] DEBUG o.s.w.s.m.m.a.HttpEntityMethodProcessor - Using 'application/json', given [*/*] and supported [application/json, application/*+json, application/yaml]
2026-02-16 09:48:04 [http-nio-8081-exec-7] DEBUG o.s.w.s.m.m.a.HttpEntityMethodProcessor - Writing [{usersThisMonth=3, usersThisYear=3, usersToday=0, totalUsers=3, usersThisWeek=0}]
2026-02-16 09:48:04 [http-nio-8081-exec-7] DEBUG o.s.web.servlet.DispatcherServlet - Completed 200 OK
2026-02-16 09:48:04 [http-nio-8081-exec-7] DEBUG o.s.s.w.a.AnonymousAuthenticationFilter - Set SecurityContextHolder to anonymous SecurityContext
